games	pgn
8	Nc3 Nf6 e4 e5
12	Nc3 c5 Nf3
8	Nc3 d5 d4 Nf6 Bf4
8	Nc3 d5 e4 dxe4 Nxe4 Nf6 Nxf6+
10	Nc3 e5 Nf3 Nc6 d4 exd4 Nxd4 Nf6
10	Nf3 Nc6 d4
10	Nf3 Nf6 b3 b6 Bb2 Bb7 g3
8	Nf3 Nf6 b3 c5 Bb2 Nc6 e3 g6
8	Nf3 Nf6 b3 d5 Bb2 Bf5 g3 e6
10	Nf3 Nf6 b3 d5 Bb2 Bg4
9	Nf3 Nf6 b3 d5 Bb2 c5 e3
11	Nf3 Nf6 b3 d5 Bb2 e6 e3
8	Nf3 Nf6 b3 d6
14	Nf3 Nf6 b3 e6 Bb2
11	Nf3 Nf6 b3 g6 Bb2 Bg7 c4
9	Nf3 Nf6 b3 g6 Bb2 Bg7 d4 O-O e3 b6 Be2 Bb7 O-O
9	Nf3 Nf6 b3 g6 Bb2 Bg7 d4 O-O e3 d6 Be2
10	Nf3 Nf6 b3 g6 Bb2 Bg7 e3 O-O d4 d6 Be2
9	Nf3 Nf6 b3 g6 Bb2 Bg7 g3 O-O Bg2 d5 c4
12	Nf3 Nf6 b3 g6 Bb2 Bg7 g3 O-O Bg2 d6 d4
9	Nf3 Nf6 b3 g6 Bb2 Bg7 g3 b6 Bg2 Bb7 O-O O-O c4 c5
12	Nf3 Nf6 b3 g6 Bb2 Bg7 g3 d6
10	Nf3 Nf6 b3 g6 d4 Bg7 Bb2 O-O e3
8	Nf3 Nf6 c4 Nc6 d4 e6
8	Nf3 Nf6 c4 b6 Nc3 Bb7 d4 e6 Bg5
9	Nf3 Nf6 c4 b6 Nc3 Bb7 d4 e6 a3 d5 Bg5 Be7
16	Nf3 Nf6 c4 b6 Nc3 Bb7 d4 e6 a3 d5 cxd5 Nxd5
9	Nf3 Nf6 c4 b6 d4 Bb7 Nc3
8	Nf3 Nf6 c4 b6 d4 Bb7 g3 g6 Bg2 Bg7 O-O O-O
8	Nf3 Nf6 c4 b6 d4 e6 a3 Bb7 Nc3 d5 cxd5 Nxd5
10	Nf3 Nf6 c4 b6 d4 e6 g3 Ba6 b3 Bb4+ Bd2 Be7 Bg2
12	Nf3 Nf6 c4 b6 d4 e6 g3 Bb7 Bg2
8	Nf3 Nf6 c4 b6 g3 Bb7 Bg2 c5 O-O g6 Nc3 Bg7 d4
8	Nf3 Nf6 c4 b6 g3 Bb7 Bg2 c5 O-O g6 b3 Bg7 Bb2 O-O
8	Nf3 Nf6 c4 b6 g3 Bb7 Bg2 e6 O-O Be7 Nc3 O-O Re1 d5 cxd5 Nxd5 e4 Nxc3 bxc3
13	Nf3 Nf6 c4 b6 g3 Bb7 Bg2 e6 O-O Be7 Nc3 O-O Re1 d5 cxd5 exd5 d4
9	Nf3 Nf6 c4 b6 g3 Bb7 Bg2 e6 O-O Be7 Nc3 O-O d4 Ne4
12	Nf3 Nf6 c4 b6 g3 Bb7 Bg2 e6 O-O Be7 d4 O-O Nc3 Ne4
9	Nf3 Nf6 c4 b6 g3 Bb7 Bg2 g6 O-O Bg7 d4 O-O
8	Nf3 Nf6 c4 b6 g3 Bb7 Bg2 g6 d4 Bg7 O-O
9	Nf3 Nf6 c4 b6 g3 Bb7 d4
8	Nf3 Nf6 c4 b6 g3 c5 Bg2 Bb7 O-O e6 Nc3 Be7 d4 cxd4 Qxd4
10	Nf3 Nf6 c4 b6 g3 c5 Bg2 Bb7 O-O g6 Nc3 Bg7 d4 cxd4 Qxd4 d6 Be3 Nbd7 Rac1 Rc8 b3
8	Nf3 Nf6 c4 b6 g3 c5 Bg2 Bb7 O-O g6 Nc3 Bg7 d4 cxd4 Qxd4 d6 Rd1 Nbd7 Be3 Rc8 Rac1
13	Nf3 Nf6 c4 b6 g3 c5 Bg2 Bb7 O-O g6 b3 Bg7 Bb2 O-O Nc3
9	Nf3 Nf6 c4 b6 g3 c5 Bg2 Bb7 O-O g6 d4 cxd4 Qxd4 Bg7 Nc3 d6 Rd1 Nbd7 Be3 Rc8 Rac1
8	Nf3 Nf6 c4 b6 g3 e6 Bg2 Bb7 O-O Be7
8	Nf3 Nf6 c4 c5 Nc3 Nc6 d4 cxd4 Nxd4 Qb6
8	Nf3 Nf6 c4 c5 Nc3 Nc6 d4 cxd4 Nxd4 e6 a3 Be7 e4 O-O
10	Nf3 Nf6 c4 c5 Nc3 Nc6 d4 cxd4 Nxd4 e6 g3 Qb6 Nb3
11	Nf3 Nf6 c4 c5 Nc3 Nc6 d4 cxd4 Nxd4 e6 g3 Qb6 Ndb5 Ne5
9	Nf3 Nf6 c4 c5 Nc3 Nc6 e3 e6 d4 d5 a3
8	Nf3 Nf6 c4 c5 Nc3 Nc6 e3 e6 d4 d5 cxd5 exd5 Bb5 cxd4
11	Nf3 Nf6 c4 c5 Nc3 Nc6 g3 d5 cxd5 Nxd5 Bg2 Nc7
12	Nf3 Nf6 c4 c5 Nc3 Nc6 g3 d5 cxd5 Nxd5 Bg2 g6
8	Nf3 Nf6 c4 c5 Nc3 Nc6 g3 d5 d4 cxd4 Nxd4 dxc4 Nxc6 Qxd1+ Nxd1 bxc6 Bg2 Nd5 Ne3 e6 Nxc4 Ba6
12	Nf3 Nf6 c4 c5 Nc3 Nc6 g3 d5 d4 e6 cxd5 Nxd5 Bg2 cxd4 Nxd4 Nxc3 bxc3 Nxd4 Qxd4 Qxd4 cxd4
11	Nf3 Nf6 c4 c5 Nc3 Nc6 g3 g6 Bg2 Bg7 O-O O-O d4 cxd4 Nxd4
9	Nf3 Nf6 c4 c5 Nc3 Nc6 g3 g6 Bg2 Bg7 d4 cxd4 Nxd4 O-O O-O
9	Nf3 Nf6 c4 c5 Nc3 Nc6 g3 g6 Bg2 d6
8	Nf3 Nf6 c4 c5 Nc3 Nc6 g3 g6 d4 cxd4 Nxd4
11	Nf3 Nf6 c4 c5 Nc3 b6
8	Nf3 Nf6 c4 c5 Nc3 d5 cxd5 Nxd5 d4 Nxc3 bxc3 g6 e3 Bg7 Bd3 O-O O-O
8	Nf3 Nf6 c4 c5 Nc3 d5 cxd5 Nxd5 d4 Nxc3 bxc3 g6 e4 Bg7
15	Nf3 Nf6 c4 c5 Nc3 d5 cxd5 Nxd5 e3 Nxc3 bxc3 g6
10	Nf3 Nf6 c4 c5 Nc3 d5 cxd5 Nxd5 e3 Nxc3 dxc3 Qc7 e4
10	Nf3 Nf6 c4 c5 Nc3 d5 cxd5 Nxd5 e3 e6 Bc4 Be7 O-O O-O
8	Nf3 Nf6 c4 c5 Nc3 d5 cxd5 Nxd5 e3 e6 Nxd5
8	Nf3 Nf6 c4 c5 Nc3 d5 cxd5 Nxd5 e4 Nb4 Bc4 Nd3+ Ke2 Nf4+ Kf1 Nd3
12	Nf3 Nf6 c4 c5 Nc3 d5 cxd5 Nxd5 e4 Nb4 Bc4 Nd3+ Ke2 Nf4+ Kf1 Ne6
11	Nf3 Nf6 c4 c5 Nc3 d5 cxd5 Nxd5 g3 Nc6 Bg2 Nc7
8	Nf3 Nf6 c4 c5 Nc3 e6 e3 d5
15	Nf3 Nf6 c4 c5 Nc3 e6 g3 b6 Bg2 Bb7 O-O Be7 Re1
8	Nf3 Nf6 c4 c5 Nc3 e6 g3 b6 Bg2 Bb7 O-O Be7 d4 cxd4 Qxd4 d6 Bg5
8	Nf3 Nf6 c4 c5 Nc3 e6 g3 d5 cxd5
14	Nf3 Nf6 c4 c5 Nc3 g6
12	Nf3 Nf6 c4 c5 b3 g6 Bb2 Bg7 g3
11	Nf3 Nf6 c4 c5 d4 cxd4 Nxd4 Nc6 Nc3 e6
11	Nf3 Nf6 c4 c5 d4 cxd4 Nxd4 e6 g3
9	Nf3 Nf6 c4 c5 g3 Nc6 Bg2 d5 cxd5 Nxd5 Nc3
13	Nf3 Nf6 c4 c5 g3 b6 Bg2 Bb7 O-O e6 Nc3 Be7
8	Nf3 Nf6 c4 c5 g3 b6 Bg2 Bb7 O-O g6 b3 Bg7 Bb2 O-O
12	Nf3 Nf6 c4 c5 g3 d5 cxd5 Nxd5 Bg2 Nc6 Nc3
12	Nf3 Nf6 c4 c5 g3 d5 cxd5 Nxd5 Bg2 Nc6 d4
12	Nf3 Nf6 c4 c5 g3 g6 Bg2 Bg7
11	Nf3 Nf6 c4 c6 Nc3 d5 d4 a6
8	Nf3 Nf6 c4 c6 Nc3 d5 d4 dxc4 a4 Bf5
10	Nf3 Nf6 c4 c6 Nc3 d5 d4 e6
8	Nf3 Nf6 c4 c6 Nc3 d5 e3 a6 d4
10	Nf3 Nf6 c4 c6 Nc3 d5 e3 e6 b3
11	Nf3 Nf6 c4 c6 Nc3 d5 e3 g6 d4 Bg7 Be2 O-O O-O
13	Nf3 Nf6 c4 c6 d4 d5 Nc3 a6
10	Nf3 Nf6 c4 c6 d4 d5 Nc3 dxc4 a4 Bf5
10	Nf3 Nf6 c4 c6 d4 d5 Qb3
11	Nf3 Nf6 c4 c6 d4 d5 e3 Bf5 Nc3 e6 Nh4
14	Nf3 Nf6 c4 c6 d4 d5 e3 Bg4
11	Nf3 Nf6 c4 c6 d4 d5 e3 a6
8	Nf3 Nf6 c4 c6 e3
16	Nf3 Nf6 c4 c6 g3 d5 Bg2
10	Nf3 Nf6 c4 d6 Nc3
8	Nf3 Nf6 c4 d6 d4 g6 Nc3
10	Nf3 Nf6 c4 d6 d4 g6 g3 Bg7 Bg2
8	Nf3 Nf6 c4 e6 Nc3 Bb4 Qb3 c5 g3 Nc6
9	Nf3 Nf6 c4 e6 Nc3 Bb4 Qc2 O-O a3 Bxc3 Qxc3 b6 b4 Bb7 Bb2 d6
8	Nf3 Nf6 c4 e6 Nc3 Bb4 Qc2 O-O a3 Bxc3 Qxc3 b6 e3 Bb7 Be2
8	Nf3 Nf6 c4 e6 Nc3 Bb4 Qc2 O-O a3 Bxc3 Qxc3 b6 g3 Bb7
9	Nf3 Nf6 c4 e6 Nc3 Bb4 Qc2 O-O a3 Bxc3 Qxc3 d6 b4
13	Nf3 Nf6 c4 e6 Nc3 Bb4 Qc2 c5 a3 Ba5 g3
9	Nf3 Nf6 c4 e6 Nc3 Bb4 d4
8	Nf3 Nf6 c4 e6 Nc3 Bb4 g3 O-O Bg2 d5 Qb3
8	Nf3 Nf6 c4 e6 Nc3 Bb4 g3 O-O Bg2 d5 a3
9	Nf3 Nf6 c4 e6 Nc3 Bb4 g3 b6 Bg2 Bb7 O-O O-O
10	Nf3 Nf6 c4 e6 Nc3 Bb4 g4
8	Nf3 Nf6 c4 e6 Nc3 b6 e4 Bb7
11	Nf3 Nf6 c4 e6 Nc3 b6 g3 Bb7 Bg2
9	Nf3 Nf6 c4 e6 Nc3 c5 e3
11	Nf3 Nf6 c4 e6 Nc3 c5 g3 b6 Bg2 Bb7 O-O Be7 Re1
12	Nf3 Nf6 c4 e6 Nc3 c5 g3 b6 Bg2 Bb7 O-O Be7 d4 cxd4 Qxd4 d6
8	Nf3 Nf6 c4 e6 Nc3 d5 d4 Bb4 Bg5 h6 Bxf6 Qxf6 e3 O-O
8	Nf3 Nf6 c4 e6 Nc3 d5 d4 Bb4 Qa4+ Nc6 e3 O-O
8	Nf3 Nf6 c4 e6 Nc3 d5 d4 Bb4 cxd5 exd5 Bg5 Nbd7
18	Nf3 Nf6 c4 e6 Nc3 d5 d4 Be7 Bf4 O-O e3 Nbd7
10	Nf3 Nf6 c4 e6 Nc3 d5 d4 Be7 Bf4 O-O e3 c5 dxc5 Bxc5 a3 Nc6
11	Nf3 Nf6 c4 e6 Nc3 d5 d4 Be7 Bg5 O-O e3
10	Nf3 Nf6 c4 e6 Nc3 d5 d4 Be7 Bg5 h6 Bh4 O-O e3 b6
9	Nf3 Nf6 c4 e6 Nc3 d5 d4 Be7 Bg5 h6 Bxf6 Bxf6
8	Nf3 Nf6 c4 e6 Nc3 d5 d4 Be7 Qc2
13	Nf3 Nf6 c4 e6 Nc3 d5 d4 Nbd7 cxd5 exd5
9	Nf3 Nf6 c4 e6 Nc3 d5 d4 c5 cxd5 Nxd5 e4 Nxc3 bxc3 cxd4 cxd4 Bb4+ Bd2 Bxd2+ Qxd2 O-O
9	Nf3 Nf6 c4 e6 Nc3 d5 d4 c5 cxd5 cxd4 Qxd4
9	Nf3 Nf6 c4 e6 Nc3 d5 d4 c6 Bg5 h6
9	Nf3 Nf6 c4 e6 Nc3 d5 d4 c6 e3 Nbd7 Qc2 Bd6
9	Nf3 Nf6 c4 e6 Nc3 d5 d4 dxc4 e4 Bb4 Bg5 c5 Bxc4 cxd4 Nxd4
9	Nf3 Nf6 c4 e6 Nc3 d5 e3 Bd6 b3 O-O Bb2
8	Nf3 Nf6 c4 e6 Nc3 d5 e3 Be7 b3 O-O Bb2 c5
10	Nf3 Nf6 c4 e6 Nc3 d5 e3 c5 cxd5 exd5
9	Nf3 Nf6 c4 e6 b3 b6 g3 Bb7 Bg2
8	Nf3 Nf6 c4 e6 b3 d5 Bb2 Be7 e3
12	Nf3 Nf6 c4 e6 b3 d5 Bb2 c5
8	Nf3 Nf6 c4 e6 d4 Bb4+
13	Nf3 Nf6 c4 e6 d4 b6 g3 Ba6
10	Nf3 Nf6 c4 e6 d4 b6 g3 Bb7 Bg2 Be7
8	Nf3 Nf6 c4 e6 d4 d5 Bg5
9	Nf3 Nf6 c4 e6 d4 d5 Nc3 Be7
8	Nf3 Nf6 c4 e6 d4 d5 Nc3 dxc4
10	Nf3 Nf6 c4 e6 d4 d5 g3 Be7 Bg2 O-O O-O dxc4 Qc2 a6
12	Nf3 Nf6 c4 e6 e3 d5 b3
8	Nf3 Nf6 c4 e6 g3 a6 Bg2 b5 b3 Bb7 O-O
8	Nf3 Nf6 c4 e6 g3 a6 Nc3
13	Nf3 Nf6 c4 e6 g3 b6 Bg2 Bb7 O-O Be7 Nc3 O-O
11	Nf3 Nf6 c4 e6 g3 b6 Bg2 Bb7 O-O Be7 d4 O-O Nc3 Ne4
8	Nf3 Nf6 c4 e6 g3 b6 Bg2 Bb7 O-O c5 Nc3 Be7
10	Nf3 Nf6 c4 e6 g3 b6 Bg2 Bb7 d4 Be7 O-O O-O
10	Nf3 Nf6 c4 e6 g3 d5 Bg2 Be7 O-O O-O b3 b6 Bb2 Bb7
13	Nf3 Nf6 c4 e6 g3 d5 Bg2 Be7 O-O O-O b3 c5
8	Nf3 Nf6 c4 e6 g3 d5 Bg2 Be7 O-O O-O d4 dxc4 Qc2 a6 a4 Bd7 Qxc4 Bc6 Bf4
9	Nf3 Nf6 c4 e6 g3 d5 Bg2 Be7 d4 O-O Nc3
10	Nf3 Nf6 c4 e6 g3 d5 Bg2 Be7 d4 O-O O-O dxc4 Qc2
9	Nf3 Nf6 c4 e6 g3 d5 Bg2 d4 O-O c5 e3 Nc6 exd4 cxd4 d3
8	Nf3 Nf6 c4 e6 g3 d5 Bg2 dxc4 O-O
9	Nf3 Nf6 c4 e6 g3 d5 Bg2 dxc4 Qa4+ Bd7 Qxc4 c5 Ne5 Qc8
9	Nf3 Nf6 c4 e6 g3 d5 Bg2 dxc4 Qa4+ Nbd7 Qxc4 a6 Qc2 c5
8	Nf3 Nf6 c4 e6 g3 d5 Bg2 dxc4 Qa4+ Nbd7 Qxc4 c5 Qb3
8	Nf3 Nf6 c4 e6 g3 d5 Bg2 dxc4 Qa4+ c6 Qxc4 b5 Qc2 Bb7 O-O
13	Nf3 Nf6 c4 e6 g3 d5 b3 Be7 Bg2 O-O O-O
12	Nf3 Nf6 c4 e6 g3 d5 d4 Bb4+ Bd2 Be7 Bg2 O-O O-O
13	Nf3 Nf6 c4 e6 g3 d5 d4 Be7 Bg2 O-O O-O dxc4 Qc2 a6 Qxc4 b5 Qc2 Bb7
9	Nf3 Nf6 c4 e6 g3 d5 d4 Be7 Bg2 O-O O-O dxc4 Qc2 a6 a4
9	Nf3 Nf6 c4 e6 g3 d5 d4 dxc4 Bg2 a6
11	Nf3 Nf6 c4 g6 Nc3 Bg7 d4 O-O e4 d6
10	Nf3 Nf6 c4 g6 Nc3 Bg7 e4 O-O d4 d6 Be2 e5 O-O
8	Nf3 Nf6 c4 g6 Nc3 Bg7 e4 c5 d4
8	Nf3 Nf6 c4 g6 Nc3 Bg7 e4 d6 d4 O-O Be2 Na6 O-O e5
8	Nf3 Nf6 c4 g6 Nc3 Bg7 e4 d6 d4 O-O Be2 Nbd7
23	Nf3 Nf6 c4 g6 Nc3 Bg7 e4 d6 d4 O-O Be2 e5 Be3
8	Nf3 Nf6 c4 g6 Nc3 Bg7 e4 d6 d4 O-O Be2 e5 O-O Na6 Be3
11	Nf3 Nf6 c4 g6 Nc3 Bg7 e4 d6 d4 O-O Be2 e5 O-O Na6 Re1
13	Nf3 Nf6 c4 g6 Nc3 Bg7 e4 d6 d4 O-O Be2 e5 O-O Nc6 d5 Ne7 Nd2 a5
16	Nf3 Nf6 c4 g6 Nc3 Bg7 e4 d6 d4 O-O Be2 e5 O-O Nc6 d5 Ne7 Ne1 Nd7
8	Nf3 Nf6 c4 g6 Nc3 Bg7 e4 d6 d4 O-O Be2 e5 O-O Nc6 d5 Ne7 b4 Nh5 Re1 f5 Ng5 Nf6
9	Nf3 Nf6 c4 g6 Nc3 Bg7 e4 d6 d4 O-O Be2 e5 O-O Nc6 d5 Ne7 b4 a5 Ba3
12	Nf3 Nf6 c4 g6 Nc3 Bg7 e4 d6 d4 O-O Be2 e5 O-O exd4 Nxd4 Re8 f3 c6 Kh1
10	Nf3 Nf6 c4 g6 Nc3 Bg7 e4 d6 d4 O-O Be2 e5 d5 a5 Bg5 h6 Bh4 Na6
9	Nf3 Nf6 c4 g6 Nc3 Bg7 e4 d6 d4 O-O Be2 e5 dxe5 dxe5 Qxd8 Rxd8
10	Nf3 Nf6 c4 g6 Nc3 Bg7 e4 d6 d4 O-O h3 e5 d5 a5
10	Nf3 Nf6 c4 g6 Nc3 Bg7 e4 e5 Nxe5 O-O Nf3 Re8 Bd3
11	Nf3 Nf6 c4 g6 Nc3 Bg7 g3 O-O Bg2 d6 d4
9	Nf3 Nf6 c4 g6 Nc3 d5 Qa4+ Bd7 Qb3 dxc4 Qxc4 a6 d4 b5 Qb3
9	Nf3 Nf6 c4 g6 Nc3 d5 cxd5 Nxd5 Qa4+ Bd7 Qb3 Nb6 d4 Bg7 Bf4
8	Nf3 Nf6 c4 g6 Nc3 d5 cxd5 Nxd5 Qa4+ Bd7 Qh4 Bc6
8	Nf3 Nf6 c4 g6 Nc3 d5 cxd5 Nxd5 Qa4+ Bd7 Qh4 Nxc3 bxc3
11	Nf3 Nf6 c4 g6 Nc3 d5 cxd5 Nxd5 Qa4+ Bd7 Qh4 Nxc3 dxc3 Nc6 e4 e5 Bg5 Be7 Bc4
10	Nf3 Nf6 c4 g6 Nc3 d5 cxd5 Nxd5 Qa4+ Nc6 Ne5 Qd6 Nxc6 Qxc6 Qxc6+ bxc6
10	Nf3 Nf6 c4 g6 Nc3 d5 cxd5 Nxd5 Qb3 Nb6 d4 Bg7 Bf4 Be6 Qa3 Nc6 e3
10	Nf3 Nf6 c4 g6 Nc3 d5 cxd5 Nxd5 Qb3 Nb6 d4 Bg7 Bf4 Be6 Qa3 O-O
9	Nf3 Nf6 c4 g6 Nc3 d5 cxd5 Nxd5 Qb3 Nb6 d4 Bg7 Bf4 Be6 Qa3 c5
17	Nf3 Nf6 c4 g6 Nc3 d5 cxd5 Nxd5 Qb3 Nb6 d4 Bg7 e4 Bg4 Bb5+ c6 Ng5 O-O Be2 Bxe2 Nxe2
9	Nf3 Nf6 c4 g6 Nc3 d5 cxd5 Nxd5 Qc2
14	Nf3 Nf6 c4 g6 Nc3 d5 cxd5 Nxd5 e4 Nxc3 bxc3 Bg7
9	Nf3 Nf6 c4 g6 Nc3 d5 cxd5 Nxd5 e4 Nxc3 dxc3 Qxd1+ Kxd1 Nd7 Bf4 c6 Kc2
10	Nf3 Nf6 c4 g6 Nc3 d5 cxd5 Nxd5 e4 Nxc3 dxc3 Qxd1+ Kxd1 f6 Be3 e5
9	Nf3 Nf6 c4 g6 Nc3 d5 cxd5 Nxd5 g3 Bg7 Bg2 O-O O-O Nc6 d4
15	Nf3 Nf6 c4 g6 Nc3 d5 cxd5 Nxd5 g3 Bg7 Bg2 O-O O-O c5
8	Nf3 Nf6 c4 g6 Nc3 d5 cxd5 Nxd5 g3 Bg7 Bg2 c5
8	Nf3 Nf6 c4 g6 Nc3 d5 cxd5 Nxd5 h4 Bg7 e4 Nxc3 dxc3 Qxd1+ Kxd1 Nd7
10	Nf3 Nf6 c4 g6 Nc3 d5 cxd5 Nxd5 h4 Bg7 h5 Nc6 g3
9	Nf3 Nf6 c4 g6 Nc3 d5 cxd5 Nxd5 h4 Nxc3
14	Nf3 Nf6 c4 g6 Nc3 d5 d4 Bg7
8	Nf3 Nf6 c4 g6 b3 Bg7 Bb2 O-O g3 c6 Bg2 d5 O-O
9	Nf3 Nf6 c4 g6 b3 Bg7 Bb2 O-O g3 d6 Bg2 e5
10	Nf3 Nf6 c4 g6 b3 Bg7 Bb2 c5 g3
8	Nf3 Nf6 c4 g6 b3 Bg7 Bb2 d6
9	Nf3 Nf6 c4 g6 b4 Bg7 Bb2 O-O e3 d6 Be2 e5 d3
10	Nf3 Nf6 c4 g6 d4 Bg7 g3 O-O Bg2
9	Nf3 Nf6 c4 g6 g3 Bg7 Bg2 O-O Nc3 d6
10	Nf3 Nf6 c4 g6 g3 Bg7 Bg2 O-O O-O c5
10	Nf3 Nf6 c4 g6 g3 Bg7 Bg2 O-O O-O c6 d4 d5
11	Nf3 Nf6 c4 g6 g3 Bg7 Bg2 O-O O-O d5 cxd5 Nxd5
8	Nf3 Nf6 c4 g6 g3 Bg7 Bg2 O-O O-O d6 Nc3 e5 d3 Nc6 Rb1 a5 a3
11	Nf3 Nf6 c4 g6 g3 Bg7 Bg2 O-O O-O d6 d4 Nc6 Nc3 a6
11	Nf3 Nf6 c4 g6 g3 Bg7 Bg2 O-O d4 d6 O-O
11	Nf3 Nf6 c4 g6 g3 Bg7 Bg2 c5
12	Nf3 Nf6 c4 g6 g3 Bg7 Bg2 c6 O-O
13	Nf3 Nf6 c4 g6 g3 Bg7 Bg2 d5
8	Nf3 Nf6 d4 b6 c4
8	Nf3 Nf6 d4 c5
10	Nf3 Nf6 d4 d5 Bf4
20	Nf3 Nf6 d4 d5 c4 e6 Nc3
12	Nf3 Nf6 d4 d6
9	Nf3 Nf6 d4 e6 Bg5
9	Nf3 Nf6 d4 e6 c4 Bb4+
13	Nf3 Nf6 d4 e6 c4 b6 g3
9	Nf3 Nf6 d4 e6 c4 d5 Nc3
13	Nf3 Nf6 d4 e6 g3
10	Nf3 Nf6 d4 g6 Bf4 Bg7
13	Nf3 Nf6 d4 g6 Bg5 Bg7 Nbd2
10	Nf3 Nf6 d4 g6 Nbd2
8	Nf3 Nf6 d4 g6 Nc3 d5 Bf4 Bg7
9	Nf3 Nf6 d4 g6 c4 Bg7 Nc3 O-O
8	Nf3 Nf6 d4 g6 c4 Bg7 Nc3 d5
10	Nf3 Nf6 d4 g6 c4 Bg7 g3 O-O Bg2
12	Nf3 Nf6 d4 g6 g3 Bg7 Bg2 O-O O-O d6
8	Nf3 Nf6 e3 d5 c4 e6
10	Nf3 Nf6 e3 g6 b3 Bg7 Bb2
11	Nf3 Nf6 g3 b5 Bg2 Bb7 Na3 a6 c4
16	Nf3 Nf6 g3 b5 Bg2 Bb7 O-O e6 d3
9	Nf3 Nf6 g3 b5 Bg2 Bb7 d3
11	Nf3 Nf6 g3 b5 Bg2 Bb7 d4 e6 Bg5
8	Nf3 Nf6 g3 b5 Na3 a6 c4
11	Nf3 Nf6 g3 b5 e3 a6 Bg2 Bb7 O-O
14	Nf3 Nf6 g3 b6 Bg2 Bb7 O-O c5 d3
18	Nf3 Nf6 g3 b6 Bg2 Bb7 O-O e6 c4 Be7
13	Nf3 Nf6 g3 b6 Bg2 Bb7 O-O e6 d3 d5 Nbd2
10	Nf3 Nf6 g3 b6 Bg2 Bb7 O-O g6 c4
10	Nf3 Nf6 g3 b6 Bg2 Bb7 O-O g6 d3 Bg7 e4
11	Nf3 Nf6 g3 b6 Bg2 Bb7 O-O g6 d4 Bg7 c4 O-O
18	Nf3 Nf6 g3 b6 Bg2 Bb7 c4
8	Nf3 Nf6 g3 b6 d4 Bb7 c4 e6 Bg2 Be7
13	Nf3 Nf6 g3 c5 Bg2 Nc6 O-O e5 c4 d5
17	Nf3 Nf6 g3 c5 Bg2 Nc6 O-O e5 d3 d5
15	Nf3 Nf6 g3 c5 Bg2 Nc6 O-O e5 e4 Be7
13	Nf3 Nf6 g3 c5 Bg2 Nc6 O-O e5 e4 d6 d3 g6
9	Nf3 Nf6 g3 c5 Bg2 Nc6 c4 d5 cxd5 Nxd5 Nc3 g6
8	Nf3 Nf6 g3 c5 Bg2 g6 O-O Bg7
9	Nf3 Nf6 g3 c5 c4 Nc6 Nc3
8	Nf3 Nf6 g3 d5 Bg2 Bf5 O-O
8	Nf3 Nf6 g3 d5 Bg2 Bf5 c4
8	Nf3 Nf6 g3 d5 Bg2 Bg4 O-O Nbd7
9	Nf3 Nf6 g3 d5 Bg2 c5 O-O Nc6 d4 e6 c4 dxc4
13	Nf3 Nf6 g3 d5 Bg2 c5 O-O e6
19	Nf3 Nf6 g3 d5 Bg2 c5 O-O g6
10	Nf3 Nf6 g3 d5 Bg2 c6 O-O Bf5 c4 e6 cxd5
13	Nf3 Nf6 g3 d5 Bg2 c6 O-O Bf5 d3 e6
8	Nf3 Nf6 g3 d5 Bg2 c6 O-O Bg4 c4 e6 cxd5
8	Nf3 Nf6 g3 d5 Bg2 c6 O-O Bg4 d3 Nbd7 Nbd2 e5
9	Nf3 Nf6 g3 d5 Bg2 c6 O-O Bg4 d3 Nbd7 h3
11	Nf3 Nf6 g3 d5 Bg2 c6 O-O Bg4 h3 Bh5
10	Nf3 Nf6 g3 d5 Bg2 c6 c4 dxc4
8	Nf3 Nf6 g3 d5 Bg2 c6 c4 g6
13	Nf3 Nf6 g3 d5 Bg2 c6 d3 Bg4
8	Nf3 Nf6 g3 d5 Bg2 e6 O-O Be7 b3 O-O Bb2
9	Nf3 Nf6 g3 d5 Bg2 e6 O-O Be7 c4 O-O b3 b6
9	Nf3 Nf6 g3 d5 Bg2 e6 O-O Be7 c4 O-O b3 c5 cxd5 Nxd5
10	Nf3 Nf6 g3 d5 Bg2 e6 O-O Be7 c4 O-O d4 dxc4 Qc2 a6 a4 Bd7 Qxc4 Bc6
8	Nf3 Nf6 g3 d5 Bg2 e6 O-O Be7 d3 O-O Nbd2 c5 e4 Nc6 Re1 b5 e5 Nd7 Nf1
8	Nf3 Nf6 g3 d5 Bg2 e6 O-O Be7 d3 c5 Nbd2 Nc6
9	Nf3 Nf6 g3 d5 Bg2 e6 O-O Be7 d4 O-O c4 dxc4
11	Nf3 Nf6 g3 d5 Bg2 e6 O-O c5
8	Nf3 Nf6 g3 d5 Bg2 e6 c4 Be7
9	Nf3 Nf6 g3 d5 Bg2 g6 O-O Bg7 d4 O-O c4
8	Nf3 Nf6 g3 d5 Bg2 g6 c4 c6 b3 Bg7 Bb2 O-O O-O
9	Nf3 Nf6 g3 d6
8	Nf3 Nf6 g3 e6 Bg2 d5 O-O Be7 c4 O-O
8	Nf3 Nf6 g3 g6 Bg2 Bg7 O-O O-O c4 c5
8	Nf3 Nf6 g3 g6 Bg2 Bg7 O-O O-O c4 c6 b3 d5 Bb2
10	Nf3 Nf6 g3 g6 Bg2 Bg7 O-O O-O c4 c6 d4 d5 cxd5 cxd5
9	Nf3 Nf6 g3 g6 Bg2 Bg7 O-O O-O c4 d6 Nc3 e5
8	Nf3 Nf6 g3 g6 Bg2 Bg7 O-O O-O c4 d6 d4 Nbd7 Nc3
8	Nf3 Nf6 g3 g6 Bg2 Bg7 O-O O-O d3 d5 Nbd2 Nc6 e4
11	Nf3 Nf6 g3 g6 Bg2 Bg7 O-O O-O d3 d6 e4
8	Nf3 Nf6 g3 g6 Bg2 Bg7 O-O O-O d4 d5 c4 c6 Ne5
12	Nf3 Nf6 g3 g6 Bg2 Bg7 O-O O-O d4 d5 c4 c6 cxd5 cxd5
14	Nf3 Nf6 g3 g6 Bg2 Bg7 O-O O-O d4 d6 Re1 Nbd7 e4 e5 Nc3
13	Nf3 Nf6 g3 g6 Bg2 Bg7 O-O O-O d4 d6 b3
8	Nf3 Nf6 g3 g6 Bg2 Bg7 O-O O-O d4 d6 c4 Nbd7 Nc3 e5
8	Nf3 Nf6 g3 g6 Bg2 Bg7 b3 O-O Bb2
12	Nf3 Nf6 g3 g6 Bg2 Bg7 c4 O-O Nc3 d6
12	Nf3 Nf6 g3 g6 Bg2 Bg7 c4 O-O O-O
9	Nf3 Nf6 g3 g6 Bg2 Bg7 c4 O-O d4 d6
10	Nf3 Nf6 g3 g6 Bg2 Bg7 c4 c6 O-O O-O
10	Nf3 Nf6 g3 g6 Bg2 Bg7 d4 O-O O-O d5
14	Nf3 Nf6 g3 g6 Bg2 Bg7 d4 O-O O-O d6
8	Nf3 Nf6 g3 g6 Bg2 Bg7 d4 O-O c4 d6
8	Nf3 Nf6 g3 g6 Bg2 Bg7 d4 d5 O-O
9	Nf3 Nf6 g3 g6 b3 Bg7 Bb2 O-O Bg2 c5 c4 Nc6 O-O
8	Nf3 Nf6 g3 g6 b3 Bg7 Bb2 O-O Bg2 d5 c4 c6 O-O
8	Nf3 Nf6 g3 g6 b3 Bg7 Bb2 O-O Bg2 d6 d4 c5 c4
8	Nf3 Nf6 g3 g6 b3 Bg7 Bb2 b6 Bg2 Bb7 O-O O-O c4
12	Nf3 Nf6 g3 g6 b3 Bg7 Bb2 c5 c4
14	Nf3 Nf6 g3 g6 b3 Bg7 Bb2 d6 d4
8	Nf3 Nf6 g3 g6 b3 d5 Bb2
13	Nf3 Nf6 g3 g6 c4 Bg7 Bg2 O-O
11	Nf3 Nf6 g3 g6 c4 Bg7 Nc3 O-O Bg2
9	Nf3 Nf6 g3 g6 c4 c6 b3
9	Nf3 Nf6 g3 g6 d4 Bg7
9	Nf3 a6
13	Nf3 b5 e4 Bb7 Bxb5 Bxe4 O-O
10	Nf3 b6 e4 Bb7 Nc3 e6 d4 Bb4 Bd3 Nf6
8	Nf3 b6 g3 Bb7 Bg2 c5
9	Nf3 b6 g3 Bb7 Bg2 g6 O-O Bg7 d4 Nf6 c4 O-O
16	Nf3 c5 b3 Nc6 Bb2
22	Nf3 c5 b3 Nf6 Bb2
10	Nf3 c5 b3 b6
16	Nf3 c5 b3 d5 e3
12	Nf3 c5 b3 d6 Bb2 e5
11	Nf3 c5 b3 d6 c4
18	Nf3 c5 c3 Nf6 d4
11	Nf3 c5 c3 d5 d4
11	Nf3 c5 c4 Nc6 Nc3 Nf6 e3 e6 d4 d5 a3
11	Nf3 c5 c4 Nc6 Nc3 Nf6 g3 d5 cxd5 Nxd5 Bg2 Nc7
10	Nf3 c5 c4 Nc6 Nc3 Nf6 g3 d5 cxd5 Nxd5 Bg2 g6
10	Nf3 c5 c4 Nc6 Nc3 Nf6 g3 d5 d4 e6 cxd5 Nxd5 Bg2
8	Nf3 c5 c4 Nc6 Nc3 e5 e3 Nf6 Be2 d5 d4 cxd4 exd4 e4 Ne5
10	Nf3 c5 c4 Nc6 Nc3 e5 e3 Nf6 Be2 d5 d4 exd4 exd4
8	Nf3 c5 c4 Nc6 Nc3 e5 e3 Nf6 d4 cxd4 exd4 e4
8	Nf3 c5 c4 Nc6 Nc3 e5 e3 Nf6 d4 e4 Ne5
8	Nf3 c5 c4 Nc6 Nc3 e5 e3 Nf6 d4 e4 d5 exf3 dxc6 bxc6
14	Nf3 c5 c4 Nc6 Nc3 e5 g3 g6 Bg2 Bg7 O-O Nge7
8	Nf3 c5 c4 Nc6 Nc3 e5 g3 g6 Bg2 Bg7 O-O d6 a3
12	Nf3 c5 c4 Nc6 Nc3 e5 g3 g6 Bg2 Bg7 a3
8	Nf3 c5 c4 Nc6 Nc3 e5 g3 g6 Bg2 Bg7 d3
11	Nf3 c5 c4 Nc6 Nc3 g6 e3 Bg7 d4 d6 Be2
8	Nf3 c5 c4 Nc6 Nc3 g6 e3 Bg7 d4 d6 d5
10	Nf3 c5 c4 Nc6 Nc3 g6 e3 Nf6 d4 cxd4 exd4 d5 cxd5 Nxd5 Qb3 Nxc3 Bc4 e6 bxc3
12	Nf3 c5 c4 Nc6 Nc3 g6 e3 Nf6 d4 cxd4 exd4 d5 cxd5 Nxd5 Qb3 e6 Bb5 Bg7 O-O O-O Bxc6 bxc6
13	Nf3 c5 c4 Nc6 Nc3 g6 g3 Bg7 Bg2 e6
8	Nf3 c5 c4 Nc6 b3 e5
10	Nf3 c5 c4 Nc6 d4 cxd4 Nxd4 Nf6 Nc3 e6 Bf4 d5 e3 Bb4
9	Nf3 c5 c4 Nc6 d4 cxd4 Nxd4 Nf6 Nc3 e6 a3 Bc5 Nb3 Be7 e4
13	Nf3 c5 c4 Nc6 d4 cxd4 Nxd4 Nf6 Nc3 e6 a3 Be7 e4 O-O Nf3
9	Nf3 c5 c4 Nc6 d4 cxd4 Nxd4 Nf6 Nc3 e6 g3 Qb6 Nb3
10	Nf3 c5 c4 Nc6 d4 cxd4 Nxd4 Nf6 Nc3 e6 g3 Qb6 Ndb5 Ne5
8	Nf3 c5 c4 Nc6 d4 cxd4 Nxd4 Nf6 g3 Qb6 Nc2
9	Nf3 c5 c4 Nc6 d4 cxd4 Nxd4 Nf6 g3 e5 Nb5 Bb4+
8	Nf3 c5 c4 Nc6 d4 cxd4 Nxd4 e6 Nb5
10	Nf3 c5 c4 Nc6 d4 cxd4 Nxd4 e6 Nc3 Nf6 a3
8	Nf3 c5 c4 Nc6 d4 cxd4 Nxd4 e6 g3
10	Nf3 c5 c4 Nc6 d4 cxd4 Nxd4 g6 e4 Bg7
8	Nf3 c5 c4 Nc6 e3 Nf6
9	Nf3 c5 c4 Nc6 g3 g6 Bg2 Bg7 Nc3
14	Nf3 c5 c4 Nf6 Nc3 Nc6 d4 cxd4 Nxd4 e6
8	Nf3 c5 c4 Nf6 Nc3 Nc6 e3 e6 d4 d5 cxd5
8	Nf3 c5 c4 Nf6 Nc3 Nc6 g3 d5 cxd5 Nxd5 Bg2 Nc7
11	Nf3 c5 c4 Nf6 Nc3 Nc6 g3 d5 d4 e6 cxd5 Nxd5 Bg2
9	Nf3 c5 c4 Nf6 Nc3 Nc6 g3 g6 Bg2
10	Nf3 c5 c4 Nf6 Nc3 d5 cxd5 Nxd5 d4 Nxc3 bxc3 g6 e3 Bg7
9	Nf3 c5 c4 Nf6 Nc3 d5 cxd5 Nxd5 d4 Nxc3 bxc3 g6 e4 Bg7
8	Nf3 c5 c4 Nf6 Nc3 d5 cxd5 Nxd5 e3 Nxc3 bxc3 g6 Bb5+ Bd7 Be2 Bg7 O-O O-O d4
9	Nf3 c5 c4 Nf6 Nc3 d5 cxd5 Nxd5 e3 Nxc3 dxc3
8	Nf3 c5 c4 Nf6 Nc3 d5 cxd5 Nxd5 e3 e6 d4
8	Nf3 c5 c4 Nf6 Nc3 d5 cxd5 Nxd5 e4 Nb4 Bc4 Nd3+ Ke2 Nf4+ Kf1 Ne6
8	Nf3 c5 c4 Nf6 Nc3 d5 cxd5 Nxd5 g3 Nc6 Bg2 Nc7 O-O e5
8	Nf3 c5 c4 Nf6 Nc3 e6 e3 d5
12	Nf3 c5 c4 Nf6 Nc3 e6 g3 b6 Bg2 Bb7 O-O Be7 Re1
12	Nf3 c5 c4 Nf6 Nc3 e6 g3 b6 Bg2 Bb7 O-O Be7 d4 cxd4 Qxd4 d6
8	Nf3 c5 c4 Nf6 b3 g6 Bb2 Bg7 g3
11	Nf3 c5 c4 Nf6 d4 cxd4 Nxd4 e6
8	Nf3 c5 c4 Nf6 g3 Nc6 Bg2
9	Nf3 c5 c4 Nf6 g3 b6 Bg2 Bb7 O-O e6 Nc3 Be7
8	Nf3 c5 c4 Nf6 g3 d5 cxd5 Nxd5 Bg2 Nc6 Nc3
10	Nf3 c5 c4 Nf6 g3 d5 cxd5 Nxd5 Bg2 Nc6 d4
11	Nf3 c5 c4 b6
8	Nf3 c5 c4 g6 Nc3 Bg7
10	Nf3 c5 c4 g6 d4 Bg7 e4 d6
9	Nf3 c5 c4 g6 d4 cxd4 Nxd4 Bg7 e4 Nc6 Be3
8	Nf3 c5 c4 g6 d4 cxd4 Nxd4 Nc6 e4 Nf6 Nc3 Nxd4 Qxd4 d6
8	Nf3 c5 c4 g6 d4 cxd4 Nxd4 Nc6 e4 Nf6 Nc3 d6 Be2 Nxd4 Qxd4 Bg7 Be3
9	Nf3 c5 c4 g6 e4 Nc6 d4 cxd4 Nxd4 Nf6 Nc3 d6
10	Nf3 c5 c4 g6 g3 Bg7 Bg2 Nc6 Nc3
12	Nf3 c5 e3 Nf6 b3 g6 Bb2 Bg7
10	Nf3 c5 e3 Nf6 d4 d5
8	Nf3 c5 e3 g6
8	Nf3 c5 e4 Nc6 Bb5 g6 O-O Bg7
9	Nf3 c5 e4 Nc6 Nc3
8	Nf3 c5 e4 Nc6 d4 cxd4 Nxd4
8	Nf3 c5 e4 d6 Bb5+ Nd7 O-O a6 Bd3 Ngf6 c3
10	Nf3 c5 e4 d6 c3 Nf6
10	Nf3 c5 e4 d6 d4 cxd4 Nxd4 Nf6 Nc3 a6 Be3
8	Nf3 c5 e4 d6 d4 cxd4 Nxd4 Nf6 Nc3 a6 h3
11	Nf3 c5 e4 e6 c3
14	Nf3 c5 e4 e6 d4 cxd4 Nxd4 Nc6 Nc3
9	Nf3 c5 e4 e6 d4 cxd4 Nxd4 a6
17	Nf3 c5 g3 Nc6 Bg2 e5
9	Nf3 c5 g3 Nc6 Bg2 g6 O-O Bg7 c3
13	Nf3 c5 g3 Nc6 Bg2 g6 O-O Bg7 c4
11	Nf3 c5 g3 Nc6 Bg2 g6 O-O Bg7 d3
10	Nf3 c5 g3 Nc6 Bg2 g6 O-O Bg7 e4
9	Nf3 c5 g3 Nc6 Bg2 g6 c3 Bg7 d4 cxd4 cxd4 d5
8	Nf3 c5 g3 Nc6 Bg2 g6 c3 e5
8	Nf3 c5 g3 Nc6 Bg2 g6 c4 Bg7 Nc3
10	Nf3 c5 g3 Nc6 Bg2 g6 d4 cxd4 Nxd4 Bg7 Nb3
9	Nf3 c5 g3 Nc6 c4
12	Nf3 c5 g3 g6 Bg2 Bg7 O-O Nc6 c3
13	Nf3 c5 g3 g6 Bg2 Bg7 O-O Nc6 c4
8	Nf3 c5 g3 g6 Bg2 Bg7 O-O Nc6 d3
10	Nf3 c5 g3 g6 Bg2 Bg7 c4 Nc6 Nc3
8	Nf3 c6 g3
9	Nf3 d5 b3 Bf5 Bb2 e6 d3
8	Nf3 d5 b3 Bf5 Bb2 e6 e3
10	Nf3 d5 b3 Bf5 Bb2 e6 g3 Nf6 Bg2 h6
9	Nf3 d5 b3 Bf5 Bb2 e6 g3 h6 Bg2 Nf6 O-O Be7 d3 O-O Nbd2 Bh7
10	Nf3 d5 b3 Bg4 Bb2 Bxf3 exf3
17	Nf3 d5 b3 Bg4 Bb2 Nd7 e3
9	Nf3 d5 b3 Bg4 Bb2 Nd7 g3
9	Nf3 d5 b3 Bg4 e3 Nd7 Bb2
8	Nf3 d5 b3 Bg4 e3 e6 Bb2 Nf6
8	Nf3 d5 b3 Nf6 Bb2 Bf5 g3 e6 Bg2 h6 O-O
8	Nf3 d5 b3 Nf6 Bb2 Bg4
14	Nf3 d5 b3 Nf6 Bb2 c5 e3
9	Nf3 d5 b3 Nf6 Bb2 e6 c4
8	Nf3 d5 b3 Nf6 Bb2 e6 e3 Be7
14	Nf3 d5 b3 Nf6 Bb2 e6 g3
16	Nf3 d5 b3 Nf6 Bb2 g6 c4
9	Nf3 d5 b3 Nf6 e3
13	Nf3 d5 b3 c5 Bb2
12	Nf3 d5 b3 c5 e3 Nc6 Bb2
10	Nf3 d5 b3 c5 e3 Nf6 Bb2 g6
8	Nf3 d5 b3 c5 e3 a6 Bb2 Nc6 d4
14	Nf3 d5 b3 c6 Bb2
8	Nf3 d5 c4 c6 d4 Nf6 Nc3 dxc4
11	Nf3 d5 c4 c6 d4 Nf6 Nc3 e6
10	Nf3 d5 c4 c6 d4 Nf6 e3
9	Nf3 d5 c4 c6 e3 Nf6 Nc3 a6 Qc2
8	Nf3 d5 c4 c6 e3 Nf6 Nc3 a6 d4 b5
9	Nf3 d5 c4 c6 e3 Nf6 Nc3 e6 b3 Bd6 Bb2 O-O Be2
10	Nf3 d5 c4 c6 e3 Nf6 Nc3 e6 d4 Nbd7
12	Nf3 d5 c4 c6 e3 Nf6 Nc3 g6 d4 Bg7
10	Nf3 d5 c4 c6 e3 Nf6 d4
9	Nf3 d5 c4 c6 g3 Nf6 Bg2 dxc4
14	Nf3 d5 c4 d4 b4 Bg4 Qb3
12	Nf3 d5 c4 d4 b4 c5 Bb2 Nf6 g3
8	Nf3 d5 c4 d4 b4 c5 e3 Nf6
13	Nf3 d5 c4 d4 b4 c5 g3
9	Nf3 d5 c4 d4 b4 f6 d3 e5
9	Nf3 d5 c4 d4 b4 f6 e3 e5 c5 a5 Qa4+
10	Nf3 d5 c4 d4 b4 g5
8	Nf3 d5 c4 d4 e3 Nc6 exd4 Nxd4 Nxd4 Qxd4
9	Nf3 d5 c4 d4 g3 Nc6 Bg2 e5 O-O Nf6 d3
13	Nf3 d5 c4 d4 g3 Nc6 Bg2 e5 d3
9	Nf3 d5 c4 d4 g3 c5
12	Nf3 d5 c4 dxc4 e3 Nf6 Bxc4 e6 O-O
9	Nf3 d5 c4 e6 b3 Nf6 Bb2 Be7
13	Nf3 d5 c4 e6 d4 Nf6 Nc3 Be7 Bg5
11	Nf3 d5 c4 e6 e3 Nf6 Nc3
13	Nf3 d5 c4 e6 e3 Nf6 b3
8	Nf3 d5 c4 e6 g3 Nf6 Bg2 Be7 O-O O-O b3 c5
11	Nf3 d5 c4 e6 g3 Nf6 Bg2 Be7 O-O O-O d4 dxc4
8	Nf3 d5 c4 e6 g3 Nf6 Bg2 d4 O-O
8	Nf3 d5 c4 e6 g3 Nf6 Bg2 dxc4 Qa4+
10	Nf3 d5 c4 e6 g3 dxc4 Bg2
10	Nf3 d5 c4 e6 g3 dxc4 Qa4+ Nd7
8	Nf3 d5 d3 Nf6 g3
8	Nf3 d5 d4 Bf5 Bf4
16	Nf3 d5 d4 Bf5 c4 e6 Nc3 Nc6
11	Nf3 d5 d4 Bf5 c4 e6 Nc3 Nf6 Bg5 c6
9	Nf3 d5 d4 Bf5 c4 e6 Nc3 Nf6 Nh4
8	Nf3 d5 d4 Bf5 c4 e6 Nc3 c6 Qb3
9	Nf3 d5 d4 Nc6 c4
8	Nf3 d5 d4 Nf6 Bf4 Bf5 e3 e6 Bd3
9	Nf3 d5 d4 Nf6 Bf4 c5 e3 Nc6 Nbd2 Qb6 dxc5 Qxb2 Rb1
9	Nf3 d5 d4 Nf6 Bf4 c5 e3 Nc6 Nbd2 cxd4 exd4
15	Nf3 d5 d4 Nf6 Bf4 e6 e3 Bd6
8	Nf3 d5 d4 Nf6 c3 Bf5 Qb3
10	Nf3 d5 d4 Nf6 c4 c5 cxd5 cxd4
8	Nf3 d5 d4 Nf6 c4 c6 Nc3 a6 a4 e6
9	Nf3 d5 d4 Nf6 c4 c6 Nc3 a6 c5
11	Nf3 d5 d4 Nf6 c4 c6 Nc3 a6 e3
10	Nf3 d5 d4 Nf6 c4 c6 Nc3 dxc4 a4 Bf5 Ne5 Nbd7 Nxc4 Nb6 Ne5 a5
10	Nf3 d5 d4 Nf6 c4 c6 Nc3 dxc4 a4 Bf5 Ne5 Nbd7 Nxc4 Qc7 g3 e5 dxe5 Nxe5 Bf4 Nfd7 Bg2
9	Nf3 d5 d4 Nf6 c4 c6 Nc3 dxc4 a4 Bf5 Ne5 e6 f3 Bb4 e4 Bxe4 fxe4 Nxe4 Bd2 Qxd4 Nxe4 Qxe4+ Qe2 Bxd2+ Kxd2 Qd5+
8	Nf3 d5 d4 Nf6 c4 c6 Nc3 dxc4 a4 Bf5 e3 e6 Bxc4 Bb4 O-O Nbd7 Qe2
11	Nf3 d5 d4 Nf6 c4 c6 Nc3 dxc4 a4 Bf5 e3 e6 Bxc4 Bb4 O-O O-O
9	Nf3 d5 d4 Nf6 c4 c6 Nc3 dxc4 a4 e6 e3 c5 Bxc4 Nc6 O-O
10	Nf3 d5 d4 Nf6 c4 c6 Nc3 e6 Bg5 Nbd7
8	Nf3 d5 d4 Nf6 c4 c6 Nc3 e6 Bg5 h6 Bh4 dxc4 e4 g5 Bg3 b5
8	Nf3 d5 d4 Nf6 c4 c6 Nc3 e6 Bg5 h6 Bxf6 Qxf6 e3 Nd7 Bd3
10	Nf3 d5 d4 Nf6 c4 c6 Nc3 e6 e3 Nbd7 Bd3 dxc4 Bxc4 b5 Bd3
10	Nf3 d5 d4 Nf6 c4 c6 Nc3 e6 e3 Nbd7 Qc2 Bd6 Bd3 O-O O-O dxc4 Bxc4
8	Nf3 d5 d4 Nf6 c4 c6 Nc3 e6 e3 Nbd7 Qc2 Bd6 Be2
8	Nf3 d5 d4 Nf6 c4 c6 Qb3 dxc4 Qxc4 Bf5 g3
9	Nf3 d5 d4 Nf6 c4 c6 Qb3 dxc4 Qxc4 Bg4
11	Nf3 d5 d4 Nf6 c4 c6 Qc2 dxc4 Qxc4
9	Nf3 d5 d4 Nf6 c4 c6 cxd5 cxd5 Nc3 Nc6 Bf4 Bf5 e3 e6
10	Nf3 d5 d4 Nf6 c4 c6 cxd5 cxd5 Nc3 Nc6 Bf4 a6
9	Nf3 d5 d4 Nf6 c4 c6 e3 Bf5 Nc3 e6 Nh4 Be4 f3 Bg6 Qb3 Qc7 Bd2
9	Nf3 d5 d4 Nf6 c4 c6 e3 Bf5 Nc3 e6 Nh4 Bg6 Be2 Nbd7
9	Nf3 d5 d4 Nf6 c4 c6 e3 Bf5 Nc3 e6 Nh4 Bg6 Nxg6 hxg6
8	Nf3 d5 d4 Nf6 c4 c6 e3 Bg4 h3 Bh5 Nc3 e6 g4 Bg6 Ne5 Nbd7
8	Nf3 d5 d4 Nf6 c4 c6 e3 Bg4 h3 Bxf3 Qxf3 e6
9	Nf3 d5 d4 Nf6 c4 c6 e3 a6 Nc3
8	Nf3 d5 d4 Nf6 c4 c6 e3 e6 Bd3
8	Nf3 d5 d4 Nf6 c4 c6 e3 g6 Nc3 Bg7
8	Nf3 d5 d4 Nf6 c4 dxc4 Nc3 a6 e4 b5 e5 Nd5 a4
13	Nf3 d5 d4 Nf6 c4 dxc4 Qa4+
8	Nf3 d5 d4 Nf6 c4 dxc4 e3 Bg4 Bxc4 e6
8	Nf3 d5 d4 Nf6 c4 dxc4 e3 e6 Bxc4 a6 O-O c5 dxc5 Bxc5 Qxd8+ Kxd8
15	Nf3 d5 d4 Nf6 c4 dxc4 e3 e6 Bxc4 c5 O-O Nc6
8	Nf3 d5 d4 Nf6 c4 dxc4 e3 e6 Bxc4 c5 O-O a6 dxc5
9	Nf3 d5 d4 Nf6 c4 e6 Bg5 Be7 Nc3
12	Nf3 d5 d4 Nf6 c4 e6 Bg5 dxc4
9	Nf3 d5 d4 Nf6 c4 e6 Nc3 Bb4 Bg5 h6 Bxf6 Qxf6 Qa4+ Nc6 e3 O-O Be2
11	Nf3 d5 d4 Nf6 c4 e6 Nc3 Bb4 Bg5 h6 Bxf6 Qxf6 e3 O-O Rc1 dxc4 Bxc4 c5 O-O cxd4
9	Nf3 d5 d4 Nf6 c4 e6 Nc3 Bb4 Qa4+ Nc6 e3 O-O Qc2
13	Nf3 d5 d4 Nf6 c4 e6 Nc3 Bb4 cxd5 exd5 Bg5 h6 Bh4
13	Nf3 d5 d4 Nf6 c4 e6 Nc3 Bb4 e3 O-O
10	Nf3 d5 d4 Nf6 c4 e6 Nc3 Be7 Bf4 O-O e3 Nbd7 c5
8	Nf3 d5 d4 Nf6 c4 e6 Nc3 Be7 Bf4 O-O e3 c5 dxc5 Bxc5 a3 Nc6
8	Nf3 d5 d4 Nf6 c4 e6 Nc3 Be7 Bg5 O-O e3
10	Nf3 d5 d4 Nf6 c4 e6 Nc3 Be7 Bg5 h6 Bh4 O-O e3 b6 Rc1 Bb7
11	Nf3 d5 d4 Nf6 c4 e6 Nc3 Be7 Bg5 h6 Bxf6 Bxf6 e3 O-O
13	Nf3 d5 d4 Nf6 c4 e6 Nc3 Nbd7 Bg5
10	Nf3 d5 d4 Nf6 c4 e6 Nc3 Nbd7 cxd5 exd5 Bg5
9	Nf3 d5 d4 Nf6 c4 e6 Nc3 a6 cxd5 exd5 Bg5 Be6 e3 Nbd7 Bd3
9	Nf3 d5 d4 Nf6 c4 e6 Nc3 c5 cxd5 Nxd5 e4 Nxc3 bxc3 cxd4 cxd4 Bb4+ Bd2 Bxd2+ Qxd2 O-O
14	Nf3 d5 d4 Nf6 c4 e6 Nc3 c5 cxd5 cxd4 Qxd4 exd5
11	Nf3 d5 d4 Nf6 c4 e6 Nc3 c5 e3 Nc6
9	Nf3 d5 d4 Nf6 c4 e6 Nc3 c6 Bg5 h6
8	Nf3 d5 d4 Nf6 c4 e6 Nc3 c6 cxd5 exd5
8	Nf3 d5 d4 Nf6 c4 e6 Nc3 c6 e3 Nbd7 Qc2 Bd6 b3 O-O
9	Nf3 d5 d4 Nf6 c4 e6 Nc3 dxc4 e3 a6 a4
8	Nf3 d5 d4 Nf6 c4 e6 Nc3 dxc4 e4 Bb4 Bg5 c5 Bxc4 cxd4 Nxd4 Bxc3+ bxc3 Qa5
11	Nf3 d5 d4 Nf6 c4 e6 e3 Be7
12	Nf3 d5 d4 Nf6 c4 e6 g3 Bb4+ Bd2 Be7 Bg2 O-O O-O Nbd7 Qc2 c6
8	Nf3 d5 d4 Nf6 c4 e6 g3 Bb4+ Bd2 Be7 Bg2 O-O O-O c6 Qc2 Nbd7
9	Nf3 d5 d4 Nf6 c4 e6 g3 Bb4+ Bd2 Be7 Bg2 c6 O-O
8	Nf3 d5 d4 Nf6 c4 e6 g3 Bb4+ Bd2 Be7 Bg2 c6 Qc2
8	Nf3 d5 d4 Nf6 c4 e6 g3 Bb4+ Bd2 a5
8	Nf3 d5 d4 Nf6 c4 e6 g3 Be7 Bg2 O-O O-O dxc4 Qc2 a6 Qxc4 b5 Qc2 Bb7
14	Nf3 d5 d4 Nf6 c4 e6 g3 Be7 Bg2 O-O O-O dxc4 Qc2 a6 a4 Bd7 Qxc4 Bc6 Bg5
9	Nf3 d5 d4 Nf6 c4 e6 g3 dxc4 Bg2 a6 O-O
12	Nf3 d5 d4 Nf6 c4 e6 g3 dxc4 Bg2 c5 O-O Nc6
9	Nf3 d5 d4 Nf6 c4 e6 g3 dxc4 Qa4+
8	Nf3 d5 d4 Nf6 e3 e6 Bd3
9	Nf3 d5 d4 Nf6 g3
8	Nf3 d5 d4 c5 c4 dxc4
8	Nf3 d5 d4 c6 c4 Nf6 Nc3 a6
13	Nf3 d5 d4 c6 c4 Nf6 Nc3 dxc4 a4 Bf5
10	Nf3 d5 d4 c6 c4 Nf6 Nc3 e6
8	Nf3 d5 d4 c6 c4 Nf6 e3 Bf5 Nc3
8	Nf3 d5 d4 c6 c4 dxc4
12	Nf3 d5 d4 c6 c4 e6 e3
10	Nf3 d5 d4 e6 c4 Nf6
10	Nf3 d5 d4 e6 c4 a6
10	Nf3 d5 d4 e6 c4 c6
10	Nf3 d5 d4 e6 c4 dxc4 e3 Nf6 Bxc4
9	Nf3 d5 d4 e6 g3
18	Nf3 d5 e3 Nf6 b3 Bf5
12	Nf3 d5 e3 Nf6 b3 e6 Bb2
8	Nf3 d5 e3 Nf6 b3 g6 Bb2 Bg7
12	Nf3 d5 e3 Nf6 c4 c6 Nc3 Nbd7
9	Nf3 d5 e3 Nf6 c4 c6 Nc3 a6 d4
9	Nf3 d5 e3 Nf6 c4 c6 Nc3 e6 b3 Bd6 Bb2 O-O Be2
8	Nf3 d5 e3 Nf6 c4 c6 Nc3 e6 b3 Bd6 Bb2 O-O d4 Nbd7
9	Nf3 d5 e3 Nf6 c4 c6 Qc2
8	Nf3 d5 e3 Nf6 c4 c6 d4 Bf5 Nc3 e6 Nh4
14	Nf3 d5 e3 Nf6 c4 dxc4 Bxc4 e6
14	Nf3 d5 e3 Nf6 c4 e6 Nc3 Bd6 b3 O-O Bb2 Re8
8	Nf3 d5 e3 Nf6 c4 e6 Nc3 Be7 b3 O-O Bb2 b6
8	Nf3 d5 e3 Nf6 c4 e6 Nc3 Be7 b3 O-O Bb2 c5 cxd5 Nxd5
8	Nf3 d5 e3 Nf6 c4 e6 Nc3 Be7 b3 O-O Bb2 c5 cxd5 exd5 d4 Nc6
8	Nf3 d5 e3 Nf6 c4 e6 Nc3 Be7 b3 O-O Bb2 dxc4
8	Nf3 d5 e3 Nf6 c4 e6 Nc3 Nbd7
11	Nf3 d5 e3 Nf6 c4 e6 Nc3 a6 b3
8	Nf3 d5 e3 Nf6 c4 e6 Nc3 b6 b3 Bb7 Bb2 Nbd7
8	Nf3 d5 e3 Nf6 c4 e6 Nc3 b6 cxd5 exd5
9	Nf3 d5 e3 Nf6 c4 e6 Nc3 c5 cxd5 exd5 d4 Nc6 Bb5 cxd4 Nxd4 Bd7
8	Nf3 d5 e3 Nf6 c4 e6 Nc3 dxc4 Bxc4 a6 O-O b5
8	Nf3 d5 e3 Nf6 c4 e6 b3 Bd6 Bb2 O-O Nc3 Re8
8	Nf3 d5 e3 Nf6 c4 e6 b3 Bd6 Bb2 O-O Nc3 c5
8	Nf3 d5 e3 Nf6 c4 e6 b3 Bd6 Bb2 O-O g3
9	Nf3 d5 e3 Nf6 c4 e6 b3 Be7 Bb2 O-O Nc3 c5 cxd5 Nxd5
8	Nf3 d5 e3 Nf6 c4 e6 b3 Be7 Bb2 O-O Nc3 c5 cxd5 exd5
10	Nf3 d5 e3 Nf6 c4 e6 b3 b6 Bb2 Bb7 Nc3
10	Nf3 d5 e3 Nf6 c4 e6 b3 b6 Bb2 Bb7 cxd5 exd5
8	Nf3 d5 e3 Nf6 c4 e6 b3 c5 Bb2 Nc6 cxd5 exd5 Bb5 Bd6 O-O O-O d4 cxd4 Nxd4 Bc7 Nd2
10	Nf3 d5 e3 Nf6 c4 e6 b3 c5 Bb2 Nc6 cxd5 exd5 Be2 d4
20	Nf3 d5 e3 Nf6 c4 e6 d4
12	Nf3 d5 e3 Nf6 d4
9	Nf3 d5 e3 c5 b3 Nc6 Bb2 a6
8	Nf3 d5 e3 c5 b3 Nc6 Bb5 f6
8	Nf3 d5 e3 c5 b3 Nf6 Bb2 g6 c4 dxc4 Bxc4 Bg7 O-O O-O
8	Nf3 d5 e3 c5 b3 a6 Bb2 Nc6 d4 Nf6 dxc5 e6 c4
8	Nf3 d5 e3 c5 d4 Nf6
9	Nf3 d5 e3 c6 c4 Nf6 Nc3
9	Nf3 d5 e3 e6
11	Nf3 d5 e3 g6 c4 c6
8	Nf3 d5 g3 Bf5 Bg2 e6
9	Nf3 d5 g3 Bg4 Bg2 Nd7 O-O Ngf6 d3
14	Nf3 d5 g3 Bg4 Bg2 Nd7 O-O c6 d3
8	Nf3 d5 g3 Bg4 Bg2 Nd7 O-O e6 d3
8	Nf3 d5 g3 Bg4 Bg2 Nd7 c4 e6 cxd5 exd5 O-O Ngf6 d3
8	Nf3 d5 g3 Bg4 Bg2 Nd7 c4 e6 cxd5 exd5 h3
9	Nf3 d5 g3 Bg4 Bg2 Nd7 d4 e6 O-O
12	Nf3 d5 g3 Bg4 Bg2 Nd7 h3 Bh5
11	Nf3 d5 g3 Bg4 Bg2 c6 O-O Nd7 d3
10	Nf3 d5 g3 Bg4 Bg2 c6 O-O Nd7 h3 Bh5
8	Nf3 d5 g3 Bg4 Bg2 c6 O-O Nf6 d3
14	Nf3 d5 g3 Bg4 Bg2 c6 O-O e6
8	Nf3 d5 g3 Bg4 Bg2 c6 c4 e6 O-O Nf6 d3
11	Nf3 d5 g3 Bg4 Bg2 c6 c4 e6 cxd5 Bxf3 Bxf3 cxd5 O-O
11	Nf3 d5 g3 Bg4 Bg2 c6 d3
10	Nf3 d5 g3 Bg4 Bg2 c6 h3 Bh5 O-O
11	Nf3 d5 g3 Bg4 Bg2 e6 O-O Nf6 d3 Be7
8	Nf3 d5 g3 Bg4 Bg2 e6 O-O Nf6 h3 Bh5
11	Nf3 d5 g3 Bg4 Bg2 e6 c4 c6 O-O Nf6
9	Nf3 d5 g3 Bg4 Bg2 e6 h3
10	Nf3 d5 g3 Nc6 Bg2 e5 d3
10	Nf3 d5 g3 Nc6 d4 Bf5 Bg2 Nb4 Na3 e6 O-O Be7 c3 Nc6
8	Nf3 d5 g3 Nc6 d4 Bf5 Bg2 Nb4 Na3 e6 O-O Nf6
12	Nf3 d5 g3 Nc6 d4 Bf5 Bg2 Nb4 Na3 e6 O-O h6
11	Nf3 d5 g3 Nc6 d4 Bf5 Bg2 Nb4 Na3 e6 c3 Nc6
14	Nf3 d5 g3 Nc6 d4 Bf5 Bg2 e6 O-O Nb4 Na3
8	Nf3 d5 g3 Nc6 d4 Bg4 Bg2 Qd7
9	Nf3 d5 g3 Nd7 Bg2 e5 O-O Ngf6 d3
8	Nf3 d5 g3 Nd7 Bg2 e5 d3 Ngf6 O-O
11	Nf3 d5 g3 Nd7 d4 Nb6 Bg2 Bf5 O-O e6
10	Nf3 d5 g3 Nd7 d4 Nb6 Nbd2
11	Nf3 d5 g3 Nd7 d4 Nb6 Nc3 Bf5 Nh4 Bg4
10	Nf3 d5 g3 Nd7 d4 Nb6 a4 a5
9	Nf3 d5 g3 Nd7 d4 Ngf6 Bg2 e6
11	Nf3 d5 g3 Nd7 d4 b5
14	Nf3 d5 g3 Nf6 Bg2 Bf5
9	Nf3 d5 g3 Nf6 Bg2 Bg4 O-O
9	Nf3 d5 g3 Nf6 Bg2 c5 O-O Nc6 d4 e6 c4 dxc4 dxc5 Qxd1 Rxd1 Bxc5 Nbd2 c3 bxc3 O-O Nb3 Be7 c4 Bd7 Bb2
10	Nf3 d5 g3 Nf6 Bg2 c5 O-O e6 c4 d4 e3 Nc6 exd4 cxd4 d3
9	Nf3 d5 g3 Nf6 Bg2 c5 O-O e6 d3
12	Nf3 d5 g3 Nf6 Bg2 c5 O-O g6 c4 Bg7 cxd5 Nxd5
11	Nf3 d5 g3 Nf6 Bg2 c5 O-O g6 d4 cxd4 Nxd4 Bg7
9	Nf3 d5 g3 Nf6 Bg2 c6 O-O Bf5 c4 e6
11	Nf3 d5 g3 Nf6 Bg2 c6 O-O Bf5 d3 e6
12	Nf3 d5 g3 Nf6 Bg2 c6 O-O Bg4 c4 e6
9	Nf3 d5 g3 Nf6 Bg2 c6 O-O Bg4 d3 Nbd7
9	Nf3 d5 g3 Nf6 Bg2 c6 O-O Bg4 h3 Bh5
17	Nf3 d5 g3 Nf6 Bg2 c6 c4
8	Nf3 d5 g3 Nf6 Bg2 c6 d3
8	Nf3 d5 g3 Nf6 Bg2 e6 O-O Be7 b3 O-O Bb2 c5
8	Nf3 d5 g3 Nf6 Bg2 e6 O-O Be7 c4 O-O b3 b6 Bb2 Bb7 cxd5
9	Nf3 d5 g3 Nf6 Bg2 e6 O-O Be7 c4 O-O b3 c5 Bb2 Nc6
9	Nf3 d5 g3 Nf6 Bg2 e6 O-O Be7 c4 O-O b3 c5 cxd5 Nxd5 Bb2 Nc6
13	Nf3 d5 g3 Nf6 Bg2 e6 O-O Be7 c4 O-O b3 d4 e3 c5
9	Nf3 d5 g3 Nf6 Bg2 e6 O-O Be7 c4 O-O d4 dxc4 Qc2 a6 a4 Bd7 Qxc4 Bc6 Bg5
9	Nf3 d5 g3 Nf6 Bg2 e6 O-O Be7 d3 O-O Bf4
8	Nf3 d5 g3 Nf6 Bg2 e6 O-O Be7 d3 O-O Nbd2 Nc6 e4 dxe4 dxe4 e5 c3
11	Nf3 d5 g3 Nf6 Bg2 e6 O-O Be7 d3 O-O Nbd2 a5 e4 a4
8	Nf3 d5 g3 Nf6 Bg2 e6 O-O Be7 d3 O-O Nbd2 c5 e4 Nc6 Re1 b5 e5 Nd7 Nf1 a5 h4
9	Nf3 d5 g3 Nf6 Bg2 e6 O-O Be7 d3 c5
9	Nf3 d5 g3 Nf6 Bg2 e6 O-O Be7 d4 O-O c4 dxc4 Qc2 a6 a4 Bd7
8	Nf3 d5 g3 Nf6 Bg2 e6 O-O c5 c4
11	Nf3 d5 g3 Nf6 Bg2 e6 c4 Be7 O-O O-O
8	Nf3 d5 g3 Nf6 Bg2 e6 c4 Be7 d4 O-O
9	Nf3 d5 g3 Nf6 Bg2 e6 d3 Be7
9	Nf3 d5 g3 Nf6 Bg2 g6 O-O Bg7 c4
9	Nf3 d5 g3 Nf6 Bg2 g6 O-O Bg7 d3 O-O
9	Nf3 d5 g3 Nf6 Bg2 g6 O-O Bg7 d4 O-O c4 c6
8	Nf3 d5 g3 Nf6 Bg2 g6 b3 Bg7 Bb2 O-O c4
13	Nf3 d5 g3 Nf6 Bg2 g6 c4 c6 b3 Bg7 Bb2 O-O O-O
8	Nf3 d5 g3 Nf6 Bg2 g6 c4 dxc4 Qa4+ Nfd7
12	Nf3 d5 g3 b6 Bg2 Bb7 O-O e6
10	Nf3 d5 g3 c5 Bg2 Nc6 O-O
10	Nf3 d5 g3 c5 Bg2 Nc6 d4 Nf6 O-O e6 c4 dxc4 Qa4 Bd7 Qxc4
9	Nf3 d5 g3 c5 Bg2 Nc6 d4 Nf6 O-O e6 c4 dxc4 dxc5 Qxd1 Rxd1 Bxc5 Nbd2 c3 bxc3 O-O Nb3 Be7 Nfd4
11	Nf3 d5 g3 c5 Bg2 Nc6 d4 e6 O-O Nf6 c4 dxc4
8	Nf3 d5 g3 c5 Bg2 Nc6 d4 e6 O-O cxd4 Nxd4
10	Nf3 d5 g3 c5 Bg2 Nf6 O-O Nc6 d4
9	Nf3 d5 g3 c5 Bg2 Nf6 O-O e6 c4 d4
8	Nf3 d5 g3 c5 Bg2 Nf6 O-O e6 d3 Nc6
8	Nf3 d5 g3 c5 Bg2 Nf6 O-O e6 d4 cxd4 Nxd4 e5
8	Nf3 d5 g3 c5 Bg2 Nf6 O-O g6 c4 Bg7
9	Nf3 d5 g3 c5 Bg2 Nf6 O-O g6 d4 cxd4 Nxd4 Bg7
8	Nf3 d5 g3 c5 Bg2 e6 O-O Nf6
10	Nf3 d5 g3 c5 c4 d4
9	Nf3 d5 g3 c6 Bg2 Bf5 O-O e6 c4
8	Nf3 d5 g3 c6 Bg2 Bf5 O-O e6 d3 Nf6
8	Nf3 d5 g3 c6 Bg2 Bf5 O-O e6 d3 h6
8	Nf3 d5 g3 c6 Bg2 Bf5 c4 e6 cxd5
11	Nf3 d5 g3 c6 Bg2 Bf5 d3
9	Nf3 d5 g3 c6 Bg2 Bg4 O-O Nd7 d3 Ngf6 Nbd2 e5
17	Nf3 d5 g3 c6 Bg2 Bg4 O-O Nd7 d3 e6
8	Nf3 d5 g3 c6 Bg2 Bg4 O-O Nd7 d4 e6 Nbd2 Ngf6 Re1 Be7 e4 O-O
9	Nf3 d5 g3 c6 Bg2 Bg4 O-O Nd7 h3 Bh5 d3
11	Nf3 d5 g3 c6 Bg2 Bg4 O-O Nd7 h3 Bh5 d4 e6 c4
15	Nf3 d5 g3 c6 Bg2 Bg4 O-O Nf6
15	Nf3 d5 g3 c6 Bg2 Bg4 O-O e6 d3
8	Nf3 d5 g3 c6 Bg2 Bg4 O-O e6 h3 Bh5
11	Nf3 d5 g3 c6 Bg2 Bg4 c4 e6 O-O Nd7 cxd5 exd5
13	Nf3 d5 g3 c6 Bg2 Bg4 c4 e6 O-O Nf6 d3
11	Nf3 d5 g3 c6 Bg2 Bg4 c4 e6 cxd5 Bxf3 Bxf3 cxd5 O-O Nc6
11	Nf3 d5 g3 c6 Bg2 Bg4 d3 Nd7
9	Nf3 d5 g3 c6 Bg2 Bg4 h3 Bh5 O-O Nd7
10	Nf3 d5 g3 c6 Bg2 Bg4 h3 Bh5 O-O e6
10	Nf3 d5 g3 c6 Bg2 Bg4 h3 Bh5 c4 e6 O-O
14	Nf3 d5 g3 c6 Bg2 Bg4 h3 Bxf3 Bxf3
8	Nf3 d5 g3 c6 Bg2 Nf6 O-O Bf5 c4 e6
8	Nf3 d5 g3 c6 Bg2 Nf6 O-O Bg4 d3 Nbd7
9	Nf3 d5 g3 c6 c4 Bg4
9	Nf3 d5 g3 e6 Bg2 Nf6 O-O Bd6
8	Nf3 d5 g3 e6 Bg2 Nf6 O-O Be7 d3 O-O
10	Nf3 d5 g3 g6 Bg2 Bg7 O-O Nf6 c4 c6 b3 Ne4 d4 O-O Bb2
9	Nf3 d5 g3 g6 Bg2 Bg7 O-O Nf6 d3 O-O Nbd2
9	Nf3 d5 g3 g6 Bg2 Bg7 O-O e5 c4
13	Nf3 d5 g3 g6 Bg2 Bg7 O-O e5 d3 Nc6 Nc3 Nge7 e4
11	Nf3 d5 g3 g6 Bg2 Bg7 O-O e5 d3 Nc6 e4 Nge7
9	Nf3 d5 g3 g6 Bg2 Bg7 O-O e5 d3 Nc6 e4 dxe4 dxe4 Qxd1 Rxd1 Bg4 c3 Nf6
8	Nf3 d5 g3 g6 Bg2 Bg7 O-O e5 d3 Ne7 Nbd2 O-O
8	Nf3 d5 g3 g6 Bg2 Bg7 O-O e5 d3 Ne7 c4 c6 e4
8	Nf3 d5 g3 g6 Bg2 Bg7 O-O e5 d3 Ne7 c4 dxc4 dxc4
9	Nf3 d5 g3 g6 Bg2 Bg7 O-O e5 d3 Ne7 e4 O-O exd5 Nxd5 Re1 Nc6 Nc3 Nde7
8	Nf3 d5 g3 g6 Bg2 Bg7 c4 dxc4 Na3
8	Nf3 d5 g3 g6 Bg2 Bg7 c4 dxc4 Qa4+ Nc6
10	Nf3 d5 g3 g6 Bg2 Bg7 d4 Nd7 O-O Ngf6 a4 a5
8	Nf3 d5 g3 g6 Bg2 Bg7 d4 Nd7 O-O Ngf6 c4 dxc4
15	Nf3 d5 g3 g6 Bg2 Bg7 d4 Nf6 O-O O-O Nbd2
8	Nf3 d5 g3 g6 Bg2 Bg7 d4 Nf6 O-O O-O c3 Nbd7 a4
11	Nf3 d5 g3 g6 Bg2 Bg7 d4 Nf6 O-O O-O c3 a5 a4
10	Nf3 d5 g3 g6 Bg2 Bg7 d4 Nf6 O-O O-O c3 c6 Nbd2
11	Nf3 d5 g3 g6 Bg2 Bg7 d4 Nf6 O-O O-O c4 c6 Nbd2
9	Nf3 d5 g3 g6 Bg2 Bg7 d4 Nf6 O-O O-O c4 c6 Ne5
10	Nf3 d5 g3 g6 Bg2 Bg7 d4 Nf6 O-O O-O c4 c6 Qa4
10	Nf3 d5 g3 g6 Bg2 Bg7 d4 Nf6 O-O O-O c4 c6 Qb3 Qb6 Nc3 Rd8
8	Nf3 d5 g3 g6 Bg2 Bg7 d4 Nf6 O-O O-O c4 c6 Qb3 a5 Rd1 a4 Qb4
10	Nf3 d5 g3 g6 Bg2 Bg7 d4 Nf6 O-O O-O c4 c6 a4
11	Nf3 d5 g3 g6 Bg2 Bg7 d4 Nf6 O-O O-O c4 c6 b3 Bf5 Bb2
13	Nf3 d5 g3 g6 Bg2 Bg7 d4 Nf6 O-O O-O c4 c6 b3 dxc4 bxc4 c5 Bb2
11	Nf3 d5 g3 g6 Bg2 Bg7 d4 Nf6 O-O O-O c4 c6 cxd5 cxd5 Nc3 Ne4
11	Nf3 d5 g3 g6 Bg2 Bg7 d4 Nf6 O-O O-O c4 dxc4 Na3 c3 bxc3 c5
9	Nf3 d5 g3 g6 Bg2 Bg7 d4 Nf6 O-O O-O c4 dxc4 Na3 c5 Nxc4 Be6
8	Nf3 d5 g3 g6 Bg2 Bg7 d4 Nf6 O-O O-O c4 dxc4 Na3 c5 dxc5 c3 Nb5 Na6 Nxc3 Nxc5 Be3 Nfe4 Nxe4 Nxe4 Bd4 Bxd4 Qxd4 Qxd4 Nxd4
9	Nf3 d5 g3 g6 Bg2 Bg7 d4 Nf6 O-O c6 b3
9	Nf3 d5 g3 g6 Bg2 Bg7 d4 Nf6 c4 c6 O-O O-O
8	Nf3 d5 g3 g6 Bg2 Bg7 d4 Nf6 c4 c6 Qb3
15	Nf3 d5 g3 g6 Bg2 Bg7 d4 Nf6 c4 c6 cxd5 cxd5 Nc3 O-O Ne5
8	Nf3 d5 g3 g6 Bg2 Bg7 d4 Nf6 c4 dxc4 Na3 O-O
9	Nf3 d5 g3 g6 Bg2 Bg7 d4 c6 O-O Nf6 b3 O-O Bb2 Bf5 c4
9	Nf3 d5 g3 g6 Bg2 Bg7 d4 c6 O-O Nf6 b3 O-O Bb2 a5
12	Nf3 d5 g3 g6 Bg2 Bg7 d4 c6 O-O Nf6 c4
14	Nf3 d5 g3 g6 c4 c6 Qa4
8	Nf3 d5 g3 g6 c4 d4
10	Nf3 d5 g3 g6 c4 dxc4 Na3 Bg7 Nxc4 Nc6 Bg2 e5 d3 Nge7
9	Nf3 d5 g3 g6 c4 dxc4 Na3 Bg7 Nxc4 Nc6 d3 e5 Bd2 Nge7 Bg2
8	Nf3 d5 g3 g6 c4 dxc4 Qa4+ Nc6 Bg2 Bg7
8	Nf3 d5 g3 g6 c4 dxc4 Qa4+ Nc6 Qxc4 Bg7
9	Nf3 d5 g3 g6 d4 Bg7 Bg2 Nf6 O-O O-O
8	Nf3 d6 d4 Bg4 e4 Nf6 Nc3 e6
8	Nf3 d6 d4 Nf6 Nc3 Nbd7 e4 e5
8	Nf3 d6 d4 Nf6 c4 g6 Nc3
8	Nf3 d6 d4 Nf6 g3 g6 Bg2 Bg7 O-O
8	Nf3 d6 d4 f5
10	Nf3 d6 d4 g6 e4 Bg7
8	Nf3 d6 d4 g6 g3 Bg7 Bg2
9	Nf3 d6 e4 Nf6 Nc3
9	Nf3 e6 c4 b6 g3
8	Nf3 e6 c4 d5 d4
9	Nf3 e6 d4
8	Nf3 e6 g3 b5 Bg2 Bb7 O-O
10	Nf3 f5 c4 Nf6
8	Nf3 f5 d3 Nc6 e4 e5
8	Nf3 f5 d3 d6 e4 e5 Nc3
9	Nf3 f5 d4 Nf6 c4 g6
8	Nf3 f5 d4 Nf6 g3 g6 Bg2 Bg7
8	Nf3 f5 g3 Nf6 Bg2 d6
9	Nf3 f5 g3 Nf6 Bg2 g6 O-O Bg7 d4 O-O c4 d6 Nc3
8	Nf3 f5 g3 g6 Bg2 Bg7
18	Nf3 g6 c4 Bg7 Nc3
8	Nf3 g6 c4 Bg7 d4 Nf6
8	Nf3 g6 c4 Bg7 e4
10	Nf3 g6 c4 Bg7 g3
10	Nf3 g6 d4 Bg7 c4 d6 Nc3
9	Nf3 g6 d4 Bg7 e4 d6 Bd3
8	Nf3 g6 d4 Bg7 e4 d6 Be2 Nf6 Nc3 O-O O-O
8	Nf3 g6 d4 Bg7 g3
14	Nf3 g6 d4 Nf6 c4 Bg7
10	Nf3 g6 d4 Nf6 g3 Bg7 Bg2
9	Nf3 g6 d4 d6
10	Nf3 g6 e4 Bg7 d4 d6 Bc4 Nf6 Qe2
9	Nf3 g6 e4 Bg7 d4 d6 Bd3 Nf6 O-O O-O Re1
8	Nf3 g6 e4 Bg7 d4 d6 Be2 Nf6 Nc3
11	Nf3 g6 e4 Bg7 d4 d6 Nc3
10	Nf3 g6 e4 Bg7 d4 d6 c3 Nf6 Bd3 O-O O-O
9	Nf3 g6 e4 Bg7 d4 d6 c4
12	Nf3 g6 e4 Nf6 e5 Nh5 d4 d6
8	Nf3 g6 e4 c5 c3 d5 e5
8	Nf3 g6 e4 c5 c3 d5 exd5 Qxd5
10	Nf3 g6 e4 c5 c4
9	Nf3 g6 e4 c5 d4 cxd4 Nxd4
12	Nf3 g6 e4 d6 c4
10	Nf3 g6 e4 d6 d4 Nf6 Bd3 Bg7 O-O O-O
8	Nf3 g6 e4 d6 d4 Nf6 Nc3 Bg7 Be2 O-O O-O a6
11	Nf3 g6 g3 Bg7 Bg2 Nf6 O-O O-O
8	Nf3 g6 g3 Bg7 Bg2 c5
9	Nf3 g6 g3 Bg7 Bg2 d6 O-O Bd7
9	Nf3 g6 g3 Bg7 Bg2 e5 O-O
9	Nf3 g6 g3 Bg7 d4 d6 Bg2
10	Nh3 d5 g3
11	a3 Nf6
9	a3 a6
13	a3 d5 Nf3
9	a3 e5 c4 Nf6
8	a3 g6 e4
8	a4
8	b3 Nf6 Bb2 c5 Nf3
9	b3 Nf6 Bb2 d5 Nf3 Bf5
11	b3 Nf6 Bb2 d5 e3
12	b3 Nf6 Bb2 e6
12	b3 Nf6 Bb2 g6 Bxf6 exf6 c4
8	b3 Nf6 Bb2 g6 Nf3 Bg7 e3
9	b3 Nf6 Bb2 g6 Nf3 Bg7 g3 O-O Bg2
8	b3 Nf6 Bb2 g6 c4 Bg7 g3
10	b3 Nf6 Bb2 g6 e3 Bg7 Nf3 O-O d4
11	b3 Nf6 Bb2 g6 g3 Bg7 Bg2 O-O Nf3
8	b3 Nf6 Bb2 g6 g3 Bg7 Bg2 O-O c4
10	b3 a5
11	b3 b6 Bb2 Bb7 Nf3 Nf6
9	b3 b6 e4 Bb7 Nc3
10	b3 c5 Bb2 Nc6 Nf3
8	b3 d5 Bb2 Bf5 Nf3 e6 e3
11	b3 d5 Bb2 Bf5 Nf3 e6 g3 Nf6 Bg2
10	b3 d5 Bb2 Bf5 Nf3 e6 g3 h6 Bg2 Nf6
12	b3 d5 Bb2 Bf5 d3 e6 Nd2 Nf6 g3 h6 Bg2
12	b3 d5 Bb2 Bf5 e3 e6 Nf3
10	b3 d5 Bb2 Bg4 f3 Bf5 e3 e6
11	b3 d5 Bb2 Bg4 f3 Bh5
8	b3 d5 Bb2 Bg4 h3 Bh5
15	b3 d5 Bb2 Nf6 Nf3 Bf5
10	b3 d5 Bb2 Nf6 Nf3 e6
8	b3 d5 Bb2 Nf6 e3 Bf5
11	b3 d5 Bb2 c5 Nf3 f6
11	b3 d5 Bb2 c5 e3 Nc6
8	b3 d5 Bb2 c5 e3 Nf6 Nf3
9	b3 d5 Bb2 c5 e3 a6 Nf3 Nc6
10	b3 d5 Bb2 c6 e3 Nf6
10	b3 d5 Bb2 e6
12	b3 d5 Nf3
8	b3 d5 e3
13	b3 d6 Bb2
9	b3 e5 Bb2 Nc6 Nf3 e4 Nd4 Nf6
9	b3 e5 Bb2 Nc6 c4 Nf6 Nf3 e4 Nd4 Bc5 Nf5 O-O e3 d5 cxd5
9	b3 e5 Bb2 Nc6 c4 g6 g3 Bg7 Bg2
8	b3 e5 Bb2 Nc6 e3 Nf6 Bb5 Bd6 Na3 Be7
8	b3 e5 Bb2 Nc6 e3 Nf6 Bb5 Bd6 Na3 Na5 Be2 a6
8	b3 e5 Bb2 Nc6 e3 Nf6 Bb5 Bd6 Na3 e4 Nc4 Be7 Bxc6
8	b3 e5 Bb2 Nc6 e3 Nf6 Bb5 Bd6 Ne2 O-O
8	b3 e5 Bb2 Nc6 e3 Nf6 Bb5 e4 Ne2
12	b3 e5 Bb2 Nc6 e3 Nf6 Nf3 e4 Nd4
12	b3 e5 Bb2 Nc6 e3 Nf6 c4
9	b3 e5 Bb2 Nc6 e3 d5 Bb5 Bd6 f4
8	b3 e5 Bb2 Nc6 e3 d6
9	b3 e5 Bb2 Nc6 e3 g6 Nf3 Bg7
10	b3 e5 Bb2 Nc6 e3 g6 c4 Bg7
9	b3 e5 Bb2 d6 e3 g6
10	b3 g6 Bb2 Nf6 Nf3 Bg7
11	b3 g6 Bb2 Nf6 g3 Bg7 Bg2
13	b4 Nf6 Bb2
8	b4 d5 Bb2
9	b4 e5 Bb2 Bxb4 Bxe5 Nf6 e3 O-O
9	c3 d5
8	c4 Nc6
11	c4 Nf6 Nc3 b6
8	c4 Nf6 Nc3 c5 Nf3 Nc6 d4 cxd4 Nxd4 e6 a3
9	c4 Nf6 Nc3 c5 Nf3 Nc6 g3
19	c4 Nf6 Nc3 c5 Nf3 d5 cxd5 Nxd5
9	c4 Nf6 Nc3 c5 Nf3 e6 d4
13	c4 Nf6 Nc3 c5 Nf3 e6 e3
8	c4 Nf6 Nc3 c5 Nf3 e6 e4 Nc6 Be2 d5
10	c4 Nf6 Nc3 c5 Nf3 e6 g3 b6 Bg2 Bb7 O-O Be7 d4 cxd4 Qxd4 O-O Rd1
8	c4 Nf6 Nc3 c5 Nf3 e6 g3 d5 cxd5 exd5 d4
13	c4 Nf6 Nc3 c5 g3 Nc6 Bg2
12	c4 Nf6 Nc3 c5 g3 d5 cxd5 Nxd5 Bg2 Nc7
9	c4 Nf6 Nc3 c5 g3 e6 Nf3 b6 Bg2 Bb7 O-O Be7 Re1
12	c4 Nf6 Nc3 c5 g3 e6 Nf3 d5 cxd5 exd5 d4 Nc6 Bg2 cxd4 Nxd4 Bc5
19	c4 Nf6 Nc3 c5 g3 g6 Bg2 Bg7
12	c4 Nf6 Nc3 c6
15	c4 Nf6 Nc3 d5 cxd5 Nxd5 Nf3 g6
8	c4 Nf6 Nc3 d5 cxd5 Nxd5 g3 Nxc3 bxc3
17	c4 Nf6 Nc3 d5 cxd5 Nxd5 g3 g6 Bg2 Nb6
8	c4 Nf6 Nc3 d5 cxd5 Nxd5 g3 g6 Bg2 Nxc3 bxc3 Bg7 Rb1
11	c4 Nf6 Nc3 d6
8	c4 Nf6 Nc3 e5 Nf3 Nc6 a3 d5 cxd5 Nxd5 Qc2 Nxc3 bxc3 Bd6 g3
10	c4 Nf6 Nc3 e5 Nf3 Nc6 a3 d5 cxd5 Nxd5 Qc2 Nxc3 dxc3
9	c4 Nf6 Nc3 e5 Nf3 Nc6 a3 g6 g3 Bg7 Bg2 O-O O-O d6 d3
11	c4 Nf6 Nc3 e5 Nf3 Nc6 d3 Bb4 Bd2 O-O e3
11	c4 Nf6 Nc3 e5 Nf3 Nc6 d3 Bb4 Bd2 O-O g3
9	c4 Nf6 Nc3 e5 Nf3 Nc6 d3 d5 cxd5 Nxd5 e4 Nf6 h3
9	c4 Nf6 Nc3 e5 Nf3 Nc6 d3 d5 cxd5 Nxd5 g3
8	c4 Nf6 Nc3 e5 Nf3 Nc6 d4 exd4 Nxd4 Bb4 g3
9	c4 Nf6 Nc3 e5 Nf3 Nc6 e3 Bb4 Nd5 e4
15	c4 Nf6 Nc3 e5 Nf3 Nc6 e3 Bb4 Qc2 Bxc3 Qxc3 Qe7 d4
12	c4 Nf6 Nc3 e5 Nf3 Nc6 e3 Bb4 Qc2 Bxc3 bxc3 O-O
8	c4 Nf6 Nc3 e5 Nf3 Nc6 e3 Bb4 Qc2 Bxc3 bxc3 d6
8	c4 Nf6 Nc3 e5 Nf3 Nc6 e3 Bb4 Qc2 O-O Nd5 Re8
8	c4 Nf6 Nc3 e5 Nf3 Nc6 e3 g6
12	c4 Nf6 Nc3 e5 Nf3 Nc6 e4 Bb4 d3 d6 Be2
12	c4 Nf6 Nc3 e5 Nf3 Nc6 e4 Bb4 d3 d6 a3 Bc5 b4 Bb6 Be3
8	c4 Nf6 Nc3 e5 Nf3 Nc6 e4 Bb4 d3 d6 a3 Bc5 b4 Bb6 Na4 Bd4 Rb1
8	c4 Nf6 Nc3 e5 Nf3 Nc6 e4 Bc5 Nxe5 Nxe5 d4 Bb4 dxe5 Nxe4 Qf3
12	c4 Nf6 Nc3 e5 Nf3 Nc6 g3 Bb4 Bg2 O-O Nd5 Bc5
8	c4 Nf6 Nc3 e5 Nf3 Nc6 g3 Bb4 Bg2 O-O O-O Bxc3 bxc3 Re8
12	c4 Nf6 Nc3 e5 Nf3 Nc6 g3 Bb4 Bg2 O-O O-O Re8
12	c4 Nf6 Nc3 e5 Nf3 Nc6 g3 Bb4 Bg2 O-O O-O d6 d3 h6
9	c4 Nf6 Nc3 e5 Nf3 Nc6 g3 Bb4 Bg2 O-O O-O e4 Ng5 Bxc3 bxc3 Re8 f3 e3
10	c4 Nf6 Nc3 e5 Nf3 Nc6 g3 Bb4 Bg2 O-O O-O e4 Ng5 Bxc3 bxc3 Re8 f3 exf3 Nxf3
8	c4 Nf6 Nc3 e5 Nf3 Nc6 g3 Bb4 Nd5 Bc5 Bg2 d6 O-O O-O
9	c4 Nf6 Nc3 e5 Nf3 Nc6 g3 Bb4 Nd5 Bc5 d3 h6 Bg2
12	c4 Nf6 Nc3 e5 Nf3 Nc6 g3 Bb4 Nd5 e4 Nh4 O-O Bg2
8	c4 Nf6 Nc3 e5 Nf3 Nc6 g3 Bc5 Bg2 d6 O-O O-O e3
10	c4 Nf6 Nc3 e5 Nf3 Nc6 g3 Nd4 Bg2 Nxf3+ Bxf3 Bb4 O-O O-O
8	c4 Nf6 Nc3 e5 Nf3 Nc6 g3 Nd4 Bg2 Nxf3+ Bxf3 Bb4 Qb3 Bc5 O-O O-O Na4
8	c4 Nf6 Nc3 e5 Nf3 Nc6 g3 Nd4 Bg2 Nxf3+ Bxf3 Bb4 Qb3 Bc5 d3
11	c4 Nf6 Nc3 e5 Nf3 Nc6 g3 Nd4 Bg2 Nxf3+ Bxf3 Bc5
9	c4 Nf6 Nc3 e5 Nf3 Nc6 g3 d5 cxd5 Nxd5 Bg2 Bc5 O-O O-O Qc2
8	c4 Nf6 Nc3 e5 Nf3 Nc6 g3 d5 cxd5 Nxd5 Bg2 Bc5 O-O O-O d3 Bb6
14	c4 Nf6 Nc3 e5 Nf3 Nc6 g3 d5 cxd5 Nxd5 Bg2 Bc5 O-O O-O d3 h6 Nxd5 Qxd5 Bd2
9	c4 Nf6 Nc3 e5 Nf3 Nc6 g3 d5 cxd5 Nxd5 Bg2 Nb6 O-O Be7 Rb1 a5
11	c4 Nf6 Nc3 e5 Nf3 Nc6 g3 d5 cxd5 Nxd5 Bg2 Nb6 O-O Be7 a3 O-O b4 Be6 Rb1 f6 d3
10	c4 Nf6 Nc3 e5 Nf3 Nc6 g3 d5 cxd5 Nxd5 Bg2 Nb6 O-O Be7 a3 O-O b4 Be6 d3
8	c4 Nf6 Nc3 e5 Nf3 Nc6 g3 d5 cxd5 Nxd5 Bg2 Nb6 O-O Be7 a3 O-O b4 Re8 d3 Bf8
10	c4 Nf6 Nc3 e5 Nf3 Nc6 g3 d5 cxd5 Nxd5 Bg2 Nb6 O-O Be7 d3 O-O a3
10	c4 Nf6 Nc3 e5 Nf3 Nc6 g3 g6 Bg2 Bg7
8	c4 Nf6 Nc3 e5 e3 Bb4 Nge2 O-O a3 Be7
8	c4 Nf6 Nc3 e5 e3 Nc6 a3 d5 cxd5 Nxd5 Qc2
19	c4 Nf6 Nc3 e5 g3 Bb4 Bg2 O-O Nf3
8	c4 Nf6 Nc3 e5 g3 Bb4 Bg2 O-O e4 Bxc3 bxc3 c6
11	c4 Nf6 Nc3 e5 g3 Bb4 Nf3
8	c4 Nf6 Nc3 e5 g3 Bb4 e4 Bxc3
8	c4 Nf6 Nc3 e5 g3 c6 Nf3 e4 Nd4 Qb6
9	c4 Nf6 Nc3 e5 g3 d5 cxd5 Nxd5 Bg2 Nb6 Nf3 Nc6
8	c4 Nf6 Nc3 e6 Nf3 Bb4 Qc2
12	c4 Nf6 Nc3 e6 Nf3 b6 e4 Bb7
8	c4 Nf6 Nc3 e6 Nf3 b6 g3 Bb7 Bg2
8	c4 Nf6 Nc3 e6 Nf3 c5 g3
11	c4 Nf6 Nc3 e6 Nf3 d5 d4 Bb4
8	c4 Nf6 Nc3 e6 Nf3 d5 d4 Be7 Bf4 O-O e3 c5 dxc5 Bxc5
8	c4 Nf6 Nc3 e6 Nf3 d5 d4 Be7 Bg5
8	c4 Nf6 Nc3 e6 Nf3 d5 d4 dxc4
8	c4 Nf6 Nc3 e6 Nf3 d5 e3
11	c4 Nf6 Nc3 e6 d4 Bb4 Qc2
14	c4 Nf6 Nc3 e6 d4 Bb4 e3 O-O
8	c4 Nf6 Nc3 e6 e4 c5 Nf3 Nc6
10	c4 Nf6 Nc3 e6 e4 c5 e5 Ng8 Nf3 Nc6 d4 cxd4 Nxd4 Nxe5 Ndb5 a6 Nd6+ Bxd6 Qxd6 f6 Be3 Ne7 Bb6 Nf5
9	c4 Nf6 Nc3 e6 e4 c5 e5 Ng8 d4 cxd4 Qxd4 Nc6
8	c4 Nf6 Nc3 e6 e4 d5 cxd5 exd5 e5 Ne4 Nf3 Bf5 d3 Nxc3 bxc3 c5 d4 Qa5 Bd2
10	c4 Nf6 Nc3 e6 e4 d5 e5 d4 exf6 dxc3 bxc3 Qxf6 Nf3 Nc6
10	c4 Nf6 Nc3 e6 e4 d5 e5 d4 exf6 dxc3 bxc3 Qxf6 Nf3 b6 d4 Bb7 Bd3
11	c4 Nf6 Nc3 e6 e4 d5 e5 d4 exf6 dxc3 bxc3 Qxf6 Nf3 e5
8	c4 Nf6 Nc3 e6 e4 d5 e5 d4 exf6 dxc3 bxc3 Qxf6 d4 b6
12	c4 Nf6 Nc3 e6 e4 d5 e5 d4 exf6 dxc3 bxc3 Qxf6 d4 e5 Nf3 Nc6
8	c4 Nf6 Nc3 e6 e4 d5 e5 d4 exf6 dxc3 bxc3 Qxf6 d4 e5 Nf3 exd4 Bg5 Qe6+ Be2 Be7 cxd4
8	c4 Nf6 Nc3 g6 Nf3
9	c4 Nf6 Nc3 g6 d4 Bg7 e4 d6 Be2 O-O
12	c4 Nf6 Nc3 g6 e4 d6 d4 Bg7 Be2 O-O Be3
14	c4 Nf6 Nc3 g6 e4 d6 d4 Bg7 Nf3 O-O Be2 e5 O-O
12	c4 Nf6 Nc3 g6 e4 d6 d4 Bg7 f3 O-O Be3
9	c4 Nf6 Nc3 g6 g3 Bg7 Bg2 O-O Nf3 d6 O-O
11	c4 Nf6 Nc3 g6 g3 Bg7 Bg2 O-O d3 d6
8	c4 Nf6 Nc3 g6 g3 Bg7 Bg2 O-O d4 d6 Nf3 Nc6
12	c4 Nf6 Nc3 g6 g3 Bg7 Bg2 O-O e4
9	c4 Nf6 Nf3 b6 g3 Bb7 Bg2
8	c4 Nf6 Nf3 b6 g3 c5
13	c4 Nf6 Nf3 c5 Nc3 e6
9	c4 Nf6 Nf3 c5 g3
8	c4 Nf6 Nf3 c6 Nc3 d5 e3 a6
13	c4 Nf6 Nf3 c6 d4 d5
9	c4 Nf6 Nf3 c6 g3
22	c4 Nf6 Nf3 e6 Nc3 d5 d4
12	c4 Nf6 Nf3 e6 b3 b6 g3 Bb7 Bg2
12	c4 Nf6 Nf3 e6 b3 d5 Bb2 c5
13	c4 Nf6 Nf3 e6 d4 d5
8	c4 Nf6 Nf3 e6 g3 b6 Bg2 Bb7 O-O Be7
9	c4 Nf6 Nf3 e6 g3 d5 Bg2 Be7 O-O O-O b3 b6
10	c4 Nf6 Nf3 e6 g3 d5 Bg2 Be7 O-O O-O b3 c5
9	c4 Nf6 Nf3 e6 g3 d5 Bg2 Be7 O-O O-O d4 dxc4 Qc2 a6 a4
11	c4 Nf6 Nf3 e6 g3 d5 Bg2 Be7 d4 O-O
8	c4 Nf6 Nf3 e6 g3 d5 Bg2 d4 O-O c5 e3 Nc6 exd4 cxd4 d3
8	c4 Nf6 Nf3 e6 g3 d5 Bg2 dxc4 Qa4+ Bd7 Qxc4 c5
9	c4 Nf6 Nf3 e6 g3 d5 Bg2 dxc4 Qa4+ Nbd7 Qxc4 a6 Qc2 c5
12	c4 Nf6 Nf3 e6 g3 d5 Bg2 dxc4 Qa4+ Nbd7 Qxc4 c5
9	c4 Nf6 Nf3 e6 g3 d5 Bg2 dxc4 Qa4+ c6 Qxc4 b5
9	c4 Nf6 Nf3 g6 Nc3 Bg7 e4 d6 d4 O-O Be2 e5 O-O
22	c4 Nf6 Nf3 g6 Nc3 d5 cxd5 Nxd5
11	c4 Nf6 Nf3 g6 g3 Bg7 Bg2 O-O O-O
9	c4 Nf6 d4 c6 Bf4
12	c4 Nf6 d4 e6 Nc3 Bb4 e3 O-O
9	c4 Nf6 d4 e6 Nf3 b6
12	c4 Nf6 d4 e6 Nf3 d5
8	c4 Nf6 d4 e6 g3
10	c4 Nf6 d4 g6 Nc3
8	c4 Nf6 g3 c5 Bg2 Nc6
11	c4 Nf6 g3 c6 Bg2 d5 Nf3 dxc4
10	c4 Nf6 g3 c6 Bg2 d5 Nf3 g6
13	c4 Nf6 g3 c6 Nf3 d5 Bg2
9	c4 Nf6 g3 e5 Bg2 Nc6
11	c4 Nf6 g3 e5 Bg2 c6 d4
9	c4 Nf6 g3 e5 Bg2 d5 cxd5 Nxd5 Nc3 Nb6 Nf3 Nc6
8	c4 Nf6 g3 e6 Bg2 d5 Nf3 Be7 O-O O-O b3 b6 Bb2 Bb7
11	c4 Nf6 g3 e6 Bg2 d5 Nf3 Be7 O-O O-O d4 dxc4 Qc2 a6 a4
8	c4 Nf6 g3 e6 Bg2 d5 Nf3 Be7 d4 O-O
10	c4 Nf6 g3 e6 Bg2 d5 Nf3 d4
9	c4 Nf6 g3 e6 Bg2 d5 Nf3 dxc4 Qa4+ Bd7 Qxc4 c5
8	c4 Nf6 g3 e6 Bg2 d5 Nf3 dxc4 Qa4+ Nbd7 Qxc4 a6 Qc2 c5 Nc3
10	c4 Nf6 g3 e6 Bg2 d5 d4 Bb4+
8	c4 Nf6 g3 e6 Nf3 d5
9	c4 Nf6 g3 g6 Bg2 Bg7 Nc3 O-O Nf3
9	c4 Nf6 g3 g6 Bg2 Bg7 Nc3 O-O d4 d6 Nf3
8	c4 Nf6 g3 g6 Bg2 Bg7 d4 O-O
9	c4 b6 Nc3 Bb7 Nf3
11	c4 b6 Nc3 Bb7 d4 e6 a3
10	c4 b6 Nc3 Bb7 e4 e5 Nf3 Nc6
8	c4 b6 Nc3 e6
9	c4 b6 Nf3 Bb7 g3
8	c4 b6 d4 Bb7 Nc3 e6 a3
8	c4 b6 d4 e6 a3
9	c4 b6 d4 e6 e4 Bb4+
9	c4 b6 e4 Bb7 Nc3
9	c4 c5 Nc3 Nc6 Nf3 Nf6 g3
9	c4 c5 Nc3 Nc6 Nf3 g6
12	c4 c5 Nc3 Nc6 g3 g6 Bg2 Bg7 Nf3
10	c4 c5 Nc3 Nc6 g3 g6 Bg2 Bg7 d3 d6
9	c4 c5 Nc3 Nc6 g3 g6 Bg2 Bg7 e3
8	c4 c5 Nc3 Nf6 g3 d5 cxd5 Nxd5 Bg2
9	c4 c5 Nc3 g6 Nf3 Bg7
9	c4 c5 Nc3 g6 g3 Bg7 Bg2 Nc6 Nf3 d6
8	c4 c5 Nc3 g6 g3 Bg7 Bg2 Nc6 Nf3 e6
10	c4 c5 Nc3 g6 g3 Bg7 Bg2 Nc6 a3
12	c4 c5 Nc3 g6 g3 Bg7 Bg2 Nc6 d3
8	c4 c5 Nc3 g6 g3 Bg7 Bg2 Nc6 e3
10	c4 c5 Nf3 Nc6 Nc3 Nd4
11	c4 c5 Nf3 Nc6 Nc3 Nf6 d4 cxd4 Nxd4 e6
9	c4 c5 Nf3 Nc6 Nc3 Nf6 e3 e6 d4 d5 a3
8	c4 c5 Nf3 Nc6 Nc3 Nf6 e3 e6 d4 d5 cxd5 exd5 Bb5
8	c4 c5 Nf3 Nc6 Nc3 Nf6 g3 d5 cxd5 Nxd5 Bg2 g6
10	c4 c5 Nf3 Nc6 Nc3 Nf6 g3 d5 d4
11	c4 c5 Nf3 Nc6 Nc3 Nf6 g3 g6 Bg2 Bg7
15	c4 c5 Nf3 Nc6 Nc3 e5 e3 Nf6
10	c4 c5 Nf3 Nc6 Nc3 e5 g3 g6 Bg2 Bg7 O-O
8	c4 c5 Nf3 Nc6 Nc3 g6 e3 Bg7 d4 d6
11	c4 c5 Nf3 Nc6 Nc3 g6 e3 Nf6 d4 cxd4 exd4 d5 cxd5 Nxd5 Qb3 Nxc3 Bc4 e6 bxc3
10	c4 c5 Nf3 Nc6 Nc3 g6 e3 Nf6 d4 cxd4 exd4 d5 cxd5 Nxd5 Qb3 e6 Bb5 Bg7
8	c4 c5 Nf3 Nc6 Nc3 g6 g3 Bg7 Bg2
10	c4 c5 Nf3 Nc6 d4 cxd4 Nxd4 Nf6 Nc3 e6 a3 Bc5 Nb3
9	c4 c5 Nf3 Nc6 d4 cxd4 Nxd4 Nf6 Nc3 e6 a3 Be7 e4 O-O
8	c4 c5 Nf3 Nc6 d4 cxd4 Nxd4 Nf6 Nc3 e6 g3 Qb6 Ndb5 Ne5
17	c4 c5 Nf3 Nc6 d4 cxd4 Nxd4 Nf6 g3
9	c4 c5 Nf3 Nc6 d4 cxd4 Nxd4 Qb6
8	c4 c5 Nf3 Nc6 d4 cxd4 Nxd4 e6 Nc3 Nf6
10	c4 c5 Nf3 Nc6 e3
8	c4 c5 Nf3 Nc6 g3 g6 Bg2 Bg7 O-O
15	c4 c5 Nf3 Nf6 Nc3 Nc6 d4 cxd4 Nxd4 e6 a3
8	c4 c5 Nf3 Nf6 Nc3 Nc6 d4 cxd4 Nxd4 e6 e4 Bb4 Nxc6
8	c4 c5 Nf3 Nf6 Nc3 Nc6 d4 cxd4 Nxd4 e6 g3 Qb6 Nb3 Ne5 e4 Bb4 Qe2
8	c4 c5 Nf3 Nf6 Nc3 Nc6 d4 cxd4 Nxd4 e6 g3 Qb6 Ndb5 Ne5
8	c4 c5 Nf3 Nf6 Nc3 Nc6 e3 e6 d4 d5 a3 a6
10	c4 c5 Nf3 Nf6 Nc3 Nc6 e3 e6 d4 d5 cxd5
9	c4 c5 Nf3 Nf6 Nc3 Nc6 g3 d5 cxd5 Nxd5 Bg2 Nc7
8	c4 c5 Nf3 Nf6 Nc3 Nc6 g3 d5 cxd5 Nxd5 Bg2 g6 h4 Bg7 h5
8	c4 c5 Nf3 Nf6 Nc3 Nc6 g3 d5 d4 e6 cxd5 Nxd5 Bg2 cxd4 Nxd4 Nxc3 bxc3 Nxd4 Qxd4 Qxd4 cxd4
9	c4 c5 Nf3 Nf6 Nc3 Nc6 g3 g6 Bg2
9	c4 c5 Nf3 Nf6 Nc3 d5 cxd5 Nxd5 d4 Nxc3 bxc3 g6
8	c4 c5 Nf3 Nf6 Nc3 d5 cxd5 Nxd5 e3 Nxc3 bxc3
10	c4 c5 Nf3 Nf6 Nc3 d5 cxd5 Nxd5 e4 Nb4 Bc4 Nd3+ Ke2 Nf4+ Kf1
9	c4 c5 Nf3 Nf6 Nc3 d5 cxd5 Nxd5 g3 Nc6 Bg2 Nc7
9	c4 c5 Nf3 Nf6 Nc3 e6 d4 cxd4 Nxd4
8	c4 c5 Nf3 Nf6 Nc3 e6 e3
8	c4 c5 Nf3 Nf6 Nc3 e6 g3 Nc6 Bg2 d5 cxd5
9	c4 c5 Nf3 Nf6 Nc3 e6 g3 b6 Bg2 Bb7 O-O Be7 Re1
16	c4 c5 Nf3 Nf6 Nc3 e6 g3 b6 Bg2 Bb7 O-O Be7 d4 cxd4 Qxd4 d6
9	c4 c5 Nf3 Nf6 Nc3 e6 g3 d5 cxd5
9	c4 c5 Nf3 Nf6 b3
12	c4 c5 Nf3 Nf6 d4 cxd4 Nxd4 Nc6
8	c4 c5 Nf3 Nf6 d4 cxd4 Nxd4 e6 Nc3
10	c4 c5 Nf3 Nf6 d4 cxd4 Nxd4 e6 g3
9	c4 c5 Nf3 Nf6 g3 Nc6 Bg2 d5 cxd5 Nxd5 Nc3
11	c4 c5 Nf3 Nf6 g3 b6 Bg2 Bb7 O-O
11	c4 c5 Nf3 Nf6 g3 d5 cxd5 Nxd5 Bg2 Nc6 Nc3
8	c4 c5 Nf3 g6 d4 cxd4 Nxd4 Nc6 e4 Nf6 Nc3 d6
12	c4 c5 b3
14	c4 c5 g3 Nc6 Bg2 g6 Nc3 Bg7 Nf3
8	c4 c5 g3 Nc6 Bg2 g6 Nc3 Bg7 a3 d6
8	c4 c5 g3 Nc6 Bg2 g6 Nc3 Bg7 d3
9	c4 c5 g3 Nf6 Bg2
10	c4 c5 g3 g6 Bg2 Bg7 Nc3 Nc6 Nf3 d6 O-O Bf5
9	c4 c5 g3 g6 Bg2 Bg7 Nc3 Nc6 Nf3 d6 O-O e6 e3 Nge7 d4 O-O
9	c4 c5 g3 g6 Bg2 Bg7 Nc3 Nc6 Nf3 e6 d4 cxd4 Nb5 d5 cxd5
25	c4 c5 g3 g6 Bg2 Bg7 Nc3 Nc6 a3
10	c4 c5 g3 g6 Bg2 Bg7 Nc3 Nc6 b3
14	c4 c5 g3 g6 Bg2 Bg7 Nc3 Nc6 d3 d6 Qd2
8	c4 c5 g3 g6 Bg2 Bg7 Nc3 Nc6 e3
11	c4 c5 g3 g6 Bg2 Bg7 Nf3 Nc6
14	c4 c5 g3 g6 Bg2 Bg7 e3
13	c4 c6 Nc3 d5 d4 Nf6
11	c4 c6 Nf3 Nf6 Nc3 d5 e3
9	c4 c6 Nf3 Nf6 d4 d5 e3
10	c4 c6 Nf3 d5 d4 Nf6 Nc3 dxc4 a4 Bf5
12	c4 c6 Nf3 d5 d4 Nf6 Nc3 e6 Bg5
11	c4 c6 Nf3 d5 d4 Nf6 e3 Bf5 Nc3 e6 Nh4
11	c4 c6 Nf3 d5 e3 Nf6 Nc3 Nbd7 Qc2 e5 cxd5 Nxd5
8	c4 c6 Nf3 d5 e3 Nf6 Nc3 a6 Qc2 g6
12	c4 c6 Nf3 d5 e3 Nf6 Nc3 a6 b3
16	c4 c6 Nf3 d5 e3 Nf6 Nc3 a6 d4
9	c4 c6 Nf3 d5 e3 Nf6 Nc3 e6 b3 Bd6 Bb2 O-O Be2
9	c4 c6 Nf3 d5 e3 Nf6 Nc3 e6 b3 Bd6 Bb2 O-O d4 Nbd7 Bd3
11	c4 c6 Nf3 d5 e3 Nf6 Nc3 e6 b3 Nbd7
9	c4 c6 Nf3 d5 e3 Nf6 Nc3 e6 d4 Nbd7 Qc2 Bd6
16	c4 c6 Nf3 d5 e3 Nf6 Nc3 g6 d4 Bg7 Be2 O-O O-O
8	c4 c6 Nf3 d5 e3 Nf6 Qc2 e6 b3
8	c4 c6 Nf3 d5 e3 Nf6 Qc2 g6 b3 Bg7 Bb2
14	c4 c6 Nf3 d5 e3 Nf6 b3
10	c4 c6 Nf3 d5 e3 Nf6 d4 Bf5 Nc3 e6 Nh4
8	c4 c6 Nf3 d5 e3 Nf6 d4 g6
13	c4 c6 Nf3 d5 g3 Bg4
8	c4 c6 Nf3 d5 g3 Nf6 Bg2 dxc4 O-O Nbd7
9	c4 c6 Nf3 d5 g3 Nf6 Bg2 g6
11	c4 c6 Nf3 d5 g3 dxc4 Bg2
14	c4 c6 Nf3 d5 g3 g6 Bg2 Bg7
14	c4 c6 Nf3 d5 g3 g6 Qa4
10	c4 c6 d4 d5 Nc3 Nf6 Nf3
12	c4 c6 d4 d5 Nc3 Nf6 cxd5 cxd5 Bf4 Nc6 e3
9	c4 c6 d4 d5 Nc3 Nf6 e3 e6 Nf3 Nbd7
9	c4 c6 d4 d5 Nf3 Nf6 Nc3 a6
8	c4 c6 d4 d5 Nf3 Nf6 Nc3 dxc4 a4 Bf5 Ne5
9	c4 c6 d4 d5 Nf3 Nf6 Nc3 e6 Bg5
8	c4 c6 d4 d5 Nf3 Nf6 e3 Bf5 Nc3 e6 Nh4 Be4 f3 Bg6
9	c4 c6 d4 d5 Nf3 Nf6 e3 e6
11	c4 c6 d4 d5 cxd5 cxd5 Bf4 Nc6 e3 Nf6 Nc3
8	c4 c6 d4 d5 cxd5 cxd5 Nc3 Nf6 Bf4 Nc6 e3
10	c4 c6 e4 d5 cxd5 cxd5 exd5 Nf6 Nc3 Nxd5 Nf3
11	c4 c6 e4 d5 exd5 Nf6 Nc3 cxd5 d4
8	c4 c6 e4 d5 exd5 cxd5 cxd5 Nf6 Nc3 Nxd5 Nf3 Nc6
9	c4 c6 e4 d5 exd5 cxd5 d4 Nf6 Nc3 Nc6 Bg5 Be6
8	c4 c6 e4 d5 exd5 cxd5 d4 Nf6 Nc3 Nc6 Bg5 dxc4 Bxc4 h6
9	c4 c6 e4 d5 exd5 cxd5 d4 Nf6 Nc3 Nc6 Nf3 Bg4 cxd5 Nxd5 Qb3 Bxf3 gxf3 e6 Qxb7 Nxd4 Bb5+ Nxb5 Qc6+ Ke7 Qxb5 Qd7 Nxd5+ Qxd5
9	c4 c6 e4 d5 exd5 cxd5 d4 Nf6 Nc3 e6 Nf3 Bb4 cxd5
10	c4 c6 e4 d5 exd5 cxd5 d4 Nf6 Nc3 g6
10	c4 c6 g3 d5
8	c4 d6 Nc3 e5 g3
8	c4 d6 Nc3 g6
10	c4 d6 d4
8	c4 d6 g3
12	c4 e5 Nc3 Bb4 Nd5 Bc5 Nf3 c6 Nc3 d6 e3 Bb4
8	c4 e5 Nc3 Bb4 Nd5 Bc5 Nf3 c6 Nc3 d6 e3 Qe7 d4 exd4 Nxd4 Nf6 Be2 O-O O-O
10	c4 e5 Nc3 Bb4 Nd5 Bc5 e3 Nf6 b4 Nxd5 bxc5 Nf6
13	c4 e5 Nc3 Bb4 Nd5 Be7 Nf3 d6 d4
9	c4 e5 Nc3 Bb4 Nd5 Be7 d4 d6 e4
8	c4 e5 Nc3 Bb4 Nd5 Be7 d4 exd4 Qxd4 Nf6 Nxe7 Qxe7 Bg5 Nc6 Qc3 Ne5
9	c4 e5 Nc3 Bb4 Nd5 Be7 d4 exd4 Qxd4 Nf6 Nxe7 Qxe7 Bg5 Nc6 Qc3 d6
10	c4 e5 Nc3 Bb4 Nd5 a5 Nf3 d6 a3 Bc5 e3 c6
8	c4 e5 Nc3 Bb4 Nd5 a5 a3 Bc5 Nf3 d6
12	c4 e5 Nc3 Bb4 Nd5 a5 a3 Be7
9	c4 e5 Nc3 Bb4 Qb3
10	c4 e5 Nc3 Bb4 Qc2 Nf6 Nf3
10	c4 e5 Nc3 Bb4 g3 Bxc3 bxc3 d6 Bg2
8	c4 e5 Nc3 Nc6 Nf3 Nf6 e3 Bb4
10	c4 e5 Nc3 Nc6 Nf3 Nf6 e4
11	c4 e5 Nc3 Nc6 Nf3 Nf6 g3 Bb4 Bg2
9	c4 e5 Nc3 Nc6 Nf3 Nf6 g3 Nd4 Bg2 Nxf3+ Bxf3
14	c4 e5 Nc3 Nc6 Nf3 f5 d4 e4
9	c4 e5 Nc3 Nc6 Nf3 f5 g3
8	c4 e5 Nc3 Nc6 Nf3 g6 d4 exd4 Nxd4 Bg7 Nxc6 bxc6 g3
8	c4 e5 Nc3 Nc6 e3
8	c4 e5 Nc3 Nc6 g3 Bc5 Bg2 a6
8	c4 e5 Nc3 Nc6 g3 Bc5 Bg2 d6 e3 a6
8	c4 e5 Nc3 Nc6 g3 Nf6 Bg2
12	c4 e5 Nc3 Nc6 g3 f5 Bg2 Nf6
8	c4 e5 Nc3 Nc6 g3 g6 Bg2 Bg7 Rb1 a5 a3
15	c4 e5 Nc3 Nc6 g3 g6 Bg2 Bg7 d3 d6
14	c4 e5 Nc3 Nc6 g3 g6 Bg2 Bg7 e3 d6 Nge2
9	c4 e5 Nc3 Nf6 Nf3 Nc6 a3 d5 cxd5 Nxd5 Qc2 Be7 e3
8	c4 e5 Nc3 Nf6 Nf3 Nc6 a3 d5 cxd5 Nxd5 Qc2 Nxc3
13	c4 e5 Nc3 Nf6 Nf3 Nc6 a3 g6 g3 Bg7 Bg2 O-O O-O
13	c4 e5 Nc3 Nf6 Nf3 Nc6 d3 Bb4 Bd2 O-O
8	c4 e5 Nc3 Nf6 Nf3 Nc6 d3 d5 cxd5 Nxd5 e3
14	c4 e5 Nc3 Nf6 Nf3 Nc6 d3 d5 cxd5 Nxd5 e4
12	c4 e5 Nc3 Nf6 Nf3 Nc6 d3 d5 cxd5 Nxd5 g3
12	c4 e5 Nc3 Nf6 Nf3 Nc6 d4 exd4 Nxd4 Bb4
14	c4 e5 Nc3 Nf6 Nf3 Nc6 e3 Bb4 Nd5
9	c4 e5 Nc3 Nf6 Nf3 Nc6 e3 Bb4 Qc2 Bxc3 Qxc3 Qe7 a3 d5 d4 exd4 Nxd4 Nxd4 Qxd4 c5 Qh4
8	c4 e5 Nc3 Nf6 Nf3 Nc6 e3 Bb4 Qc2 Bxc3 Qxc3 Qe7 d4 Ne4 Qd3 exd4 Nxd4 O-O Be2
8	c4 e5 Nc3 Nf6 Nf3 Nc6 e3 Bb4 Qc2 Bxc3 bxc3 O-O e4 d6
9	c4 e5 Nc3 Nf6 Nf3 Nc6 e3 Bb4 Qc2 O-O Nd5 Re8
11	c4 e5 Nc3 Nf6 Nf3 Nc6 e3 Bb4 Qc2 d6
12	c4 e5 Nc3 Nf6 Nf3 Nc6 e3 Be7
8	c4 e5 Nc3 Nf6 Nf3 Nc6 e3 d5 cxd5 Nxd5
9	c4 e5 Nc3 Nf6 Nf3 Nc6 e4 Bb4 d3 d6 Be2
9	c4 e5 Nc3 Nf6 Nf3 Nc6 e4 Bb4 d3 d6 a3 Bc5 b4 Bb6 Na4 Bd4 Rb1
8	c4 e5 Nc3 Nf6 Nf3 Nc6 e4 Bb4 d3 d6 a3 Bxc3+ bxc3
8	c4 e5 Nc3 Nf6 Nf3 Nc6 e4 Bc5 Nxe5 Nxe5 d4 Bb4 dxe5 Nxe4 Qf3 Nxc3 bxc3
9	c4 e5 Nc3 Nf6 Nf3 Nc6 g3 Bb4 Bg2 O-O O-O Bxc3 bxc3
11	c4 e5 Nc3 Nf6 Nf3 Nc6 g3 Bb4 Bg2 O-O O-O Re8
10	c4 e5 Nc3 Nf6 Nf3 Nc6 g3 Bb4 Bg2 O-O O-O d6 d3 h6
10	c4 e5 Nc3 Nf6 Nf3 Nc6 g3 Bb4 Bg2 O-O O-O e4 Ng5 Bxc3 bxc3 Re8 f3
8	c4 e5 Nc3 Nf6 Nf3 Nc6 g3 Bb4 Nd5 Bc5 Bg2 O-O
10	c4 e5 Nc3 Nf6 Nf3 Nc6 g3 Bb4 Nd5 Bc5 Bg2 d6 O-O O-O
8	c4 e5 Nc3 Nf6 Nf3 Nc6 g3 Bb4 Nd5 e4 Nh4 O-O
9	c4 e5 Nc3 Nf6 Nf3 Nc6 g3 Bc5 Bg2 d6 O-O
13	c4 e5 Nc3 Nf6 Nf3 Nc6 g3 Nd4 Bg2 Nxf3+ Bxf3 Bb4 Qb3 Bc5
9	c4 e5 Nc3 Nf6 Nf3 Nc6 g3 Nd4 Bg2 Nxf3+ Bxf3 Bc5 O-O O-O
10	c4 e5 Nc3 Nf6 Nf3 Nc6 g3 d5 cxd5 Nxd5 Bg2 Bc5 O-O O-O d3 Re8
8	c4 e5 Nc3 Nf6 Nf3 Nc6 g3 d5 cxd5 Nxd5 Bg2 Bc5 O-O O-O d3 h6
11	c4 e5 Nc3 Nf6 Nf3 Nc6 g3 d5 cxd5 Nxd5 Bg2 Nb6 O-O Be7 Rb1 a5 d3
13	c4 e5 Nc3 Nf6 Nf3 Nc6 g3 d5 cxd5 Nxd5 Bg2 Nb6 O-O Be7 a3 O-O b4 Be6 Rb1 f6 d3 Nd4
11	c4 e5 Nc3 Nf6 Nf3 Nc6 g3 d5 cxd5 Nxd5 Bg2 Nb6 O-O Be7 a3 O-O b4 Be6 d3
8	c4 e5 Nc3 Nf6 Nf3 Nc6 g3 d5 cxd5 Nxd5 Bg2 Nb6 O-O Be7 d3 O-O Be3 Be6
9	c4 e5 Nc3 Nf6 Nf3 Nc6 g3 d5 cxd5 Nxd5 Bg2 Nb6 O-O Be7 d3 O-O Be3 Re8
10	c4 e5 Nc3 Nf6 Nf3 Nc6 g3 d5 cxd5 Nxd5 Bg2 Nb6 O-O Be7 d3 O-O a3
8	c4 e5 Nc3 Nf6 Nf3 Nc6 g3 g6 Bg2 Bg7 O-O
13	c4 e5 Nc3 Nf6 Nf3 e4 Ng5 c6
11	c4 e5 Nc3 Nf6 e3 Bb4 Nge2 O-O a3 Be7
9	c4 e5 Nc3 Nf6 e3 Bb4 Nge2 c6
11	c4 e5 Nc3 Nf6 e3 Nc6 a3
12	c4 e5 Nc3 Nf6 g3 Bb4 Bg2 O-O Nf3
14	c4 e5 Nc3 Nf6 g3 Bb4 Bg2 O-O e4 Bxc3 bxc3 c6
10	c4 e5 Nc3 Nf6 g3 Bb4 Nf3
10	c4 e5 Nc3 Nf6 g3 Bb4 e4
8	c4 e5 Nc3 Nf6 g3 c6
9	c4 e5 Nc3 Nf6 g3 d5 cxd5 Nxd5 Bg2 Nb6 Nf3 Nc6 O-O Be7 a3
9	c4 e5 Nc3 Nf6 g3 d5 cxd5 Nxd5 Bg2 Nb6 e3
12	c4 e5 Nc3 d6 Nf3 f5 d4 e4 Ng5 Be7
9	c4 e5 Nc3 d6 Nf3 f5 g3
11	c4 e5 Nc3 d6 d4 exd4 Qxd4 Nc6 Qd2
10	c4 e5 Nc3 d6 g3 f5 Bg2 Nf6
8	c4 e5 Nc3 d6 g3 f5 d4
8	c4 e5 Nc3 d6 g3 g6 Bg2 Bg7
9	c4 e5 Nf3 Nc6 d4 exd4 Nxd4 Nf6 Nxc6
9	c4 e5 Nf3 e4 Nd4 Nc6 e3 Nf6 Nc3 Bb4
8	c4 e5 a3 Nf6 d3
13	c4 e5 b3
12	c4 e5 d3 Bb4+ Nd2
8	c4 e5 d3 Nc6 Nf3
15	c4 e5 d3 Nf6 Nf3 Nc6 a3 d5 cxd5 Nxd5 e3
9	c4 e5 d3 Nf6 Nf3 Nc6 a3 d5 cxd5 Nxd5 e4 Nb6 Be2 Be7
8	c4 e5 d3 Nf6 Nf3 Nc6 a3 d5 cxd5 Nxd5 e4 Nf6
15	c4 e5 d3 Nf6 Nf3 Nc6 a3 g6
17	c4 e5 e3 Nf6 Nc3
12	c4 e5 g3 Be7
8	c4 e5 g3 Nc6 Bg2 Bc5 Nc3 d6 e3
12	c4 e5 g3 Nc6 Bg2 Nf6 Nc3
8	c4 e5 g3 Nc6 Bg2 f5 Nc3 Nf6 e3
12	c4 e5 g3 Nc6 Bg2 g6 Nc3 Bg7 Rb1 a5 a3
12	c4 e5 g3 Nc6 Bg2 g6 Nc3 Bg7 d3 d6
14	c4 e5 g3 Nc6 Bg2 g6 Nc3 Bg7 e3
11	c4 e5 g3 Nc6 Nc3 g6 Bg2 Bg7
10	c4 e5 g3 Nf6 Bg2 Bc5 Nc3 O-O
9	c4 e5 g3 Nf6 Bg2 Bc5 Nc3 c6 Nf3
10	c4 e5 g3 Nf6 Bg2 Bc5 Nc3 c6 e3
13	c4 e5 g3 Nf6 Bg2 Bc5 d3
8	c4 e5 g3 Nf6 Bg2 Nc6 Nc3 Bb4 Nd5
12	c4 e5 g3 Nf6 Bg2 Nc6 Nc3 Bc5
9	c4 e5 g3 Nf6 Bg2 Nc6 Nf3 Bc5 O-O d6
10	c4 e5 g3 Nf6 Bg2 c6 Nf3 e4 Nd4 Qb6 Nb3 a5 d3 a4 N3d2
8	c4 e5 g3 Nf6 Bg2 c6 Nf3 e4 Nd4 d5 cxd5 Qxd5 Nc2 Qh5
9	c4 e5 g3 Nf6 Bg2 c6 Nf3 e4 Nd4 d5 cxd5 Qxd5 e3
8	c4 e5 g3 Nf6 Bg2 c6 Nf3 e4 Nd4 d5 d3 Bc5 Nb3
16	c4 e5 g3 Nf6 Bg2 c6 d4 Bb4+ Bd2 Bxd2+ Qxd2 d6 Nc3 O-O
22	c4 e5 g3 Nf6 Bg2 c6 d4 e4
8	c4 e5 g3 Nf6 Bg2 c6 d4 exd4 Qxd4 Na6 Nf3 Bc5 Qe5+
9	c4 e5 g3 Nf6 Bg2 c6 d4 exd4 Qxd4 d5
9	c4 e5 g3 Nf6 Bg2 d5 cxd5 Nxd5 Nc3 Nb6 Nf3 Nc6 O-O Be7 a3 O-O b4 Be6 Rb1 f6 d3 Nd4
11	c4 e5 g3 Nf6 Bg2 d5 cxd5 Nxd5 Nc3 Nb6 Nf3 Nc6 O-O Be7 d3 O-O
11	c4 e5 g3 Nf6 Bg2 d5 cxd5 Nxd5 Nc3 Nb6 d3 Be7 Be3 O-O Rc1
9	c4 e5 g3 Nf6 Bg2 d5 cxd5 Nxd5 Nf3 Nc6 O-O Be7 d4 e4 Ne5 f5 Nxc6 bxc6 Qc2
15	c4 e5 g3 Nf6 Bg2 d5 cxd5 Nxd5 Nf3 Nc6 O-O Nb6 Nc3 Be7
9	c4 e5 g3 Nf6 Bg2 d5 cxd5 Nxd5 Nf3 Nc6 O-O Nb6 b3 Bd6 Bb2 O-O
9	c4 e5 g3 Nf6 Bg2 d5 cxd5 Nxd5 Nf3 Nc6 O-O Nb6 b3 Be6 Bb2 f6
11	c4 e5 g3 Nf6 Bg2 d5 cxd5 Nxd5 Nf3 Nc6 O-O Nb6 b3 Be7 Bb2 f6
15	c4 e5 g3 Nf6 Bg2 d5 cxd5 Nxd5 Nf3 Nc6 O-O Nb6 d3 Be7
10	c4 e5 g3 Nf6 Bg2 h6 Nc3 Bb4 e4
8	c4 e5 g3 Nf6 Bg2 h6 d3
9	c4 e5 g3 Nf6 Nc3
24	c4 e5 g3 c6 Nf3 e4 Nd4 d5 cxd5 Qxd5 Nc2 Nf6 Nc3 Qe5 Bg2 Na6 O-O Be7
10	c4 e5 g3 c6 Nf3 e4 Nd4 d5 cxd5 Qxd5 e3
9	c4 e5 g3 c6 d4 Bb4+ Bd2 Bxd2+ Qxd2 d6 Nc3 Nf6
13	c4 e5 g3 c6 d4 e4 d5 Bb4+ Bd2 Qe7
8	c4 e5 g3 d5 cxd5 Qxd5 Nf3 Nc6 Nc3 Qd8 Bg2 Nf6 O-O h6
13	c4 e5 g3 d6 Bg2 f5 Nc3 Nf6
9	c4 e5 g3 d6 Bg2 g6
12	c4 e5 g3 d6 Nc3 f5
8	c4 e5 g3 f5
11	c4 e5 g3 g6 Bg2 Bg7 Nc3
10	c4 e5 g3 h5
16	c4 e6 Nc3 Bb4 Qb3
11	c4 e6 Nc3 Bb4 e4
9	c4 e6 Nc3 Nf6 Nf3 d5 d4
11	c4 e6 Nc3 Nf6 d4 Bb4
10	c4 e6 Nc3 Nf6 e4 d5 cxd5 exd5 e5 Ne4 Nf3 Bf5
11	c4 e6 Nc3 Nf6 e4 d5 e5 d4 exf6 dxc3 bxc3 Qxf6 Nf3
9	c4 e6 Nc3 b6 d4
8	c4 e6 Nc3 c5 Nf3 Nf6 g3 b6 Bg2 Bb7 O-O Be7 d4 cxd4 Qxd4
12	c4 e6 Nc3 d5 cxd5 exd5 d4
9	c4 e6 Nc3 d5 d4 Bb4 a3 Bxc3+ bxc3 Nf6 e3
10	c4 e6 Nc3 d5 d4 Bb4 cxd5 exd5 Bf4
8	c4 e6 Nc3 d5 d4 Bb4 e3 Nf6 a3
8	c4 e6 Nc3 d5 d4 Be7 Bf4 Nf6 e3 O-O a3
12	c4 e6 Nc3 d5 d4 Be7 Nf3 Nf6 Bf4 O-O e3 Nbd7
9	c4 e6 Nc3 d5 d4 Be7 Nf3 Nf6 Bg5 h6 Bh4 O-O e3 b6
15	c4 e6 Nc3 d5 d4 Be7 cxd5 exd5 Bf4 Nf6 e3 Bf5
8	c4 e6 Nc3 d5 d4 Be7 cxd5 exd5 Bf4 Nf6 e3 O-O Bd3
11	c4 e6 Nc3 d5 d4 Be7 cxd5 exd5 Bf4 c6 Qc2
8	c4 e6 Nc3 d5 d4 Be7 cxd5 exd5 Bf4 c6 e3 Bf5 Nge2 Nd7
8	c4 e6 Nc3 d5 d4 Be7 cxd5 exd5 Bf4 c6 e3 Bf5 g4 Be6 h4 Nd7 g5 h6 g6
11	c4 e6 Nc3 d5 d4 Nf6 Bg5 Be7 e3 O-O
13	c4 e6 Nc3 d5 d4 Nf6 Bg5 Be7 e3 h6 Bh4 O-O
9	c4 e6 Nc3 d5 d4 Nf6 Nf3 Be7 Bf4 O-O e3
10	c4 e6 Nc3 d5 d4 Nf6 Nf3 Nbd7
10	c4 e6 Nc3 d5 d4 Nf6 cxd5 Nxd5 e4 Nxc3 bxc3 c5 Nf3 cxd4 cxd4 Bb4+ Bd2 Bxd2+ Qxd2 O-O
11	c4 e6 Nc3 d5 d4 Nf6 cxd5 Nxd5 e4 Nxc3 bxc3 c5 Rb1 Be7 Nf3 O-O Bc4
9	c4 e6 Nc3 d5 d4 Nf6 cxd5 exd5 Bg5 Bb4 e3 h6 Bh4 g5 Bg3 Ne4
8	c4 e6 Nc3 d5 d4 Nf6 cxd5 exd5 Bg5 Be7 e3 O-O Bd3 Re8
10	c4 e6 Nc3 d5 d4 Nf6 cxd5 exd5 Bg5 Be7 e3 c6 Bd3
11	c4 e6 Nc3 d5 d4 Nf6 cxd5 exd5 Bg5 Be7 e3 h6 Bh4
17	c4 e6 Nc3 d5 d4 Nf6 cxd5 exd5 Bg5 c6 Qc2 Be7 e3 Nbd7 Bd3
11	c4 e6 Nc3 d5 d4 Nf6 cxd5 exd5 Bg5 c6 Qc2 h6 Bh4 Be7 e3 O-O Bd3
9	c4 e6 Nc3 d5 d4 Nf6 cxd5 exd5 Bg5 c6 e3 Bd6 Bd3 O-O
19	c4 e6 Nc3 d5 d4 Nf6 cxd5 exd5 Bg5 c6 e3 Be7 Bd3 Nbd7
8	c4 e6 Nc3 d5 d4 Nf6 cxd5 exd5 Bg5 c6 e3 Bf5 Qf3 Bg6 Bxf6 Qxf6 Qxf6 gxf6 Nf3 Nd7 Nh4 Be7 Ne2 f5
8	c4 e6 Nc3 d5 d4 Nf6 cxd5 exd5 Bg5 c6 e3 h6 Bh4 Be7 Bd3 O-O Nge2 Re8
10	c4 e6 Nc3 d5 d4 a6 cxd5 exd5 Bf4 Nf6 e3
8	c4 e6 Nc3 d5 d4 a6 cxd5 exd5 Nf3 Nf6 Bg5 Be6 e3 Nbd7
13	c4 e6 Nc3 d5 d4 c5 cxd5 exd5 Nf3 Nc6 g3 Nf6 Bg2
11	c4 e6 Nc3 d5 d4 c6 Nf3 Nf6
8	c4 e6 Nc3 d5 d4 c6 e3 Nf6 Nf3 Nbd7 Bd3
8	c4 e6 Nc3 d5 d4 c6 e3 Nf6 Nf3 Nbd7 Qc2
8	c4 e6 Nc3 d5 d4 c6 e4 dxe4 Nxe4 Bb4+ Bd2 Qxd4 Bxb4 Qxe4+
8	c4 e6 Nc3 d5 e3 Nf6
10	c4 e6 Nf3 Nf6 Nc3 d5
12	c4 e6 Nf3 Nf6 g3 d5 Bg2 Be7 O-O O-O
9	c4 e6 Nf3 Nf6 g3 d5 Bg2 dxc4 Qa4+
9	c4 e6 Nf3 Nf6 g3 d5 b3
10	c4 e6 Nf3 d5 b3 Nf6 Bb2
9	c4 e6 Nf3 d5 b3 Nf6 g3 Be7 Bg2 O-O O-O
12	c4 e6 Nf3 d5 d4 Nf6 Nc3 Be7
10	c4 e6 Nf3 d5 d4 Nf6 g3 Bb4+ Bd2
8	c4 e6 Nf3 d5 d4 Nf6 g3 dxc4
9	c4 e6 Nf3 d5 d4 c6
9	c4 e6 Nf3 d5 e3 Nf6 Nc3 Bd6
8	c4 e6 Nf3 d5 e3 Nf6 Nc3 Be7 b3 O-O Bb2
8	c4 e6 Nf3 d5 e3 Nf6 b3 Be7 Bb2 O-O Nc3
14	c4 e6 Nf3 d5 g3 Nf6 Bg2 Be7 O-O O-O b3
8	c4 e6 Nf3 d5 g3 Nf6 Bg2 Be7 O-O O-O d4 dxc4 Qc2
9	c4 e6 Nf3 d5 g3 Nf6 Bg2 dxc4 Qa4+
10	c4 e6 Nf3 d5 g3 dxc4 Qa4+ Nd7
13	c4 e6 d4 Nf6 Nc3 Bb4
10	c4 e6 d4 d5 Nc3 Be7
8	c4 e6 d4 d5 Nc3 Nf6 cxd5 exd5
11	c4 e6 d4 d5 Nc3 c6
10	c4 e6 d4 d5 Nf3 Nf6 Nc3
8	c4 e6 e4 c5
10	c4 e6 e4 d5 exd5 exd5 d4 Nf6 Nc3
11	c4 e6 g3 Nf6 Bg2 d5 Nf3 Be7 O-O O-O
11	c4 e6 g3 d5 Bg2 Nf6 Nf3 Be7 O-O O-O b3 b6 Bb2 Bb7
8	c4 e6 g3 d5 Bg2 Nf6 Nf3 Be7 O-O O-O b3 c5 Bb2 Nc6
8	c4 e6 g3 d5 Bg2 Nf6 Nf3 Be7 O-O O-O b3 c5 cxd5 Nxd5
8	c4 e6 g3 d5 Bg2 Nf6 Nf3 Be7 O-O O-O b3 d4
13	c4 e6 g3 d5 Bg2 Nf6 Nf3 Be7 O-O O-O d3
10	c4 e6 g3 d5 Bg2 Nf6 Nf3 Be7 O-O O-O d4 dxc4 Qc2 a6 a4 Bd7 Qxc4 Bc6
9	c4 e6 g3 d5 Bg2 Nf6 Nf3 Be7 d4 O-O O-O
8	c4 e6 g3 d5 Bg2 Nf6 Nf3 Nc6
9	c4 e6 g3 d5 Bg2 Nf6 Nf3 d4 O-O c5
13	c4 e6 g3 d5 Bg2 Nf6 Nf3 d4 d3
8	c4 e6 g3 d5 Bg2 Nf6 Nf3 dxc4 O-O
8	c4 e6 g3 d5 Bg2 Nf6 Nf3 dxc4 Qa4+ Bd7 Qxc4 c5 Ne5 Qc8 Qd3 Nc6 Nxd7 Nxd7
12	c4 e6 g3 d5 Bg2 Nf6 Nf3 dxc4 Qa4+ Nbd7 Qxc4 a6 Qc2 c5
8	c4 e6 g3 d5 Bg2 Nf6 Nf3 dxc4 Qa4+ Nbd7 Qxc4 c5
9	c4 e6 g3 d5 Bg2 Nf6 Nf3 dxc4 Qa4+ c6 Qxc4 b5 Qb3 Bb7
12	c4 e6 g3 d5 Bg2 Nf6 d4
8	c4 e6 g3 d5 Bg2 d4 Nf3 Nc6 O-O
8	c4 e6 g3 d5 Bg2 dxc4 Qa4+ Nd7 Qxc4 c5
8	c4 e6 g3 d5 Nf3 Nf6 Bg2 Be7
18	c4 f5 Nc3 Nf6
12	c4 f5 Nf3 Nf6 g3
13	c4 f5 d4 Nf6 g3 g6 Bg2 Bg7
12	c4 f5 g3 Nf6 Bg2 g6
18	c4 g6 Nc3 Bg7 d4 Nf6 e4 d6
9	c4 g6 Nc3 Bg7 d4 d6 e4 Nf6
17	c4 g6 Nc3 Bg7 g3 Nf6 Bg2 O-O
11	c4 g6 Nc3 Bg7 g3 c5 Bg2 Nc6
8	c4 g6 Nc3 Bg7 g3 d6 Bg2 e5
11	c4 g6 Nc3 Bg7 g3 e5 Bg2 d6 d3
17	c4 g6 Nc3 c5 Nf3 Bg7
10	c4 g6 Nc3 c5 g3 Bg7 Bg2 Nc6 Nf3 d6 O-O
10	c4 g6 Nc3 c5 g3 Bg7 Bg2 Nc6 d3
9	c4 g6 Nc3 c5 g3 Bg7 Bg2 Nc6 e3
11	c4 g6 Nf3 Bg7 d4 Nf6
12	c4 g6 Nf3 Bg7 g3
8	c4 g6 d4 Bg7 Nc3 Nf6
8	c4 g6 d4 Bg7 Nc3 d6 e4
10	c4 g6 d4 Bg7 Nf3
12	c4 g6 d4 Bg7 e4 d6 Nc3 Nf6
10	c4 g6 d4 Nf6 Nc3 Bg7 e4 d6 Nf3 O-O
8	c4 g6 d4 Nf6 Nc3 d5 Nf3 Bg7
8	c4 g6 d4 Nf6 Nc3 d5 cxd5 Nxd5 e4 Nxc3 bxc3 Bg7
10	c4 g6 d4 Nf6 Nf3 Bg7
8	c4 g6 d4 Nf6 g3
18	c4 g6 e4 Bg7 d4 d6 Nc3 Nf6
8	c4 g6 e4 e5 Nf3 Bg7 d4 exd4 Nxd4 Nf6
8	c4 g6 e4 e5 d4 Nf6 Nf3 exd4 e5 Bb4+ Bd2 Qe7
16	c4 g6 g3 Bg7 Bg2 Nf6 Nc3 O-O
15	c4 g6 g3 Bg7 Bg2 c5 Nc3 Nc6 Nf3
10	c4 g6 g3 Bg7 Bg2 d6 Nc3 Nf6
11	c4 g6 g3 Bg7 Bg2 e5 Nc3
8	c4 g6 g3 c5 Bg2 Bg7 Nc3 Nc6
8	d3 d5
8	d4 Nc6 Nf3 d5
11	d4 Nf6 Bf4 b6 e3 Bb7 Nf3
10	d4 Nf6 Bf4 c5 d5 d6 Nc3 e5 Bd2
13	d4 Nf6 Bf4 c5 e3 Qb6 Nc3
9	d4 Nf6 Bf4 c5 e3 cxd4 exd4
13	d4 Nf6 Bf4 d5 Nf3
10	d4 Nf6 Bf4 d5 e3 Bf5 Bd3
11	d4 Nf6 Bf4 d5 e3 Bf5 c4 e6 Nc3
9	d4 Nf6 Bf4 d5 e3 Bg4
10	d4 Nf6 Bf4 d5 e3 c5 Nc3
8	d4 Nf6 Bf4 d5 e3 c5 Nd2 Nc6
9	d4 Nf6 Bf4 d5 e3 c5 Nf3 Nc6 Nbd2 Bg4
11	d4 Nf6 Bf4 d5 e3 c5 Nf3 Nc6 Nbd2 Nh5
9	d4 Nf6 Bf4 d5 e3 c5 Nf3 e6
11	d4 Nf6 Bf4 d5 e3 c5 c3 Nc6 Nd2 Bf5 Ngf3 e6
10	d4 Nf6 Bf4 d5 e3 c5 c3 Nc6 Nd2 Bf5 Qb3 Qc8
8	d4 Nf6 Bf4 d5 e3 c5 c3 Nc6 Nd2 Qb6 Qb3
8	d4 Nf6 Bf4 d5 e3 c5 c3 Nc6 Nd2 cxd4 exd4
9	d4 Nf6 Bf4 d5 e3 c5 c3 Nc6 Nd2 e6 Ngf3
8	d4 Nf6 Bf4 d5 e3 c5 c3 e6
13	d4 Nf6 Bf4 d5 e3 c5 dxc5
9	d4 Nf6 Bf4 d5 e3 e6 Nd2 Bd6 Bg3
18	d4 Nf6 Bf4 d5 e3 e6 Nf3 Bd6
9	d4 Nf6 Bf4 d5 e3 e6 Nf3 c5 c3 Nc6 Nbd2
11	d4 Nf6 Bf4 d6 Nc3 Nbd7 Nf3
8	d4 Nf6 Bf4 d6 Nf3
11	d4 Nf6 Bf4 e6 e3 b6 Nf3 Bb7
18	d4 Nf6 Bf4 e6 e3 c5 Nf3
14	d4 Nf6 Bf4 e6 e3 c5 c3
10	d4 Nf6 Bf4 e6 e3 d5 Nf3 c5
10	d4 Nf6 Bf4 g6 Nc3 Bg7 e4 d6 Qd2
8	d4 Nf6 Bf4 g6 Nc3 d5 Qd2
13	d4 Nf6 Bf4 g6 Nc3 d5 e3 Bg7 h4 h5 Nf3
9	d4 Nf6 Bf4 g6 Nd2
8	d4 Nf6 Bf4 g6 Nf3 Bg7 c3
9	d4 Nf6 Bf4 g6 Nf3 Bg7 e3
12	d4 Nf6 Bf4 g6 c3 Bg7 Nf3
8	d4 Nf6 Bf4 g6 e3 Bg7 Nf3 O-O Be2
8	d4 Nf6 Bg5 Ne4 Bf4 Nc6
10	d4 Nf6 Bg5 Ne4 Bf4 c5 d5 Qb6
13	d4 Nf6 Bg5 Ne4 Bf4 c5 f3 Nf6
10	d4 Nf6 Bg5 Ne4 Bf4 c5 f3 Qa5+ c3 Nf6 Nd2 cxd4 Nb3 Qb6 Qxd4
11	d4 Nf6 Bg5 Ne4 Bf4 c5 f3 Qa5+ c3 Nf6 d5
9	d4 Nf6 Bg5 Ne4 Bf4 d5 Nd2
8	d4 Nf6 Bg5 Ne4 Bf4 d5 e3 c5 Bd3 Nf6
8	d4 Nf6 Bg5 Ne4 Bf4 d5 f3 Nf6
8	d4 Nf6 Bg5 Ne4 Bh4
8	d4 Nf6 Bg5 Ne4 h4 d5
8	d4 Nf6 Bg5 c5 Bxf6 gxf6 d5 Qb6 Qc1 f5 c4
10	d4 Nf6 Bg5 c5 d5 Ne4
9	d4 Nf6 Bg5 c5 d5 Qb6 Nc3
8	d4 Nf6 Bg5 c5 d5 d6 Nc3 h6
21	d4 Nf6 Bg5 d5 Bxf6 exf6 e3 Bd6
18	d4 Nf6 Bg5 d5 Bxf6 gxf6 c4
11	d4 Nf6 Bg5 d5 Bxf6 gxf6 e3 c5
11	d4 Nf6 Bg5 d5 Nd2 Nbd7
16	d4 Nf6 Bg5 d5 Nd2 c5 dxc5 e6 e4 Bxc5 Qe2
8	d4 Nf6 Bg5 d5 Nd2 c5 dxc5 e6 e4 Bxc5 e5 Qb6
9	d4 Nf6 Bg5 d5 Nd2 c5 e3 Nc6
9	d4 Nf6 Bg5 d5 Nd2 c6 e3 Bf5
10	d4 Nf6 Bg5 d5 Nd2 e6 e3
9	d4 Nf6 Bg5 d5 Nf3
10	d4 Nf6 Bg5 d5 e3 Nbd7
10	d4 Nf6 Bg5 d5 e3 Ne4 Bf4
11	d4 Nf6 Bg5 d5 e3 c5 Bxf6 exf6
12	d4 Nf6 Bg5 d5 e3 c5 Bxf6 gxf6 Bb5+
10	d4 Nf6 Bg5 d5 e3 c5 Bxf6 gxf6 dxc5 Nc6 Bb5 e6
8	d4 Nf6 Bg5 d5 e3 c5 Bxf6 gxf6 dxc5 Nc6 Nf3
16	d4 Nf6 Bg5 d5 e3 c5 Bxf6 gxf6 dxc5 e6 Nf3 Bxc5 Be2 Nc6 O-O
12	d4 Nf6 Bg5 d5 e3 c5 Bxf6 gxf6 dxc5 e6 c4 dxc4 Nd2 c3 bxc3
8	d4 Nf6 Bg5 d5 e3 c5 c3 Nc6 Nd2 cxd4 exd4 Bf5
13	d4 Nf6 Bg5 d5 e3 c5 c3 Qb6
11	d4 Nf6 Bg5 d5 e3 c6 Bd3 Bg4
8	d4 Nf6 Bg5 d5 e3 c6 Nd2
9	d4 Nf6 Bg5 d5 e3 e6 c4
8	d4 Nf6 Bg5 d5 e3 g6 Bxf6 exf6 c4 dxc4 Bxc4 Bd6
8	d4 Nf6 Bg5 e6 Nd2 c5 e3 b6
10	d4 Nf6 Bg5 e6 Nd2 h6 Bh4 c5 e3
10	d4 Nf6 Bg5 e6 Nd2 h6 Bh4 c5 e4
9	d4 Nf6 Bg5 e6 Nd2 h6 Bh4 d5 e3
8	d4 Nf6 Bg5 e6 Nf3 h6 Bh4
14	d4 Nf6 Bg5 e6 e3
11	d4 Nf6 Bg5 e6 e4 h6 Bxf6 Qxf6 Nc3 Bb4 Qd2
9	d4 Nf6 Bg5 e6 e4 h6 Bxf6 Qxf6 Nc3 d6 Qd2
11	d4 Nf6 Bg5 e6 e4 h6 Bxf6 Qxf6 c3 d5
14	d4 Nf6 Bg5 e6 e4 h6 Bxf6 Qxf6 c3 d6 Bd3
9	d4 Nf6 Bg5 g6 Bxf6 exf6 c4 d5
13	d4 Nf6 Bg5 g6 Bxf6 exf6 e3 d5
14	d4 Nf6 Bg5 g6 Nd2 Bg7
8	d4 Nf6 Nc3 c5 d5
9	d4 Nf6 Nc3 d5 Bf4 Bf5 e3 e6 Bd3
9	d4 Nf6 Nc3 d5 Bf4 Bf5 f3 e6 g4 Bg6 h4 h5 g5 Nfd7
10	d4 Nf6 Nc3 d5 Bf4 a6 e3 Bf5
9	d4 Nf6 Nc3 d5 Bf4 a6 e3 b5 Nf3
9	d4 Nf6 Nc3 d5 Bf4 a6 e3 c5 dxc5
9	d4 Nf6 Nc3 d5 Bf4 a6 e3 e6 Nf3
9	d4 Nf6 Nc3 d5 Bf4 a6 e3 e6 a3 c5 Nf3
10	d4 Nf6 Nc3 d5 Bf4 a6 e3 e6 g4
9	d4 Nf6 Nc3 d5 Bf4 c5 e3 cxd4 exd4 a6 Nf3 Bg4
11	d4 Nf6 Nc3 d5 Bf4 c5 e3 cxd4 exd4 a6 Nf3 Nc6 Ne5 Bd7
8	d4 Nf6 Nc3 d5 Bf4 c5 e4 Nxe4 Nxe4 dxe4 dxc5 Qa5+ c3 Qxc5 Qa4+ Nc6 Qxe4 g6 Nf3 Bg7 Rd1 O-O Be3
10	d4 Nf6 Nc3 d5 Bf4 c5 e4 cxd4 Qxd4 Nc6 Bb5 Bd7 Bxc6 Bxc6 e5 Nd7 e6 fxe6 Nf3 Qb6
8	d4 Nf6 Nc3 d5 Bf4 c6 e3 Bf5 Nf3
13	d4 Nf6 Nc3 d5 Bf4 e6 Nb5 Bb4+ c3 Ba5 a4 a6 b4
10	d4 Nf6 Nc3 d5 Bf4 e6 Nb5 Na6 e3 Be7 Nf3 O-O Ne5
16	d4 Nf6 Nc3 d5 Bf4 e6 Nb5 Na6 e3 c6 Nc3
10	d4 Nf6 Nc3 d5 Bf4 e6 e3 Bb4 Ne2
9	d4 Nf6 Nc3 d5 Bf4 g6 e3 Bg7 Nb5 Na6
13	d4 Nf6 Nc3 d5 Bf4 g6 e3 Bg7 h4 h5 Nf3 O-O
8	d4 Nf6 Nc3 d5 Bg5 Nbd7
9	d4 Nf6 Nc3 d6 e4
8	d4 Nf6 Nc3 e6 e4 d5 Bg5 dxe4 Nxe4
11	d4 Nf6 Nc3 g6 e4 d6
12	d4 Nf6 Nf3 b5
14	d4 Nf6 Nf3 b6 Bf4 Bb7 e3
9	d4 Nf6 Nf3 b6 Bg5 Bb7 Nbd2
12	d4 Nf6 Nf3 b6 Bg5 e6
13	d4 Nf6 Nf3 b6 c4 Bb7 Nc3 e6
8	d4 Nf6 Nf3 b6 c4 Bb7 g3 g6 Bg2 Bg7 O-O O-O
8	d4 Nf6 Nf3 b6 c4 e6
11	d4 Nf6 Nf3 b6 g3 Bb7 Bg2 g6
19	d4 Nf6 Nf3 c5 c3
8	d4 Nf6 Nf3 c5 d5 b5 Bg5 Ne4
15	d4 Nf6 Nf3 c5 d5 b5 Bg5 Qb6
11	d4 Nf6 Nf3 c5 d5 b5 c4
10	d4 Nf6 Nf3 c5 d5 d6
10	d4 Nf6 Nf3 c5 d5 e6 Nc3
12	d4 Nf6 Nf3 c5 d5 g6 Nc3 Bg7 e4
10	d4 Nf6 Nf3 c5 e3 g6
8	d4 Nf6 Nf3 c6 Bf4
12	d4 Nf6 Nf3 d5 Bf4 Bf5 c4 e6 Qb3
12	d4 Nf6 Nf3 d5 Bf4 Bf5 e3 e6 Bd3
9	d4 Nf6 Nf3 d5 Bf4 Bf5 e3 e6 Nbd2
13	d4 Nf6 Nf3 d5 Bf4 Bf5 e3 e6 c4 Bxb1
9	d4 Nf6 Nf3 d5 Bf4 c5 e3 Nc6 Nbd2 Bg4 c3 e6 Qb3 Qc8 h3 Bh5
9	d4 Nf6 Nf3 d5 Bf4 c5 e3 Nc6 Nbd2 Nh5 Be5 e6
8	d4 Nf6 Nf3 d5 Bf4 c5 e3 Nc6 Nbd2 Nh5 dxc5 Nxf4 exf4 g6 c3 Bh6 g3
8	d4 Nf6 Nf3 d5 Bf4 c5 e3 Nc6 Nbd2 Qb6 dxc5 Qxb2 Rb1 Qc3 Bb5 g6 O-O Bg7
8	d4 Nf6 Nf3 d5 Bf4 c5 e3 Nc6 Nbd2 cxd4 exd4 Bf5 c3 e6
8	d4 Nf6 Nf3 d5 Bf4 c5 e3 Nc6 Nbd2 cxd4 exd4 Qb6 Nb3 Bf5 c3 e6
9	d4 Nf6 Nf3 d5 Bf4 c5 e3 Nc6 Nbd2 e6 c3 cxd4 exd4 Nh5
12	d4 Nf6 Nf3 d5 Bf4 c5 e3 Nc6 c3 Qb6
14	d4 Nf6 Nf3 d5 Bf4 c5 e3 Qb6
9	d4 Nf6 Nf3 d5 Bf4 c5 e3 e6 Nbd2 Qb6 Rb1 Bd6 dxc5 Qxc5
11	d4 Nf6 Nf3 d5 Bf4 c5 e3 e6 c3 Bd6
9	d4 Nf6 Nf3 d5 Bf4 e6 Nbd2
12	d4 Nf6 Nf3 d5 Bf4 e6 e3 Bd6 Bg3
8	d4 Nf6 Nf3 d5 Bf4 e6 e3 Bd6 Nbd2 O-O Bd3
9	d4 Nf6 Nf3 d5 Bf4 e6 e3 Bd6 Ne5
10	d4 Nf6 Nf3 d5 Bf4 e6 e3 c5 Nbd2
8	d4 Nf6 Nf3 d5 Bf4 e6 e3 c5 c3 Nc6 Nbd2
14	d4 Nf6 Nf3 d5 Bf4 g6 e3 Bg7
8	d4 Nf6 Nf3 d5 Bg5 Ne4 Bf4 c5
8	d4 Nf6 Nf3 d5 Bg5 Ne4 Bh4 c5 e3 Nc6 Nbd2
10	d4 Nf6 Nf3 d5 Bg5 c5
8	d4 Nf6 Nf3 d5 a3
9	d4 Nf6 Nf3 d5 c3 Bf5 Qb3 Qc8 c4 e6 cxd5 exd5 Nc3 c6 Bf4
11	d4 Nf6 Nf3 d5 c3 c5 dxc5 e6 Be3
10	d4 Nf6 Nf3 d5 c3 c6 Qc2
12	d4 Nf6 Nf3 d5 c3 e6 Bf4 Bd6 e3 O-O Nbd2
15	d4 Nf6 Nf3 d5 c4 c6 Nc3 a6
9	d4 Nf6 Nf3 d5 c4 c6 Nc3 dxc4 a4 Bf5 Ne5
8	d4 Nf6 Nf3 d5 c4 c6 Nc3 dxc4 a4 Bf5 e3 e6
11	d4 Nf6 Nf3 d5 c4 c6 Nc3 e6
11	d4 Nf6 Nf3 d5 c4 c6 cxd5 cxd5 Nc3 Nc6 Bf4
8	d4 Nf6 Nf3 d5 c4 c6 e3 Bf5 Nc3 e6
8	d4 Nf6 Nf3 d5 c4 dxc4 e3 e6 Bxc4 a6 O-O c5
8	d4 Nf6 Nf3 d5 c4 dxc4 e3 e6 Bxc4 c5 O-O a6 dxc5
8	d4 Nf6 Nf3 d5 c4 e6 Bg5 Bb4+
11	d4 Nf6 Nf3 d5 c4 e6 Nc3 Bb4 Bg5 h6 Bxf6 Qxf6 Qa4+ Nc6 e3 O-O
10	d4 Nf6 Nf3 d5 c4 e6 Nc3 Bb4 Bg5 h6 Bxf6 Qxf6 e3 O-O Rc1 dxc4 Bxc4 c5
8	d4 Nf6 Nf3 d5 c4 e6 Nc3 Bb4 Qa4+ Nc6 e3 O-O
9	d4 Nf6 Nf3 d5 c4 e6 Nc3 Bb4 cxd5 exd5 Bg5 h6 Bh4 O-O e3 Bf5
15	d4 Nf6 Nf3 d5 c4 e6 Nc3 Bb4 e3 O-O
12	d4 Nf6 Nf3 d5 c4 e6 Nc3 Be7 Bf4 O-O e3 Nbd7
13	d4 Nf6 Nf3 d5 c4 e6 Nc3 Be7 Bf4 O-O e3 c5 dxc5 Bxc5
8	d4 Nf6 Nf3 d5 c4 e6 Nc3 Be7 Bg5 O-O e3 h6 Bh4
8	d4 Nf6 Nf3 d5 c4 e6 Nc3 Be7 Bg5 h6 Bh4 O-O e3 b6
8	d4 Nf6 Nf3 d5 c4 e6 Nc3 Be7 Bg5 h6 Bxf6 Bxf6 e3 O-O Rc1
8	d4 Nf6 Nf3 d5 c4 e6 Nc3 Be7 g3 O-O Bg2
10	d4 Nf6 Nf3 d5 c4 e6 Nc3 Nbd7 Bg5
10	d4 Nf6 Nf3 d5 c4 e6 Nc3 Nbd7 cxd5 exd5 Bf4
8	d4 Nf6 Nf3 d5 c4 e6 Nc3 a6
12	d4 Nf6 Nf3 d5 c4 e6 Nc3 c5 cxd5 Nxd5 e4 Nxc3 bxc3 cxd4 cxd4 Bb4+ Bd2 Bxd2+ Qxd2 O-O Bc4 Nd7 O-O b6
9	d4 Nf6 Nf3 d5 c4 e6 Nc3 c5 cxd5 cxd4 Qxd4 exd5
10	d4 Nf6 Nf3 d5 c4 e6 Nc3 c5 e3 Nc6
8	d4 Nf6 Nf3 d5 c4 e6 Nc3 c6 e3 Nbd7 Qc2 Bd6 b3 O-O
10	d4 Nf6 Nf3 d5 c4 e6 Nc3 dxc4 e3 a6 a4 c5 Bxc4 Nc6 O-O Be7
8	d4 Nf6 Nf3 d5 c4 e6 Nc3 dxc4 e4 Bb4 Bg5 c5 Bxc4 cxd4 Nxd4
9	d4 Nf6 Nf3 d5 c4 e6 e3 Be7 Nc3 O-O
8	d4 Nf6 Nf3 d5 c4 e6 e3 a6 b3 c5
16	d4 Nf6 Nf3 d5 c4 e6 e3 b6
12	d4 Nf6 Nf3 d5 c4 e6 g3 Bb4+ Bd2 Be7 Bg2 O-O O-O Nbd7 Qc2 c6
8	d4 Nf6 Nf3 d5 c4 e6 g3 Bb4+ Bd2 Be7 Bg2 O-O O-O c6 Qc2 Nbd7
11	d4 Nf6 Nf3 d5 c4 e6 g3 Bb4+ Bd2 Be7 Bg2 c6
9	d4 Nf6 Nf3 d5 c4 e6 g3 Bb4+ Bd2 a5
14	d4 Nf6 Nf3 d5 c4 e6 g3 Bb4+ Nbd2 O-O Bg2 b6 O-O Bb7 Ne5
8	d4 Nf6 Nf3 d5 c4 e6 g3 Be7 Bg2 O-O O-O dxc4 Qc2 a6 a4 Bd7 Qxc4 Bc6 Bg5 Nbd7 Nc3 h6 Bxf6 Nxf6
8	d4 Nf6 Nf3 d5 c4 e6 g3 dxc4 Bg2 Bb4+ Bd2 a5
8	d4 Nf6 Nf3 d5 c4 e6 g3 dxc4 Bg2 Nc6 Qa4
8	d4 Nf6 Nf3 d5 c4 e6 g3 dxc4 Bg2 c5 O-O Nc6 dxc5 Qxd1 Rxd1 Bxc5 Nbd2 c3 bxc3 O-O
8	d4 Nf6 Nf3 d5 e3 Bf5
8	d4 Nf6 Nf3 d5 e3 c5 Be2 Nc6 O-O
8	d4 Nf6 Nf3 d5 e3 c5 Nbd2 cxd4 exd4
8	d4 Nf6 Nf3 d5 e3 c5 dxc5 e6 b4 a5 c3 axb4 cxb4 b6 Bb5+ Bd7 Bxd7+ Nbxd7
8	d4 Nf6 Nf3 d5 e3 e6 Bd3 Bd6
8	d4 Nf6 Nf3 d5 e3 e6 Bd3 b6 O-O Bb7
13	d4 Nf6 Nf3 d5 e3 e6 Bd3 c5 b3
12	d4 Nf6 Nf3 d5 e3 e6 Nbd2
12	d4 Nf6 Nf3 d5 g3 Bf5
9	d4 Nf6 Nf3 d5 g3 c5 Bg2 cxd4
11	d4 Nf6 Nf3 d5 g3 c6
8	d4 Nf6 Nf3 d5 g3 e6 Bg2 Be7 O-O O-O
8	d4 Nf6 Nf3 d5 g3 g6 Bg2 Bg7
8	d4 Nf6 Nf3 d6 Bg5
9	d4 Nf6 Nf3 d6 Nc3 Bf5
8	d4 Nf6 Nf3 d6 c4 Nbd7 Nc3
10	d4 Nf6 Nf3 d6 c4 g6 Nc3
8	d4 Nf6 Nf3 d6 g3 Nbd7
13	d4 Nf6 Nf3 d6 g3 g6 Bg2 Bg7 O-O O-O
10	d4 Nf6 Nf3 e6 Bf4 Be7
17	d4 Nf6 Nf3 e6 Bf4 b6 e3 Bb7 Bd3
16	d4 Nf6 Nf3 e6 Bf4 b6 e3 Bb7 Nbd2
10	d4 Nf6 Nf3 e6 Bf4 b6 e3 Bb7 h3 Be7
8	d4 Nf6 Nf3 e6 Bf4 c5 e3 Nc6 Nbd2 h6
8	d4 Nf6 Nf3 e6 Bf4 c5 e3 Nc6 c3
16	d4 Nf6 Nf3 e6 Bf4 c5 e3 b6
13	d4 Nf6 Nf3 e6 Bf4 c5 e3 cxd4 exd4 b6
8	d4 Nf6 Nf3 e6 Bf4 c5 e3 d5 c3
8	d4 Nf6 Nf3 e6 Bf4 d5 e3 Bd6 Nbd2
10	d4 Nf6 Nf3 e6 Bf4 d5 e3 c5 Nbd2 Nc6 c3
9	d4 Nf6 Nf3 e6 Bf4 d5 e3 c5 c3 Nc6 Nbd2
8	d4 Nf6 Nf3 e6 Bg5 Be7 Nbd2 d5 e3
15	d4 Nf6 Nf3 e6 Bg5 c5 e3 Be7
8	d4 Nf6 Nf3 e6 Bg5 c5 e3 h6 Bh4
9	d4 Nf6 Nf3 e6 Bg5 d5 Nbd2
8	d4 Nf6 Nf3 e6 Bg5 d5 e3 Be7
12	d4 Nf6 Nf3 e6 Bg5 h6 Bh4 c5 e3 b6
9	d4 Nf6 Nf3 e6 Bg5 h6 Bh4 d5
13	d4 Nf6 Nf3 e6 Bg5 h6 Bh4 d6
13	d4 Nf6 Nf3 e6 Bg5 h6 Bxf6 Qxf6 e4 d6
9	d4 Nf6 Nf3 e6 c3
10	d4 Nf6 Nf3 e6 c4 Bb4+ Bd2 Bxd2+ Qxd2
8	d4 Nf6 Nf3 e6 c4 Bb4+ Bd2 Qe7 g3 Nc6
11	d4 Nf6 Nf3 e6 c4 Bb4+ Bd2 a5 g3
8	d4 Nf6 Nf3 e6 c4 Bb4+ Bd2 c5
9	d4 Nf6 Nf3 e6 c4 Bb4+ Nbd2 O-O a3 Be7
9	d4 Nf6 Nf3 e6 c4 Bb4+ Nbd2 O-O g3
8	d4 Nf6 Nf3 e6 c4 Bb4+ Nbd2 b6 a3 Bxd2+ Qxd2 Bb7 e3 O-O
8	d4 Nf6 Nf3 e6 c4 Bb4+ Nc3
8	d4 Nf6 Nf3 e6 c4 b6 Nc3 Bb4 Bg5
11	d4 Nf6 Nf3 e6 c4 b6 Nc3 Bb7 a3
12	d4 Nf6 Nf3 e6 c4 b6 a3 Ba6
8	d4 Nf6 Nf3 e6 c4 b6 a3 Bb7 Nc3 d5 Bg5 Be7 Qa4+
8	d4 Nf6 Nf3 e6 c4 b6 a3 Bb7 Nc3 d5 cxd5
11	d4 Nf6 Nf3 e6 c4 b6 e3 Bb7 Bd3 d5
8	d4 Nf6 Nf3 e6 c4 b6 e3 Bb7 Nc3
8	d4 Nf6 Nf3 e6 c4 b6 g3 Ba6 Nbd2 d5
10	d4 Nf6 Nf3 e6 c4 b6 g3 Ba6 Qa4 Bb7 Bg2 c5
8	d4 Nf6 Nf3 e6 c4 b6 g3 Ba6 Qb3
8	d4 Nf6 Nf3 e6 c4 b6 g3 Ba6 Qc2 Bb7 Bg2
9	d4 Nf6 Nf3 e6 c4 b6 g3 Ba6 b3 Bb4+ Bd2 Be7 Bg2 c6 Bc3 d5 Ne5 Nfd7 Nxd7 Nxd7 Nd2 O-O O-O Rc8
13	d4 Nf6 Nf3 e6 c4 b6 g3 Ba6 b3 Bb4+ Bd2 Be7 Nc3
8	d4 Nf6 Nf3 e6 c4 b6 g3 Ba6 b3 Bb7 Bg2 Bb4+ Bd2
8	d4 Nf6 Nf3 e6 c4 b6 g3 Bb4+ Bd2 Bxd2+
11	d4 Nf6 Nf3 e6 c4 b6 g3 Bb7 Bg2 Bb4+ Bd2
8	d4 Nf6 Nf3 e6 c4 b6 g3 Bb7 Bg2 Be7 Nc3 Ne4 Bd2
8	d4 Nf6 Nf3 e6 c4 b6 g3 Bb7 Bg2 Be7 O-O O-O Nc3 Ne4 Bd2
14	d4 Nf6 Nf3 e6 c4 b6 g3 Bb7 Bg2 Be7 O-O O-O Re1
10	d4 Nf6 Nf3 e6 c4 c5 Nc3 cxd4 Nxd4
9	d4 Nf6 Nf3 e6 c4 c5 d5 b5
8	d4 Nf6 Nf3 e6 c4 c5 d5 d6 Nc3 exd5 cxd5 g6 h3
12	d4 Nf6 Nf3 e6 c4 c5 d5 exd5 cxd5 d6 Nc3 g6
8	d4 Nf6 Nf3 e6 c4 c5 e3 d5
9	d4 Nf6 Nf3 e6 c4 c5 g3 cxd4 Nxd4
10	d4 Nf6 Nf3 e6 c4 d5 Nc3 Bb4 Bg5
10	d4 Nf6 Nf3 e6 c4 d5 Nc3 Bb4 cxd5 exd5 Bg5
10	d4 Nf6 Nf3 e6 c4 d5 Nc3 Be7 Bf4 O-O e3 Nbd7 Be2 dxc4
8	d4 Nf6 Nf3 e6 c4 d5 Nc3 Be7 Bf4 O-O e3 c5 dxc5 Bxc5
10	d4 Nf6 Nf3 e6 c4 d5 Nc3 Be7 Bg5 h6 Bh4 O-O e3
11	d4 Nf6 Nf3 e6 c4 d5 Nc3 Nbd7
9	d4 Nf6 Nf3 e6 c4 d5 Nc3 c5 cxd5 Nxd5
19	d4 Nf6 Nf3 e6 c4 d5 Nc3 c6
8	d4 Nf6 Nf3 e6 c4 d5 Nc3 dxc4 e4 Bb4 Bg5
9	d4 Nf6 Nf3 e6 c4 d5 e3
10	d4 Nf6 Nf3 e6 c4 d5 g3 Bb4+ Bd2 Be7 Bg2
8	d4 Nf6 Nf3 e6 c4 d5 g3 Be7 Bg2 O-O O-O dxc4 Qc2 a6 a4 Bd7 Qxc4 Bc6
8	d4 Nf6 Nf3 e6 c4 d5 g3 dxc4 Bg2 a6
8	d4 Nf6 Nf3 e6 e3 b6 Bd3 Bb7 O-O Be7 c4
8	d4 Nf6 Nf3 e6 e3 b6 Bd3 Bb7 O-O c5 c4 Be7 Nc3
8	d4 Nf6 Nf3 e6 e3 b6 Bd3 Bb7 O-O d5 b3 Bd6
11	d4 Nf6 Nf3 e6 e3 c5 Bd3 b6 O-O Bb7
8	d4 Nf6 Nf3 e6 e3 c5 Bd3 d5 b3 Nc6
8	d4 Nf6 Nf3 e6 e3 d5 Bd3 c5
14	d4 Nf6 Nf3 e6 g3 b5 Bg2 Bb7 O-O c5 c3
8	d4 Nf6 Nf3 e6 g3 b5 Bg5
13	d4 Nf6 Nf3 e6 g3 b5 Qd3
8	d4 Nf6 Nf3 e6 g3 b6 Bg2 Bb7 O-O Be7 c4 O-O Nc3 Ne4
8	d4 Nf6 Nf3 e6 g3 b6 Bg2 Bb7 c4 Be7 Nc3
8	d4 Nf6 Nf3 e6 g3 c5 Bg2 cxd4 Nxd4 d5
9	d4 Nf6 Nf3 e6 g3 c5 Bg2 cxd4 O-O d5
9	d4 Nf6 Nf3 e6 g3 d5 Bg2 Be7 O-O O-O c4 dxc4 Qc2 a6
8	d4 Nf6 Nf3 e6 g3 d5 Bg2 Be7 c4 O-O O-O dxc4
11	d4 Nf6 Nf3 e6 g3 d5 Bg2 b5 O-O
10	d4 Nf6 Nf3 g6 Bf4 Bg7 c3 O-O Nbd2 d6 e4
11	d4 Nf6 Nf3 g6 Bf4 Bg7 c3 O-O h3
10	d4 Nf6 Nf3 g6 Bf4 Bg7 c3 d6
9	d4 Nf6 Nf3 g6 Bf4 Bg7 e3 O-O Be2 b6
11	d4 Nf6 Nf3 g6 Bf4 Bg7 e3 O-O Be2 c5
18	d4 Nf6 Nf3 g6 Bf4 Bg7 e3 O-O Be2 d6 O-O
20	d4 Nf6 Nf3 g6 Bf4 Bg7 e3 O-O Be2 d6 h3
12	d4 Nf6 Nf3 g6 Bf4 Bg7 e3 O-O h3 d6
14	d4 Nf6 Nf3 g6 Bf4 Bg7 e3 d6 Be2
12	d4 Nf6 Nf3 g6 Bf4 Bg7 e3 d6 h3 O-O Be2 b6
8	d4 Nf6 Nf3 g6 Bf4 d6
13	d4 Nf6 Nf3 g6 Bg5 Bg7 Nbd2 O-O c3 d5 e3 Nbd7 Be2 Re8 O-O e5
10	d4 Nf6 Nf3 g6 Bg5 Bg7 Nbd2 O-O c3 d6 e3
8	d4 Nf6 Nf3 g6 Bg5 Bg7 Nbd2 O-O c3 d6 e4 c5 d5 e6 dxe6 Bxe6
9	d4 Nf6 Nf3 g6 Bg5 Bg7 Nbd2 O-O c3 d6 e4 c5 dxc5 dxc5
8	d4 Nf6 Nf3 g6 Bg5 Bg7 Nbd2 O-O c3 d6 e4 h6 Bh4
17	d4 Nf6 Nf3 g6 Bg5 Bg7 Nbd2 O-O e3 d6
9	d4 Nf6 Nf3 g6 Bg5 Bg7 Nbd2 O-O e4 d5 exd5 Nxd5
17	d4 Nf6 Nf3 g6 Bg5 Bg7 Nbd2 c5 e3
8	d4 Nf6 Nf3 g6 Bg5 Bg7 Nbd2 d5 e3 O-O Bd3 c5 c3
8	d4 Nf6 Nf3 g6 Bg5 Bg7 Nbd2 d5 e3 O-O Be2
11	d4 Nf6 Nf3 g6 Bg5 Bg7 Nbd2 d6 c3
8	d4 Nf6 Nf3 g6 Bg5 Bg7 Nbd2 d6 e4 O-O c3
10	d4 Nf6 Nf3 g6 Bg5 Bg7 Nbd2 h6 Bh4
9	d4 Nf6 Nf3 g6 Bg5 Bg7 c3 O-O Nbd2 d6 e4
12	d4 Nf6 Nf3 g6 Bg5 Bg7 c3 d6 Nbd2
15	d4 Nf6 Nf3 g6 Bg5 Bg7 e3 O-O
9	d4 Nf6 Nf3 g6 Nbd2 Bg7 e4 O-O Bd3 d6 O-O Nc6 c3 e5
11	d4 Nf6 Nf3 g6 Nbd2 Bg7 e4 d6 Bb5+ c6 Bd3 O-O O-O
8	d4 Nf6 Nf3 g6 Nbd2 Bg7 e4 d6 Bd3 O-O O-O Nc6 c3 e5 dxe5
8	d4 Nf6 Nf3 g6 Nbd2 Bg7 e4 d6 Bd3 O-O O-O c5 c3 cxd4 cxd4
8	d4 Nf6 Nf3 g6 Nbd2 Bg7 e4 d6 c3 O-O
12	d4 Nf6 Nf3 g6 Nbd2 c5 dxc5 Qa5 a3 Qxc5 b4 Qc7 Bb2 Bg7
8	d4 Nf6 Nf3 g6 Nbd2 d5 b3 Bg7 Bb2 O-O e3 b6 Be2 Bb7 O-O Nbd7
9	d4 Nf6 Nf3 g6 Nbd2 d5 b4 Bg7 e3
10	d4 Nf6 Nf3 g6 Nbd2 d5 e3 Bg7 b4 O-O Bb2
9	d4 Nf6 Nf3 g6 Nbd2 d5 e3 Bg7 b4 a5 b5 c5
8	d4 Nf6 Nf3 g6 Nc3 Bg7 e4 d6 Be3
10	d4 Nf6 Nf3 g6 Nc3 d5 Bf4 Bg7 Nb5 Na6 e3 O-O Be2
12	d4 Nf6 Nf3 g6 Nc3 d5 Bf4 Bg7 Nb5 Na6 e3 O-O h3 Ne4 c3
9	d4 Nf6 Nf3 g6 Nc3 d5 Bf4 Bg7 Nb5 Na6 e3 O-O h3 c6 Nc3
10	d4 Nf6 Nf3 g6 Nc3 d5 Bf4 Bg7 Nb5 Na6 e3 c6 Nc3
12	d4 Nf6 Nf3 g6 Nc3 d5 Bf4 Bg7 e3 O-O Nb5 Na6 h3
9	d4 Nf6 Nf3 g6 b3 Bg7 Bb2 O-O e3 b6
10	d4 Nf6 Nf3 g6 c3 Bg7 Bf4
8	d4 Nf6 Nf3 g6 c3 Bg7 Bg5 O-O Nbd2 d6 e4
9	d4 Nf6 Nf3 g6 c4 Bg7 Nc3 O-O Bg5 d6 e3
16	d4 Nf6 Nf3 g6 c4 Bg7 Nc3 O-O e4 d6 Be2 e5 Be3
9	d4 Nf6 Nf3 g6 c4 Bg7 Nc3 O-O e4 d6 Be2 e5 O-O Na6
9	d4 Nf6 Nf3 g6 c4 Bg7 Nc3 O-O e4 d6 Be2 e5 O-O Nc6 d5 Ne7 Ne1
8	d4 Nf6 Nf3 g6 c4 Bg7 Nc3 O-O e4 d6 Be2 e5 O-O Nc6 d5 Ne7 b4 Nh5
11	d4 Nf6 Nf3 g6 c4 Bg7 Nc3 O-O e4 d6 h3
8	d4 Nf6 Nf3 g6 c4 Bg7 Nc3 d5 Bg5 Ne4 Bf4 Nxc3 bxc3 c5
10	d4 Nf6 Nf3 g6 c4 Bg7 Nc3 d5 Qb3 dxc4 Qxc4 O-O e4 a6
8	d4 Nf6 Nf3 g6 c4 Bg7 Nc3 d5 cxd5 Nxd5 e4 Nxc3 bxc3 c5 Bb5+ Nc6 O-O
10	d4 Nf6 Nf3 g6 c4 Bg7 Nc3 d5 cxd5 Nxd5 e4 Nxc3 bxc3 c5 Be3 Qa5 Qd2
9	d4 Nf6 Nf3 g6 c4 Bg7 Nc3 d5 cxd5 Nxd5 e4 Nxc3 bxc3 c5 Rb1 O-O Be2 cxd4 cxd4 Qa5+ Bd2 Qxa2 O-O Bg4
10	d4 Nf6 Nf3 g6 c4 Bg7 Nc3 d5 e3 O-O
9	d4 Nf6 Nf3 g6 c4 Bg7 Nc3 d6 Bg5
11	d4 Nf6 Nf3 g6 c4 Bg7 Nc3 d6 e4 O-O Be2 e5 O-O
10	d4 Nf6 Nf3 g6 c4 Bg7 e3 O-O Be2
9	d4 Nf6 Nf3 g6 c4 Bg7 g3 O-O Bg2 c5
8	d4 Nf6 Nf3 g6 c4 Bg7 g3 O-O Bg2 c6 O-O
12	d4 Nf6 Nf3 g6 c4 Bg7 g3 O-O Bg2 d6 Nc3
10	d4 Nf6 Nf3 g6 c4 Bg7 g3 O-O Bg2 d6 O-O Nbd7 Nc3 e5
10	d4 Nf6 Nf3 g6 c4 Bg7 g3 O-O Bg2 d6 O-O Nc6 Nc3
10	d4 Nf6 Nf3 g6 c4 Bg7 g3 c5 Bg2
13	d4 Nf6 Nf3 g6 c4 Bg7 g3 c6 Bg2 d5 cxd5 cxd5
12	d4 Nf6 Nf3 g6 c4 Bg7 g3 d5
8	d4 Nf6 Nf3 g6 e3 Bg7 Be2 O-O O-O b6 c4 Bb7
8	d4 Nf6 Nf3 g6 e3 Bg7 Be2 O-O O-O d5
11	d4 Nf6 Nf3 g6 e3 Bg7 Be2 O-O O-O d6 c4
9	d4 Nf6 Nf3 g6 g3 Bg7 Bg2 O-O O-O d5 Nbd2 a5
8	d4 Nf6 Nf3 g6 g3 Bg7 Bg2 O-O O-O d5 c4 c6 cxd5 cxd5
8	d4 Nf6 Nf3 g6 g3 Bg7 Bg2 O-O O-O d5 c4 dxc4 Na3
8	d4 Nf6 Nf3 g6 g3 Bg7 Bg2 O-O O-O d6 Nc3 Nbd7 e4 e5
10	d4 Nf6 Nf3 g6 g3 Bg7 Bg2 O-O O-O d6 Re1 Nbd7 e4 e5 Nc3
30	d4 Nf6 Nf3 g6 g3 Bg7 Bg2 O-O O-O d6 b3
9	d4 Nf6 Nf3 g6 g3 Bg7 Bg2 O-O O-O d6 c4 Nbd7 Nc3 e5 e4
15	d4 Nf6 Nf3 g6 g3 Bg7 Bg2 O-O O-O d6 c4 Nc6 Nc3
8	d4 Nf6 Nf3 g6 g3 Bg7 Bg2 O-O c4 c6 O-O d5
8	d4 Nf6 Nf3 g6 g3 Bg7 Bg2 O-O c4 d6 O-O Nc6 Nc3
14	d4 Nf6 Nf3 g6 g3 Bg7 Bg2 c5
9	d4 Nf6 Nf3 g6 g3 Bg7 Bg2 d5 O-O O-O Nbd2
11	d4 Nf6 Nf3 g6 g3 Bg7 Bg2 d5 O-O O-O c3
19	d4 Nf6 Nf3 g6 g3 Bg7 Bg2 d5 O-O O-O c4 c6
9	d4 Nf6 Nf3 g6 g3 Bg7 Bg2 d5 O-O O-O c4 dxc4 Na3 c3 bxc3 c5
8	d4 Nf6 Nf3 g6 g3 Bg7 Bg2 d5 O-O c6 b3 O-O
15	d4 Nf6 Nf3 g6 g3 Bg7 Bg2 d5 c4 c6
9	d4 Nf6 Nf3 g6 g3 b6 Bg2 Bb7
10	d4 Nf6 Nf3 g6 g3 c5
13	d4 Nf6 Nf3 g6 g3 d5 Bg2 Bg7 O-O O-O c4 c6
8	d4 Nf6 c3 d5
10	d4 Nf6 c3 g6 Bg5 Bg7 Nd2
8	d4 Nf6 c4 Nc6 Nf3 e6 Nc3 Bb4
9	d4 Nf6 c4 Nc6 Nf3 e6 a3 d6 Nc3 g6
16	d4 Nf6 c4 Nc6 Nf3 e6 g3
18	d4 Nf6 c4 b6 Nc3 Bb7 Nf3
9	d4 Nf6 c4 b6 Nc3 Bb7 Qc2 d5 cxd5 Nxd5 Nf3
8	d4 Nf6 c4 b6 Nc3 Bb7 Qc2 d5 cxd5 Nxd5 e4 Nxc3 bxc3
8	d4 Nf6 c4 b6 Nc3 Bb7 Qc2 g6 e4 d6
8	d4 Nf6 c4 b6 Nc3 Bb7 f3
13	d4 Nf6 c4 b6 Nf3 Bb7 g3 g6 Bg2 Bg7 O-O O-O
11	d4 Nf6 c4 b6 f3 Nc6 Nc3
13	d4 Nf6 c4 c5 Nf3 cxd4 Nxd4 Nc6 Nc3 e6
10	d4 Nf6 c4 c5 Nf3 cxd4 Nxd4 e5 Nb5 d5 cxd5 Bc5
10	d4 Nf6 c4 c5 Nf3 cxd4 Nxd4 e6 Nc3
8	d4 Nf6 c4 c5 d5 b5 Nd2 bxc4 e4
8	d4 Nf6 c4 c5 d5 b5 Nf3 Bb7
10	d4 Nf6 c4 c5 d5 b5 Nf3 g6 cxb5 a6 b6
8	d4 Nf6 c4 c5 d5 b5 Qc2 bxc4 e4 d6 Bxc4 g6
11	d4 Nf6 c4 c5 d5 b5 cxb5 a6 b6 d6 Nc3
8	d4 Nf6 c4 c5 d5 b5 cxb5 a6 bxa6 e6
10	d4 Nf6 c4 c5 d5 b5 cxb5 a6 bxa6 g6 Nc3 Bg7 e4 O-O Nf3 Qa5
15	d4 Nf6 c4 c5 d5 b5 cxb5 a6 bxa6 g6 Nc3 Bxa6 Nf3 Bg7
9	d4 Nf6 c4 c5 d5 b5 cxb5 a6 bxa6 g6 Nc3 Bxa6 Nf3 d6 g3
9	d4 Nf6 c4 c5 d5 b5 cxb5 a6 bxa6 g6 Nc3 Bxa6 e4 Bxf1 Kxf1 d6 Nf3 Bg7 g3 O-O Kg2 Nbd7
10	d4 Nf6 c4 c5 d5 b5 cxb5 a6 bxa6 g6 Nc3 Bxa6 e4 Bxf1 Kxf1 d6 Nf3 Nbd7 g3 Bg7
8	d4 Nf6 c4 c5 d5 b5 cxb5 a6 bxa6 g6 Nc3 Bxa6 e4 Bxf1 Kxf1 d6 g3 Bg7 Kg2 Nbd7
8	d4 Nf6 c4 c5 d5 b5 cxb5 a6 bxa6 g6 Nc3 Bxa6 g3 d6 Bg2 Bg7 Nf3 Nbd7
8	d4 Nf6 c4 c5 d5 b5 cxb5 a6 e3 axb5 Bxb5 Qa5+ Nc3 Bb7
9	d4 Nf6 c4 c5 d5 b5 cxb5 a6 e3 g6 Nc3 Bg7
8	d4 Nf6 c4 c5 d5 b5 cxb5 a6 f3 axb5 e4 Qa5+ Bd2 b4 Na3 d6 Nc4
8	d4 Nf6 c4 c5 d5 b5 cxb5 a6 f3 e6 e4 exd5
9	d4 Nf6 c4 c5 d5 d6 Nc3 g6 e4 Bg7
12	d4 Nf6 c4 c5 d5 e5 Nc3 d6 e4 Be7 g3
9	d4 Nf6 c4 c5 d5 e5 Nc3 d6 e4 Nbd7 Bd3 Be7
8	d4 Nf6 c4 c5 d5 e6 Nc3 exd5 cxd5 d6 Nf3 g6 Bf4 Bg7
9	d4 Nf6 c4 c5 d5 e6 Nc3 exd5 cxd5 d6 Nf3 g6 Bf4 a6 a4 Bg7 h3 O-O e3
8	d4 Nf6 c4 c5 d5 e6 Nc3 exd5 cxd5 d6 Nf3 g6 Nd2 Bg7 e4 O-O Be2 Na6 O-O
8	d4 Nf6 c4 c5 d5 e6 Nc3 exd5 cxd5 d6 e4 g6 Nf3
11	d4 Nf6 c4 c5 d5 e6 Nc3 exd5 cxd5 d6 e4 g6 f4 Bg7 Bb5+ Nfd7
9	d4 Nf6 c4 c5 d5 e6 Nc3 exd5 cxd5 d6 e4 g6 h3 Bg7 Nf3
11	d4 Nf6 c4 c5 d5 g6 Nc3 Bg7 e4 O-O Nf3 e6
9	d4 Nf6 c4 c5 d5 g6 Nc3 Bg7 e4 d6 Bd3 O-O
9	d4 Nf6 c4 c5 d5 g6 Nc3 Bg7 e4 d6 Nf3 O-O Be2
8	d4 Nf6 c4 c5 d5 g6 Nc3 Bg7 e4 d6 Nf3 O-O h3
8	d4 Nf6 c4 c5 d5 g6 Nc3 Bg7 e4 d6 h3 O-O Nf3 e6 Bd3
11	d4 Nf6 c4 c5 d5 g6 Nc3 d6 e4 Bg7
11	d4 Nf6 c4 c6 Nc3 d5 Nf3 a6 c5
8	d4 Nf6 c4 c6 Nc3 d5 Nf3 dxc4 a4 Bf5
9	d4 Nf6 c4 c6 Nc3 d5 Nf3 e6 Bg5
8	d4 Nf6 c4 c6 Nc3 d5 cxd5 cxd5 Bf4 Nc6 e3 a6
8	d4 Nf6 c4 c6 Nc3 d5 e3 a6 Nf3
11	d4 Nf6 c4 c6 Nc3 d5 e3 a6 Qc2
11	d4 Nf6 c4 c6 Nc3 d5 e3 e6 Nf3
10	d4 Nf6 c4 c6 Nf3 d5 Nc3 a6
8	d4 Nf6 c4 c6 Nf3 d5 Nc3 dxc4
10	d4 Nf6 c4 c6 Nf3 d5 Nc3 e6
13	d4 Nf6 c4 c6 Nf3 d5 e3 Bf5 Nc3 e6 Nh4
14	d4 Nf6 c4 c6 Nf3 d5 e3 Bg4
8	d4 Nf6 c4 d6 Nc3 Bf5 f3
8	d4 Nf6 c4 d6 Nc3 Nbd7 Nf3
9	d4 Nf6 c4 d6 Nc3 Nbd7 e4 e5 Nf3
9	d4 Nf6 c4 d6 Nc3 e5 Nf3 Nbd7 e4 g6
10	d4 Nf6 c4 d6 Nc3 e5 Nf3 Nc6
8	d4 Nf6 c4 d6 Nc3 e5 Nf3 e4 Ng5 Qe7
12	d4 Nf6 c4 d6 Nc3 g6 e4 Bg7
12	d4 Nf6 c4 d6 Nf3 Nbd7 Nc3 e5 e4 Be7 Be2
13	d4 Nf6 c4 d6 Nf3 Nc6 Nc3 e5
8	d4 Nf6 c4 d6 Nf3 g6 Nc3 Bf5 d5
8	d4 Nf6 c4 d6 Nf3 g6 Nc3 Bf5 g3
8	d4 Nf6 c4 d6 Nf3 g6 Nc3 Bg7
12	d4 Nf6 c4 d6 Nf3 g6 g3 Bg7 Bg2 O-O
9	d4 Nf6 c4 e5 dxe5 Ng4 Bf4 Nc6 Nf3 Bb4+ Nbd2 Qe7
10	d4 Nf6 c4 e5 dxe5 Ng4 Bf4 g5 Bg3 Bg7
10	d4 Nf6 c4 e5 dxe5 Ng4 Nf3 Bc5 e3 Nc6 Be2
8	d4 Nf6 c4 e6 Bf4 Bb4+ Nd2 c5 dxc5
8	d4 Nf6 c4 e6 Bf4 d5 cxd5 Nxd5 Bg3 c5 e4 Nf6 Nd2
8	d4 Nf6 c4 e6 Bg5 Bb4+ Nd2 h6
9	d4 Nf6 c4 e6 Bg5 d5
11	d4 Nf6 c4 e6 Bg5 h6 Bh4 Bb4+ Nd2
8	d4 Nf6 c4 e6 Bg5 h6 Bh4 c5 d5
10	d4 Nf6 c4 e6 Nc3 Bb4 Bd2 O-O Nf3
9	d4 Nf6 c4 e6 Nc3 Bb4 Bg5 c5 d5 d6 e3
8	d4 Nf6 c4 e6 Nc3 Bb4 Bg5 c5 d5 h6 Bh4
11	d4 Nf6 c4 e6 Nc3 Bb4 Bg5 h6 Bh4 c5 d5
13	d4 Nf6 c4 e6 Nc3 Bb4 Nf3 Bxc3+ bxc3 d6
9	d4 Nf6 c4 e6 Nc3 Bb4 Nf3 O-O Bg5 c5 Rc1 cxd4 Nxd4 h6 Bh4 d5 cxd5
9	d4 Nf6 c4 e6 Nc3 Bb4 Nf3 O-O Bg5 c5 Rc1 h6 Bh4 cxd4 Nxd4 d5 cxd5
8	d4 Nf6 c4 e6 Nc3 Bb4 Nf3 O-O Bg5 c5 e3 cxd4 exd4 d5 Rc1
8	d4 Nf6 c4 e6 Nc3 Bb4 Nf3 O-O Bg5 c5 e3 h6 Bh4 cxd4 exd4
9	d4 Nf6 c4 e6 Nc3 Bb4 Nf3 O-O Bg5 h6 Bh4 c5 Rc1 cxd4 Nxd4
8	d4 Nf6 c4 e6 Nc3 Bb4 Nf3 O-O Qc2 d5 Bg5 h6
13	d4 Nf6 c4 e6 Nc3 Bb4 Nf3 O-O e3
8	d4 Nf6 c4 e6 Nc3 Bb4 Nf3 b6 Bd2 Bb7 g3 c5
19	d4 Nf6 c4 e6 Nc3 Bb4 Nf3 b6 Bg5 Bb7 Nd2 h6 Bh4
8	d4 Nf6 c4 e6 Nc3 Bb4 Nf3 b6 Bg5 Bb7 e3 h6 Bh4 Bxc3+ bxc3
8	d4 Nf6 c4 e6 Nc3 Bb4 Nf3 b6 Bg5 Bb7 e3 h6 Bh4 g5 Bg3 Ne4 Qc2
8	d4 Nf6 c4 e6 Nc3 Bb4 Nf3 b6 Bg5 h6 Bh4 g5 Bg3 Ne4 Qc2 Bb7 e3
9	d4 Nf6 c4 e6 Nc3 Bb4 Nf3 b6 Qb3 a5
10	d4 Nf6 c4 e6 Nc3 Bb4 Nf3 b6 Qb3 c5 Bg5 Bb7 e3
13	d4 Nf6 c4 e6 Nc3 Bb4 Nf3 b6 Qc2 Bb7 a3 Bxc3+ Qxc3 O-O e3
8	d4 Nf6 c4 e6 Nc3 Bb4 Nf3 b6 e3 Bb7 Bd3 O-O O-O c5 Na4 cxd4 exd4 Re8 a3 Bf8
10	d4 Nf6 c4 e6 Nc3 Bb4 Nf3 b6 e3 Bb7 Bd3 O-O O-O d5 cxd5 exd5 Ne5
10	d4 Nf6 c4 e6 Nc3 Bb4 Nf3 b6 e3 Bb7 Bd3 O-O O-O d5 cxd5 exd5 a3 Bd6 b4
11	d4 Nf6 c4 e6 Nc3 Bb4 Nf3 b6 e3 Ne4 Qc2 Bb7 Bd3
8	d4 Nf6 c4 e6 Nc3 Bb4 Nf3 b6 e3 O-O Bd3 d5 O-O Ba6 cxd5
10	d4 Nf6 c4 e6 Nc3 Bb4 Nf3 b6 e3 O-O Bd3 d5 cxd5 exd5 O-O
8	d4 Nf6 c4 e6 Nc3 Bb4 Nf3 c5 e3 O-O Bd3
9	d4 Nf6 c4 e6 Nc3 Bb4 Nf3 c5 g3 Nc6 Bg2 Ne4 Bd2 Bxc3 bxc3 O-O O-O
8	d4 Nf6 c4 e6 Nc3 Bb4 Nf3 c5 g3 Nc6 Bg2 Ne4 Bd2 Nxd2 Qxd2 cxd4 Nxd4 O-O O-O
9	d4 Nf6 c4 e6 Nc3 Bb4 Nf3 c5 g3 Ne4 Qd3
14	d4 Nf6 c4 e6 Nc3 Bb4 Nf3 c5 g3 O-O Bg2 cxd4 Nxd4 d5 cxd5 Nxd5 Qb3
9	d4 Nf6 c4 e6 Nc3 Bb4 Nf3 c5 g3 b6 Bg2 Bb7 O-O
11	d4 Nf6 c4 e6 Nc3 Bb4 Nf3 c5 g3 cxd4 Nxd4 Ne4 Qd3 Bxc3+ bxc3 Nc5 Qf3 d6 Bg2
8	d4 Nf6 c4 e6 Nc3 Bb4 Nf3 c5 g3 cxd4 Nxd4 O-O Bg2 d5 Qb3 Bxc3+ bxc3
8	d4 Nf6 c4 e6 Nc3 Bb4 Nf3 c5 g3 cxd4 Nxd4 O-O Bg2 d5 cxd5 Nxd5 Qb3 Nc6 Nxc6 bxc6 O-O Qa5 Bd2 Bxc3
15	d4 Nf6 c4 e6 Nc3 Bb4 Nf3 c5 g3 cxd4 Nxd4 O-O Bg2 d5 cxd5 Nxd5 Qb3 Qa5 Bd2 Nc6 Nxc6 bxc6 O-O Bxc3 bxc3 Ba6 Rfd1 Qc5 e4 Bc4 Qa4 Nb6 Qb4 Qh5
9	d4 Nf6 c4 e6 Nc3 Bb4 Nf3 c5 g3 cxd4 Nxd4 O-O Bg2 d5 cxd5 Nxd5 Qb3 Qb6 Bxd5 exd5 Be3
8	d4 Nf6 c4 e6 Nc3 Bb4 Nf3 d5 Bg5 h6 Bxf6 Qxf6 Qa4+ Nc6
8	d4 Nf6 c4 e6 Nc3 Bb4 Nf3 d5 Bg5 h6 Bxf6 Qxf6 e3 O-O Rc1 dxc4 Bxc4 c5 O-O cxd4
11	d4 Nf6 c4 e6 Nc3 Bb4 Nf3 d5 Qa4+ Nc6 e3 O-O Bd2
10	d4 Nf6 c4 e6 Nc3 Bb4 Nf3 d5 Qa4+ Nc6 e3 O-O Qc2
9	d4 Nf6 c4 e6 Nc3 Bb4 Nf3 d5 cxd5 exd5 Bf4
8	d4 Nf6 c4 e6 Nc3 Bb4 Nf3 d5 cxd5 exd5 Bg5 h6 Bh4 O-O e3 Bf5
8	d4 Nf6 c4 e6 Nc3 Bb4 Nf3 d5 cxd5 exd5 Bg5 h6 Bh4 c5
9	d4 Nf6 c4 e6 Nc3 Bb4 Nf3 d5 e3 O-O Bd2
12	d4 Nf6 c4 e6 Nc3 Bb4 Nf3 d6 Qc2
8	d4 Nf6 c4 e6 Nc3 Bb4 Qb3 c5 dxc5
8	d4 Nf6 c4 e6 Nc3 Bb4 Qc2 Nc6 Nf3 d6 Bd2 O-O a3 Bxc3 Bxc3 Qe7
12	d4 Nf6 c4 e6 Nc3 Bb4 Qc2 O-O Bg5
11	d4 Nf6 c4 e6 Nc3 Bb4 Qc2 O-O Nf3 c5 dxc5 Na6 c6 bxc6
11	d4 Nf6 c4 e6 Nc3 Bb4 Qc2 O-O Nf3 c5 dxc5 Na6 g3 Nxc5 Bg2 Nce4 O-O Nxc3 bxc3 Be7 e4 d6 e5 dxe5 Nxe5 Qc7 Qe2 Nd7 Bf4 Nxe5 Bxe5 Bd6
8	d4 Nf6 c4 e6 Nc3 Bb4 Qc2 O-O Nf3 c5 dxc5 Na6 g3 Nxc5 Bg2 b6 O-O Bb7 Nb5 Be4 Qd1 Nb7 a3 Be7
9	d4 Nf6 c4 e6 Nc3 Bb4 Qc2 O-O Nf3 d5 Bg5 h6 Bxf6 Qxf6 a3 Bxc3+ Qxc3 dxc4 Qxc4
12	d4 Nf6 c4 e6 Nc3 Bb4 Qc2 O-O Nf3 d5 a3 Bxc3+ Qxc3 dxc4 Qxc4 b6 Bg5
10	d4 Nf6 c4 e6 Nc3 Bb4 Qc2 O-O Nf3 d5 cxd5 exd5
16	d4 Nf6 c4 e6 Nc3 Bb4 Qc2 O-O Nf3 d6
11	d4 Nf6 c4 e6 Nc3 Bb4 Qc2 O-O a3 Bxc3+ Qxc3 Ne4 Qc2 f5
9	d4 Nf6 c4 e6 Nc3 Bb4 Qc2 O-O a3 Bxc3+ Qxc3 b5 cxb5 c6 Bg5 cxb5 e3 Bb7
9	d4 Nf6 c4 e6 Nc3 Bb4 Qc2 O-O a3 Bxc3+ Qxc3 b6 Bg5 Ba6 e3 d6 Bd3 Nbd7
15	d4 Nf6 c4 e6 Nc3 Bb4 Qc2 O-O a3 Bxc3+ Qxc3 b6 Bg5 Bb7 Nf3 d6 Nd2 Nbd7 f3
8	d4 Nf6 c4 e6 Nc3 Bb4 Qc2 O-O a3 Bxc3+ Qxc3 b6 Bg5 Bb7 e3 d6 Ne2 Nbd7 Qc2 c5 Rd1 Qc7
9	d4 Nf6 c4 e6 Nc3 Bb4 Qc2 O-O a3 Bxc3+ Qxc3 b6 Bg5 Bb7 e3 d6 Ne2 Nbd7 Qc2 c5 Rd1 Qe7
10	d4 Nf6 c4 e6 Nc3 Bb4 Qc2 O-O a3 Bxc3+ Qxc3 b6 Bg5 Bb7 e3 d6 Ne2 Nbd7 Qd3 Ba6 Nc3 d5 Qc2
11	d4 Nf6 c4 e6 Nc3 Bb4 Qc2 O-O a3 Bxc3+ Qxc3 b6 Bg5 Bb7 e3 d6 f3 Nbd7 Bd3 c5 Ne2 Rc8
8	d4 Nf6 c4 e6 Nc3 Bb4 Qc2 O-O a3 Bxc3+ Qxc3 b6 Bg5 Bb7 e3 d6 f3 Nbd7 Nh3
9	d4 Nf6 c4 e6 Nc3 Bb4 Qc2 O-O a3 Bxc3+ Qxc3 b6 Bg5 Bb7 f3 d6
11	d4 Nf6 c4 e6 Nc3 Bb4 Qc2 O-O a3 Bxc3+ Qxc3 b6 Bg5 Bb7 f3 h6 Bh4 d5 e3 Nbd7 cxd5 Nxd5 Bxd8 Nxc3 Bh4 Nd5 Bf2 c5 e4 Ne7 Ne2
8	d4 Nf6 c4 e6 Nc3 Bb4 Qc2 O-O a3 Bxc3+ Qxc3 b6 Bg5 Bb7 f3 h6 Bh4 d5 e3 Nbd7 cxd5 Nxd5 Bxd8 Nxc3 Bh4 Nd5 Bf2 f5
10	d4 Nf6 c4 e6 Nc3 Bb4 Qc2 O-O a3 Bxc3+ Qxc3 b6 Bg5 c5 dxc5 bxc5 e3 d6 Bd3 Nbd7 Ne2
10	d4 Nf6 c4 e6 Nc3 Bb4 Qc2 O-O a3 Bxc3+ Qxc3 b6 Bg5 h6 Bh4
9	d4 Nf6 c4 e6 Nc3 Bb4 Qc2 O-O a3 Bxc3+ Qxc3 b6 Nf3 Bb7 e3 d5 b4
9	d4 Nf6 c4 e6 Nc3 Bb4 Qc2 O-O a3 Bxc3+ Qxc3 b6 Nf3 Bb7 e3 d6 Be2
17	d4 Nf6 c4 e6 Nc3 Bb4 Qc2 O-O a3 Bxc3+ Qxc3 d5 Bg5 c5 dxc5 d4
8	d4 Nf6 c4 e6 Nc3 Bb4 Qc2 O-O a3 Bxc3+ Qxc3 d5 Bg5 dxc4 Qxc4 b6 Rd1 Ba6 Qa4 h6 Bh4 Qe7 Nf3 Rd8 e3 Bxf1 Rxf1 c5
8	d4 Nf6 c4 e6 Nc3 Bb4 Qc2 O-O a3 Bxc3+ Qxc3 d5 Bg5 h6 Bxf6 Qxf6 Nf3 dxc4 Qxc4 Nc6 Qc3 Re8 Rd1 e5 d5 Nb8 e3 Bg4 Be2
10	d4 Nf6 c4 e6 Nc3 Bb4 Qc2 O-O a3 Bxc3+ Qxc3 d5 Nf3 b6 Bg5
8	d4 Nf6 c4 e6 Nc3 Bb4 Qc2 O-O a3 Bxc3+ Qxc3 d5 Nf3 dxc4 Qxc4 b6 Bg5 Ba6 Qa4 Qd7 Qc2 c5 dxc5 Rc8 Bxf6 gxf6
8	d4 Nf6 c4 e6 Nc3 Bb4 Qc2 O-O a3 Bxc3+ Qxc3 d5 Nf3 dxc4 Qxc4 b6 Bg5 Ba6 Qa4 c5 dxc5 bxc5 Rd1 Qb6 Bxf6 gxf6 Rd2 Nc6
9	d4 Nf6 c4 e6 Nc3 Bb4 Qc2 O-O a3 Bxc3+ Qxc3 d5 Nf3 dxc4 Qxc4 b6 Bg5 Ba6 Qa4 h6 Bh4 c5 dxc5 bxc5
8	d4 Nf6 c4 e6 Nc3 Bb4 Qc2 O-O a3 Bxc3+ Qxc3 d5 Nf3 dxc4 Qxc4 b6 Bg5 Ba6 Qc2
11	d4 Nf6 c4 e6 Nc3 Bb4 Qc2 O-O a3 Bxc3+ Qxc3 d5 Nf3 dxc4 Qxc4 b6 Bg5 Bb7
8	d4 Nf6 c4 e6 Nc3 Bb4 Qc2 O-O a3 Bxc3+ Qxc3 d5 cxd5 Ne4 Qc2 exd5 Bf4
11	d4 Nf6 c4 e6 Nc3 Bb4 Qc2 O-O a3 Bxc3+ Qxc3 d5 e3 b6 Nf3
9	d4 Nf6 c4 e6 Nc3 Bb4 Qc2 O-O a3 Bxc3+ Qxc3 d5 e3 b6 cxd5 exd5
17	d4 Nf6 c4 e6 Nc3 Bb4 Qc2 O-O a3 Bxc3+ Qxc3 d6 Bg5 Nbd7 e3 b6
12	d4 Nf6 c4 e6 Nc3 Bb4 Qc2 O-O a3 Bxc3+ Qxc3 d6 Nf3 Nbd7
8	d4 Nf6 c4 e6 Nc3 Bb4 Qc2 O-O a3 Bxc3+ Qxc3 d6 Nf3 b6 e3
8	d4 Nf6 c4 e6 Nc3 Bb4 Qc2 O-O a3 Bxc3+ Qxc3 d6 Nf3 b6 g3 Bb7 Bg2
10	d4 Nf6 c4 e6 Nc3 Bb4 Qc2 O-O a3 Bxc3+ Qxc3 d6 f3 c5 dxc5 dxc5
8	d4 Nf6 c4 e6 Nc3 Bb4 Qc2 O-O a3 Bxc3+ Qxc3 d6 g3
9	d4 Nf6 c4 e6 Nc3 Bb4 Qc2 O-O e4 d5 e5 Ne4 Bd3 c5 Ne2 cxd4 Nxd4 Nd7 Bf4 Qh4 g3
10	d4 Nf6 c4 e6 Nc3 Bb4 Qc2 O-O e4 d5 e5 Ne4 Bd3 c5 Nf3 cxd4 Nxd4 Nd7 Bf4 Qh4 g3 Qh5 O-O Bxc3 bxc3 g5 cxd5 exd5
8	d4 Nf6 c4 e6 Nc3 Bb4 Qc2 O-O e4 d5 e5 Ne4 Bd3 c5 Nf3 cxd4 Nxd4 Nd7 Bf4 Qh4 g3 Qh5 O-O g5 cxd5 Bxc3 bxc3 exd5 Be3 Nxe5 f3
8	d4 Nf6 c4 e6 Nc3 Bb4 Qc2 O-O e4 d5 e5 Ne4 Bd3 c5 Nf3 cxd4 Nxd4 Nd7 Bf4 Qh4 g3 Qh5 O-O g5 cxd5 Bxc3 bxc3 exd5 Bxe4 dxe4 e6
9	d4 Nf6 c4 e6 Nc3 Bb4 Qc2 O-O e4 d5 e5 Ne4 Bd3 c5 Nf3 cxd4 Nxd4 Nd7 Bf4 Qh4 g3 Qh5 O-O g5 cxd5 gxf4 dxe6
8	d4 Nf6 c4 e6 Nc3 Bb4 Qc2 O-O e4 d5 e5 Ne4 Nf3 c5 Bd3 cxd4 Nxd4 Nd7
8	d4 Nf6 c4 e6 Nc3 Bb4 Qc2 O-O e4 d5 e5 Ne4 a3 Bxc3+ bxc3 c5 Bd3
12	d4 Nf6 c4 e6 Nc3 Bb4 Qc2 O-O e4 d6 a3 Bxc3+ bxc3 e5 Bd3
10	d4 Nf6 c4 e6 Nc3 Bb4 Qc2 O-O e4 d6 e5 dxe5 dxe5
8	d4 Nf6 c4 e6 Nc3 Bb4 Qc2 b6 a3 Bxc3+ Qxc3 Bb7
12	d4 Nf6 c4 e6 Nc3 Bb4 Qc2 b6 e4 c5
12	d4 Nf6 c4 e6 Nc3 Bb4 Qc2 c5 dxc5 Bxc5 Nf3 Qb6 e3 Qc7
8	d4 Nf6 c4 e6 Nc3 Bb4 Qc2 c5 dxc5 Na6 a3 Bxc3+ Qxc3 Nxc5 b4
10	d4 Nf6 c4 e6 Nc3 Bb4 Qc2 c5 dxc5 O-O Nf3 Na6 g3 Nxc5 Bg2 Nce4 O-O
11	d4 Nf6 c4 e6 Nc3 Bb4 Qc2 c5 dxc5 O-O a3 Bxc5 Nf3 Nc6 Bg5
8	d4 Nf6 c4 e6 Nc3 Bb4 Qc2 c5 dxc5 O-O a3 Bxc5 Nf3 b6 Bf4 Bb7 Rd1 Nc6 e3
8	d4 Nf6 c4 e6 Nc3 Bb4 Qc2 c5 dxc5 O-O a3 Bxc5 Nf3 b6 Bg5
9	d4 Nf6 c4 e6 Nc3 Bb4 Qc2 c5 dxc5 O-O a3 Bxc5 Nf3 d5
11	d4 Nf6 c4 e6 Nc3 Bb4 Qc2 c5 dxc5 Qc7 Nf3 Bxc5
9	d4 Nf6 c4 e6 Nc3 Bb4 Qc2 d5 a3 Bxc3+ Qxc3 Ne4 Qc2 c5 dxc5 Nc6 Nf3 Qa5+ Bd2 Qxc5 e3 Nxd2 Nxd2 dxc4 Bxc4 O-O
9	d4 Nf6 c4 e6 Nc3 Bb4 Qc2 d5 a3 Bxc3+ Qxc3 Ne4 Qc2 c5 dxc5 Nc6 cxd5 exd5 Nf3 Bf5 b4
13	d4 Nf6 c4 e6 Nc3 Bb4 Qc2 d5 a3 Bxc3+ Qxc3 Ne4 Qc2 c5 dxc5 Nc6 cxd5 exd5 e3
10	d4 Nf6 c4 e6 Nc3 Bb4 Qc2 d5 a3 Bxc3+ Qxc3 Ne4 Qc2 c5 dxc5 Nc6 e3 Qa5+ Bd2 Nxd2 Qxd2 dxc4 Bxc4 Qxc5 Rc1
8	d4 Nf6 c4 e6 Nc3 Bb4 Qc2 d5 a3 Bxc3+ Qxc3 Ne4 Qc2 c5 dxc5 Nc6 e3 Qa5+ Bd2 Nxd2 Qxd2 dxc4 Qxa5 Nxa5 Rc1 b5 cxb6 Bb7
8	d4 Nf6 c4 e6 Nc3 Bb4 Qc2 d5 a3 Bxc3+ Qxc3 O-O Bg5 c5 dxc5 d4
8	d4 Nf6 c4 e6 Nc3 Bb4 Qc2 d5 a3 Bxc3+ Qxc3 O-O Bg5 h6 Bxf6 Qxf6 Nf3 dxc4 Qxc4 Nc6 Qc3 Re8 Rd1
8	d4 Nf6 c4 e6 Nc3 Bb4 Qc2 d5 a3 Bxc3+ Qxc3 O-O Nf3 b6 Bg5 dxc4 Qxc4
11	d4 Nf6 c4 e6 Nc3 Bb4 Qc2 d5 a3 Bxc3+ Qxc3 O-O Nf3 dxc4 Qxc4 b6 Bg5 Ba6 Qa4
9	d4 Nf6 c4 e6 Nc3 Bb4 Qc2 d5 a3 Bxc3+ Qxc3 O-O Nf3 dxc4 Qxc4 b6 Bg5 Bb7
9	d4 Nf6 c4 e6 Nc3 Bb4 Qc2 d5 a3 Bxc3+ Qxc3 O-O e3 b6
10	d4 Nf6 c4 e6 Nc3 Bb4 Qc2 d5 a3 Bxc3+ Qxc3 c5 dxc5 d4 Qg3
8	d4 Nf6 c4 e6 Nc3 Bb4 Qc2 d5 a3 Bxc3+ Qxc3 dxc4 Qxc4 b6 Bf4 Ba6
8	d4 Nf6 c4 e6 Nc3 Bb4 Qc2 d5 a3 Bxc3+ Qxc3 dxc4 Qxc4 b6 Nf3 Ba6 Qa4+ Qd7 Qc2
11	d4 Nf6 c4 e6 Nc3 Bb4 Qc2 d5 cxd5 Qxd5 Nf3 Qf5 Qb3 Nc6 Bd2 O-O h3 a5 g4 Qg6 a3 a4
8	d4 Nf6 c4 e6 Nc3 Bb4 Qc2 d5 cxd5 Qxd5 Nf3 Qf5 Qb3 c5 a3
8	d4 Nf6 c4 e6 Nc3 Bb4 Qc2 d5 cxd5 Qxd5 Nf3 Qf5 Qd1
15	d4 Nf6 c4 e6 Nc3 Bb4 Qc2 d5 cxd5 Qxd5 Nf3 Qf5 Qxf5 exf5 a3 Bd6
15	d4 Nf6 c4 e6 Nc3 Bb4 Qc2 d5 cxd5 Qxd5 Nf3 Qf5 Qxf5 exf5 a3 Be7
8	d4 Nf6 c4 e6 Nc3 Bb4 Qc2 d5 cxd5 Qxd5 e3 c5 Bd2 Bxc3 Bxc3 cxd4 Bxd4 Nc6 Bc3 O-O Nf3 Rd8 Be2 Qe4 Rc1 Qxc2 Rxc2
12	d4 Nf6 c4 e6 Nc3 Bb4 Qc2 d5 cxd5 Qxd5 e3 c5 Bd2 Bxc3 Bxc3 cxd4 Bxd4 Nc6 Bxf6 gxf6 Ne2 Bd7 a3
10	d4 Nf6 c4 e6 Nc3 Bb4 Qc2 d5 cxd5 Qxd5 e3 c5 Bd2 Bxc3 bxc3
8	d4 Nf6 c4 e6 Nc3 Bb4 Qc2 d5 cxd5 Qxd5 e3 c5 a3 Bxc3+
11	d4 Nf6 c4 e6 Nc3 Bb4 Qc2 d5 cxd5 exd5 Bf4
11	d4 Nf6 c4 e6 Nc3 Bb4 Qc2 d5 cxd5 exd5 Bg5 c5 Nf3
8	d4 Nf6 c4 e6 Nc3 Bb4 Qc2 d5 cxd5 exd5 Bg5 c5 dxc5 h6 Bh4 g5 Bg3 Ne4 e3 Qa5
13	d4 Nf6 c4 e6 Nc3 Bb4 Qc2 d5 cxd5 exd5 Bg5 h6 Bh4 Nc6 e3 g5 Bg3 h5
8	d4 Nf6 c4 e6 Nc3 Bb4 Qc2 d5 cxd5 exd5 Bg5 h6 Bh4 O-O e3 c5 dxc5
8	d4 Nf6 c4 e6 Nc3 Bb4 Qc2 d5 cxd5 exd5 Bg5 h6 Bh4 c5 dxc5 O-O e3 Be6
9	d4 Nf6 c4 e6 Nc3 Bb4 Qc2 d5 cxd5 exd5 Bg5 h6 Bh4 c5 dxc5 g5 Bg3 Ne4 e3 Qa5 Ne2
8	d4 Nf6 c4 e6 Nc3 Bb4 Qc2 d5 cxd5 exd5 Bg5 h6 Bh4 c5 dxc5 g5 Bg3 Ne4 e3 Qa5 Rc1
9	d4 Nf6 c4 e6 Nc3 Bb4 Qc2 d5 cxd5 exd5 Bg5 h6 Bh4 g5 Bg3
8	d4 Nf6 c4 e6 Nc3 Bb4 Qc2 d5 cxd5 exd5 Bg5 h6 Bxf6 Qxf6 a3 Bxc3+ Qxc3 O-O e3 Bf5 Ne2
9	d4 Nf6 c4 e6 Nc3 Bb4 Qc2 d6 Bd2
14	d4 Nf6 c4 e6 Nc3 Bb4 Qc2 d6 Bg5
8	d4 Nf6 c4 e6 Nc3 Bb4 Qc2 d6 Nf3 Nbd7 g3
10	d4 Nf6 c4 e6 Nc3 Bb4 Qc2 d6 Nf3 O-O
10	d4 Nf6 c4 e6 Nc3 Bb4 Qc2 d6 a3 Bxc3+ Qxc3
9	d4 Nf6 c4 e6 Nc3 Bb4 Qc2 d6 e3 O-O Bd3
8	d4 Nf6 c4 e6 Nc3 Bb4 Qc2 d6 e4
8	d4 Nf6 c4 e6 Nc3 Bb4 a3 Bxc3+ bxc3 Nc6 f3
8	d4 Nf6 c4 e6 Nc3 Bb4 a3 Bxc3+ bxc3 O-O
9	d4 Nf6 c4 e6 Nc3 Bb4 a3 Bxc3+ bxc3 b6 f3 Nc6 e4 Na5
11	d4 Nf6 c4 e6 Nc3 Bb4 a3 Bxc3+ bxc3 c5 e3 Nc6 Bd3
8	d4 Nf6 c4 e6 Nc3 Bb4 a3 Bxc3+ bxc3 c5 f3 Nc6 e4 d6 Be3
9	d4 Nf6 c4 e6 Nc3 Bb4 e3 Bxc3+ bxc3
9	d4 Nf6 c4 e6 Nc3 Bb4 e3 O-O Bd2 b6 Bd3 Bb7
18	d4 Nf6 c4 e6 Nc3 Bb4 e3 O-O Bd2 b6 Nf3 Bb7 Bd3
10	d4 Nf6 c4 e6 Nc3 Bb4 e3 O-O Bd2 c5 a3 Bxc3 Bxc3 Ne4 Ne2 b6 d5 Ba6 Qd3 exd5 Qxd5 Qe7
8	d4 Nf6 c4 e6 Nc3 Bb4 e3 O-O Bd2 d5 Nf3 Nbd7 Rc1 c6
18	d4 Nf6 c4 e6 Nc3 Bb4 e3 O-O Bd2 d5 Nf3 b6 cxd5 exd5 Bd3
12	d4 Nf6 c4 e6 Nc3 Bb4 e3 O-O Bd2 d5 Nf3 b6 cxd5 exd5 Rc1 Bb7 Bd3 Re8
11	d4 Nf6 c4 e6 Nc3 Bb4 e3 O-O Bd2 d5 a3 Be7 Nf3
10	d4 Nf6 c4 e6 Nc3 Bb4 e3 O-O Bd3 Re8
9	d4 Nf6 c4 e6 Nc3 Bb4 e3 O-O Bd3 b6
8	d4 Nf6 c4 e6 Nc3 Bb4 e3 O-O Bd3 c5 Ne2 cxd4 exd4 d5 cxd5 Nxd5 O-O Nc6
9	d4 Nf6 c4 e6 Nc3 Bb4 e3 O-O Bd3 c5 Ne2 d5 a3
8	d4 Nf6 c4 e6 Nc3 Bb4 e3 O-O Bd3 c5 Ne2 d5 cxd5 cxd4 exd4 Nxd5 O-O Nc6 a3 Bd6 Re1
9	d4 Nf6 c4 e6 Nc3 Bb4 e3 O-O Bd3 c5 Nf3 Nc6 O-O Bxc3 bxc3 d6 e4 e5
8	d4 Nf6 c4 e6 Nc3 Bb4 e3 O-O Bd3 c5 Nf3 b6 O-O Bb7 Na4 cxd4
14	d4 Nf6 c4 e6 Nc3 Bb4 e3 O-O Bd3 c5 Nf3 d5 O-O Nc6 a3 Bxc3 bxc3 Qc7
9	d4 Nf6 c4 e6 Nc3 Bb4 e3 O-O Bd3 c5 Nf3 d5 O-O Nc6 a3 Bxc3 bxc3 dxc4 Bxc4 Qc7
10	d4 Nf6 c4 e6 Nc3 Bb4 e3 O-O Bd3 c5 Nf3 d5 O-O cxd4 exd4 dxc4 Bxc4 b6 Bg5 Bb7 Re1
8	d4 Nf6 c4 e6 Nc3 Bb4 e3 O-O Bd3 c5 Nf3 d5 O-O dxc4 Bxc4 Nbd7 Qe2
9	d4 Nf6 c4 e6 Nc3 Bb4 e3 O-O Bd3 c5 Nf3 d5 O-O dxc4 Bxc4 Nbd7 a3 cxd4 axb4 dxc3 bxc3 Qc7
8	d4 Nf6 c4 e6 Nc3 Bb4 e3 O-O Bd3 c5 Nf3 d5 O-O dxc4 Bxc4 Nc6 a3 Ba5
9	d4 Nf6 c4 e6 Nc3 Bb4 e3 O-O Bd3 c5 Nf3 d5 O-O dxc4 Bxc4 cxd4 exd4 b6 Bg5 Bb7
9	d4 Nf6 c4 e6 Nc3 Bb4 e3 O-O Bd3 c5 Nf3 d5 cxd5 cxd4 exd4
8	d4 Nf6 c4 e6 Nc3 Bb4 e3 O-O Bd3 c5 Nf3 d5 cxd5 exd5 dxc5 Nbd7 Bd2 Nxc5 Be2
9	d4 Nf6 c4 e6 Nc3 Bb4 e3 O-O Bd3 c5 a3
9	d4 Nf6 c4 e6 Nc3 Bb4 e3 O-O Bd3 d5 Ne2 c5
8	d4 Nf6 c4 e6 Nc3 Bb4 e3 O-O Bd3 d5 Ne2 dxc4 Bxc4 c5 O-O
13	d4 Nf6 c4 e6 Nc3 Bb4 e3 O-O Bd3 d5 Nf3 b6 O-O Bb7 a3 Bd6
8	d4 Nf6 c4 e6 Nc3 Bb4 e3 O-O Bd3 d5 Nf3 b6 O-O Bb7 cxd5 exd5 Ne5
9	d4 Nf6 c4 e6 Nc3 Bb4 e3 O-O Bd3 d5 Nf3 b6 O-O Bb7 cxd5 exd5 a3 Bd6 b4 Nbd7
8	d4 Nf6 c4 e6 Nc3 Bb4 e3 O-O Bd3 d5 Nf3 b6 O-O Bb7 cxd5 exd5 a3 Bd6 b4 a6 Qb3
9	d4 Nf6 c4 e6 Nc3 Bb4 e3 O-O Bd3 d5 Nf3 b6 a3
8	d4 Nf6 c4 e6 Nc3 Bb4 e3 O-O Bd3 d5 Nf3 c5 O-O Nc6 a3 Ba5
9	d4 Nf6 c4 e6 Nc3 Bb4 e3 O-O Bd3 d5 Nf3 c5 O-O Nc6 a3 Bxc3 bxc3 Qc7 Bb2
8	d4 Nf6 c4 e6 Nc3 Bb4 e3 O-O Bd3 d5 Nf3 c5 O-O Nc6 a3 Bxc3 bxc3 Qc7 cxd5 exd5 a4 Re8 Ba3 c4 Bc2
15	d4 Nf6 c4 e6 Nc3 Bb4 e3 O-O Bd3 d5 Nf3 c5 O-O Nc6 a3 Bxc3 bxc3 dxc4 Bxc4 Qc7
8	d4 Nf6 c4 e6 Nc3 Bb4 e3 O-O Bd3 d5 Nf3 c5 O-O cxd4 exd4 dxc4 Bxc4 b6 Bg5 Bb7 Re1 Nbd7 Rc1
9	d4 Nf6 c4 e6 Nc3 Bb4 e3 O-O Bd3 d5 Nf3 c5 O-O cxd4 exd4 dxc4 Bxc4 b6 Qe2 Bb7 Rd1
10	d4 Nf6 c4 e6 Nc3 Bb4 e3 O-O Bd3 d5 Nf3 c5 O-O dxc4 Bxc4 Nbd7 Qe2
16	d4 Nf6 c4 e6 Nc3 Bb4 e3 O-O Bd3 d5 Nf3 c5 O-O dxc4 Bxc4 Nbd7 a3 Ba5
8	d4 Nf6 c4 e6 Nc3 Bb4 e3 O-O Bd3 d5 Nf3 c5 O-O dxc4 Bxc4 Nbd7 a3 cxd4 axb4 dxc3 bxc3 Qc7
8	d4 Nf6 c4 e6 Nc3 Bb4 e3 O-O Bd3 d5 Nf3 c5 O-O dxc4 Bxc4 Nc6 a3 Ba5
10	d4 Nf6 c4 e6 Nc3 Bb4 e3 O-O Bd3 d5 Nf3 c5 O-O dxc4 Bxc4 b6
8	d4 Nf6 c4 e6 Nc3 Bb4 e3 O-O Bd3 d5 Nf3 c5 O-O dxc4 Bxc4 cxd4 exd4 b6 Bg5
8	d4 Nf6 c4 e6 Nc3 Bb4 e3 O-O Bd3 d5 Nf3 c5 cxd5
9	d4 Nf6 c4 e6 Nc3 Bb4 e3 O-O Bd3 d5 Nf3 dxc4 Bxc4 c5 O-O Nc6 a3 Ba5
11	d4 Nf6 c4 e6 Nc3 Bb4 e3 O-O Bd3 d5 Nf3 dxc4 Bxc4 c5 O-O cxd4 exd4 b6 Bg5 Bb7
8	d4 Nf6 c4 e6 Nc3 Bb4 e3 O-O Bd3 d5 Nf3 dxc4 Bxc4 c5 O-O cxd4 exd4 b6 Qe2 Bb7
12	d4 Nf6 c4 e6 Nc3 Bb4 e3 O-O Bd3 d5 a3 Be7 Nf3
8	d4 Nf6 c4 e6 Nc3 Bb4 e3 O-O Bd3 d5 a3 Bxc3+ bxc3 c5 cxd5 exd5 Ne2
10	d4 Nf6 c4 e6 Nc3 Bb4 e3 O-O Bd3 d5 a3 Bxc3+ bxc3 c6 Ne2 b6
13	d4 Nf6 c4 e6 Nc3 Bb4 e3 O-O Bd3 d5 a3 Bxc3+ bxc3 dxc4 Bxc4 c5 Bd3
10	d4 Nf6 c4 e6 Nc3 Bb4 e3 O-O Bd3 d5 a3 Bxc3+ bxc3 dxc4 Bxc4 c5 Ne2 Qc7 Ba2 b6 O-O Ba6
8	d4 Nf6 c4 e6 Nc3 Bb4 e3 O-O Bd3 d5 a3 Bxc3+ bxc3 dxc4 Bxc4 c5 Ne2 Qc7 Bd3 Nc6 O-O e5 Ng3 Be6 f4
11	d4 Nf6 c4 e6 Nc3 Bb4 e3 O-O Bd3 d5 a3 Bxc3+ bxc3 dxc4 Bxc4 c5 Ne2 Qc7 Bd3 Nc6 f4
8	d4 Nf6 c4 e6 Nc3 Bb4 e3 O-O Bd3 d5 a3 Bxc3+ bxc3 dxc4 Bxc4 c5 Nf3 Qc7 Ba2 b6 O-O
10	d4 Nf6 c4 e6 Nc3 Bb4 e3 O-O Bd3 d5 a3 Bxc3+ bxc3 dxc4 Bxc4 c5 Nf3 Qc7 Be2 Nc6
13	d4 Nf6 c4 e6 Nc3 Bb4 e3 O-O Bd3 d5 a3 Bxc3+ bxc3 dxc4 Bxc4 c5 Nf3 Qc7 Be2 b6 Bb2 Bb7 O-O
9	d4 Nf6 c4 e6 Nc3 Bb4 e3 O-O Bd3 d5 a3 dxc4 Bxc4 Be7 Nf3 c5 O-O a6 dxc5 Bxc5
10	d4 Nf6 c4 e6 Nc3 Bb4 e3 O-O Bd3 d5 cxd5 exd5 Ne2 Bd6
13	d4 Nf6 c4 e6 Nc3 Bb4 e3 O-O Bd3 d5 cxd5 exd5 Ne2 Re8 Bd2 Bd6
8	d4 Nf6 c4 e6 Nc3 Bb4 e3 O-O Bd3 d5 cxd5 exd5 Ne2 Re8 Bd2 Bf8
10	d4 Nf6 c4 e6 Nc3 Bb4 e3 O-O Bd3 d5 cxd5 exd5 Ne2 Re8 O-O Bd6 Bd2 b6
8	d4 Nf6 c4 e6 Nc3 Bb4 e3 O-O Bd3 d5 cxd5 exd5 Ne2 b6
13	d4 Nf6 c4 e6 Nc3 Bb4 e3 O-O Bd3 d5 cxd5 exd5 a3 Bd6 Qc2 c6 Nge2 Re8 Bd2
11	d4 Nf6 c4 e6 Nc3 Bb4 e3 O-O Ne2 Re8 a3 Bf8 Ng3 d5 Be2 b6
9	d4 Nf6 c4 e6 Nc3 Bb4 e3 O-O Ne2 Re8 a3 Bf8 d5 d6
9	d4 Nf6 c4 e6 Nc3 Bb4 e3 O-O Ne2 c6 a3 Ba5 b4 Bc7 e4
8	d4 Nf6 c4 e6 Nc3 Bb4 e3 O-O Ne2 d5 a3 Bd6 Ng3 c5 dxc5 Bxc5
9	d4 Nf6 c4 e6 Nc3 Bb4 e3 O-O Ne2 d5 a3 Bd6 c5 Be7 b4 b6 Nf4
13	d4 Nf6 c4 e6 Nc3 Bb4 e3 O-O Ne2 d5 a3 Bd6 c5 Be7 b4 c6
8	d4 Nf6 c4 e6 Nc3 Bb4 e3 O-O Ne2 d5 a3 Be7 Nf4 c6
8	d4 Nf6 c4 e6 Nc3 Bb4 e3 O-O Ne2 d5 a3 Be7 cxd5 Nxd5 Bd2 Nd7 g3
13	d4 Nf6 c4 e6 Nc3 Bb4 e3 O-O Ne2 d5 a3 Be7 cxd5 exd5 Nf4 c6 Bd3 Na6 O-O Nc7
9	d4 Nf6 c4 e6 Nc3 Bb4 e3 O-O Ne2 d5 a3 Be7 cxd5 exd5 b4 c6
17	d4 Nf6 c4 e6 Nc3 Bb4 e3 O-O Ne2 d5 a3 Be7 cxd5 exd5 g3
10	d4 Nf6 c4 e6 Nc3 Bb4 e3 O-O Ne2 d5 cxd5 exd5 g3
8	d4 Nf6 c4 e6 Nc3 Bb4 e3 O-O Nf3 b6 Bd3
14	d4 Nf6 c4 e6 Nc3 Bb4 e3 O-O Nf3 c5 Bd3 d5
9	d4 Nf6 c4 e6 Nc3 Bb4 e3 O-O Nf3 d5 Bd2 b6
11	d4 Nf6 c4 e6 Nc3 Bb4 e3 O-O a3 Bxc3+ bxc3 b6 Bd3
8	d4 Nf6 c4 e6 Nc3 Bb4 e3 O-O a3 Bxc3+ bxc3 c5 Bd3 Nc6 Ne2
8	d4 Nf6 c4 e6 Nc3 Bb4 e3 O-O a3 Bxc3+ bxc3 c5 Bd3 Nc6 Nf3
8	d4 Nf6 c4 e6 Nc3 Bb4 e3 O-O a3 Bxc3+ bxc3 d6 Ne2 c5 Ng3 Nc6
9	d4 Nf6 c4 e6 Nc3 Bb4 e3 O-O a3 Bxc3+ bxc3 d6 Ne2 e5 Ng3
8	d4 Nf6 c4 e6 Nc3 Bb4 e3 b6 Bd3 Bb7 Ne2
8	d4 Nf6 c4 e6 Nc3 Bb4 e3 b6 Bd3 Bb7 Nf3 O-O Bd2
11	d4 Nf6 c4 e6 Nc3 Bb4 e3 b6 Bd3 Bb7 Nf3 O-O O-O c5
9	d4 Nf6 c4 e6 Nc3 Bb4 e3 b6 Ne2 Ba6 Ng3 Bxc3+ bxc3 d5
8	d4 Nf6 c4 e6 Nc3 Bb4 e3 b6 Ne2 Ba6 a3
9	d4 Nf6 c4 e6 Nc3 Bb4 e3 b6 Ne2 Bb7 a3
13	d4 Nf6 c4 e6 Nc3 Bb4 e3 b6 Ne2 Ne4 Bd2 Nxd2 Qxd2
9	d4 Nf6 c4 e6 Nc3 Bb4 e3 b6 Ne2 Ne4 Qc2 Bb7
9	d4 Nf6 c4 e6 Nc3 Bb4 e3 b6 Ne2 c5 a3 Ba5
10	d4 Nf6 c4 e6 Nc3 Bb4 e3 c5 Bd3 Nc6 Ne2 cxd4 exd4 d5 cxd5 Nxd5 O-O O-O
9	d4 Nf6 c4 e6 Nc3 Bb4 e3 c5 Bd3 Nc6 Nf3 Bxc3+ bxc3 d6 O-O e5
12	d4 Nf6 c4 e6 Nc3 Bb4 e3 c5 Bd3 Nc6 Nf3 Bxc3+ bxc3 d6 e4 e5
8	d4 Nf6 c4 e6 Nc3 Bb4 e3 c5 Bd3 Nc6 Nf3 d5
9	d4 Nf6 c4 e6 Nc3 Bb4 e3 c5 Bd3 O-O Nf3 d5 O-O
10	d4 Nf6 c4 e6 Nc3 Bb4 e3 c5 Bd3 d5 Nf3 O-O O-O
9	d4 Nf6 c4 e6 Nc3 Bb4 e3 c5 Bd3 d5 cxd5 Nxd5 Ne2 cxd4 exd4
9	d4 Nf6 c4 e6 Nc3 Bb4 e3 c5 Ne2 b6 a3 Ba5 Rb1 Na6
10	d4 Nf6 c4 e6 Nc3 Bb4 e3 c5 Ne2 cxd4 exd4 O-O a3 Be7 Nf4 d5 cxd5 Nxd5 Ncxd5 exd5 Bd3 Nc6 O-O
8	d4 Nf6 c4 e6 Nc3 Bb4 e3 c5 Ne2 cxd4 exd4 O-O a3 Be7 d5 exd5 cxd5 Bc5
10	d4 Nf6 c4 e6 Nc3 Bb4 e3 c5 Ne2 cxd4 exd4 O-O a3 Be7 d5 exd5 cxd5 Re8
14	d4 Nf6 c4 e6 Nc3 Bb4 e3 c5 Ne2 cxd4 exd4 d5 a3
9	d4 Nf6 c4 e6 Nc3 Bb4 e3 c5 Ne2 cxd4 exd4 d5 c5 Ne4 Bd2 Nxd2 Qxd2
10	d4 Nf6 c4 e6 Nc3 Bb4 e3 c5 Ne2 d5 a3 Ba5 dxc5 dxc4 Bd2
9	d4 Nf6 c4 e6 Nc3 Bb4 e3 c5 Ne2 d5 a3 Bxc3+ Nxc3 cxd4 exd4 dxc4 Bxc4 Nc6 Be3 O-O O-O
9	d4 Nf6 c4 e6 Nc3 Bb4 e3 c5 Nf3
9	d4 Nf6 c4 e6 Nc3 Bb4 e3 c5 a3 Bxc3+ bxc3
9	d4 Nf6 c4 e6 Nc3 Bb4 e3 d5 Nf3 O-O
8	d4 Nf6 c4 e6 Nc3 Bb4 e3 d5 a3 Bxc3+ bxc3
9	d4 Nf6 c4 e6 Nc3 Bb4 f3 Nc6
8	d4 Nf6 c4 e6 Nc3 Bb4 f3 O-O a3 Bxc3+ bxc3 Ne8
11	d4 Nf6 c4 e6 Nc3 Bb4 f3 O-O a3 Bxc3+ bxc3 Nh5 Nh3 f5
8	d4 Nf6 c4 e6 Nc3 Bb4 f3 c5 d5 O-O e4 b5 e5
8	d4 Nf6 c4 e6 Nc3 Bb4 f3 c5 d5 O-O e4 d6 Ne2 b5
8	d4 Nf6 c4 e6 Nc3 Bb4 f3 c5 d5 b5 e4 O-O e5 Ne8 f4 exd5 cxd5 d6 Nf3 c4 a4
8	d4 Nf6 c4 e6 Nc3 Bb4 f3 c5 d5 b5 e4 d6 Ne2 bxc4 Nf4
8	d4 Nf6 c4 e6 Nc3 Bb4 f3 c5 d5 d6 e4 b5
8	d4 Nf6 c4 e6 Nc3 Bb4 f3 d5 a3 Be7 e4 dxc4
16	d4 Nf6 c4 e6 Nc3 Bb4 f3 d5 a3 Be7 e4 dxe4 fxe4 c5 d5 exd5 exd5 O-O Be2
8	d4 Nf6 c4 e6 Nc3 Bb4 f3 d5 a3 Be7 e4 dxe4 fxe4 e5 d5
10	d4 Nf6 c4 e6 Nc3 Bb4 f3 d5 a3 Bxc3+ bxc3 c5 cxd5 Nxd5 Qd3
10	d4 Nf6 c4 e6 Nc3 Bb4 f3 d5 a3 Bxc3+ bxc3 c5 cxd5 Nxd5 dxc5 Qa5 e4 Ne7 Be3 O-O Qb3 Qc7 Bb5 Nec6
8	d4 Nf6 c4 e6 Nc3 Bb4 f3 d5 a3 Bxc3+ bxc3 c5 cxd5 Nxd5 dxc5 Qa5 e4 Ne7 Be3 O-O Qb3 Qc7 Nh3
11	d4 Nf6 c4 e6 Nc3 Bb4 f3 d5 a3 Bxc3+ bxc3 c5 cxd5 Nxd5 dxc5 Qa5 e4 Nf6 Be3 O-O Qb3 Nfd7
8	d4 Nf6 c4 e6 Nc3 Bb4 f3 d5 a3 Bxc3+ bxc3 c5 cxd5 Nxd5 dxc5 f5 Nh3
8	d4 Nf6 c4 e6 Nc3 Bb4 f3 d5 a3 Bxc3+ bxc3 c5 cxd5 exd5 e3
15	d4 Nf6 c4 e6 Nc3 Bb4 f3 d5 a3 Bxc3+ bxc3 c6
11	d4 Nf6 c4 e6 Nc3 Bb4 g3 O-O Bg2 d5 Nf3 dxc4 O-O Nc6 Re1
8	d4 Nf6 c4 e6 Nc3 Bb4 g3 O-O Bg2 d5 a3
8	d4 Nf6 c4 e6 Nc3 Bb4 g3 c5 Nf3 cxd4 Nxd4 O-O Bg2 d5
8	d4 Nf6 c4 e6 Nc3 Bb4 g3 d5 Bg2 O-O Nf3 dxc4 O-O
8	d4 Nf6 c4 e6 Nc3 c5 d5 exd5 cxd5 d6 Nf3 g6
9	d4 Nf6 c4 e6 Nc3 c5 d5 exd5 cxd5 d6 e4 g6 f4 Bg7 Bb5+ Nfd7 a4
8	d4 Nf6 c4 e6 Nc3 d5 Bf4
8	d4 Nf6 c4 e6 Nc3 d5 Bg5 Be7 Nf3 h6
9	d4 Nf6 c4 e6 Nc3 d5 Bg5 Be7 e3 O-O Nf3
11	d4 Nf6 c4 e6 Nc3 d5 Bg5 Be7 e3 h6 Bh4 O-O Nf3
8	d4 Nf6 c4 e6 Nc3 d5 Bg5 Be7 e3 h6 Bh4 O-O Rc1 b6 cxd5
8	d4 Nf6 c4 e6 Nc3 d5 Bg5 Nbd7 e3
17	d4 Nf6 c4 e6 Nc3 d5 Nf3 Bb4
10	d4 Nf6 c4 e6 Nc3 d5 Nf3 Be7 Bf4 O-O e3
9	d4 Nf6 c4 e6 Nc3 d5 Nf3 Be7 Bg5
8	d4 Nf6 c4 e6 Nc3 d5 Nf3 Nbd7 Bf4
13	d4 Nf6 c4 e6 Nc3 d5 Nf3 Nbd7 cxd5 exd5
8	d4 Nf6 c4 e6 Nc3 d5 Nf3 a6
9	d4 Nf6 c4 e6 Nc3 d5 Nf3 c5
12	d4 Nf6 c4 e6 Nc3 d5 Nf3 c6
10	d4 Nf6 c4 e6 Nc3 d5 cxd5 Nxd5 Nf3 c5
9	d4 Nf6 c4 e6 Nc3 d5 cxd5 Nxd5 e4 Nxc3 bxc3 c5 Nf3 cxd4 cxd4 Bb4+ Bd2 Bxd2+ Qxd2 O-O Bc4
17	d4 Nf6 c4 e6 Nc3 d5 cxd5 Nxd5 e4 Nxc3 bxc3 c5 Rb1 Be7 Nf3 O-O
15	d4 Nf6 c4 e6 Nc3 d5 cxd5 Nxd5 e4 Nxc3 bxc3 c5 a3
9	d4 Nf6 c4 e6 Nc3 d5 cxd5 exd5 Bf4 Bd6 Bxd6 Qxd6 e3
8	d4 Nf6 c4 e6 Nc3 d5 cxd5 exd5 Bg5 Bb4 e3 h6 Bh4 g5 Bg3 Ne4 a3
8	d4 Nf6 c4 e6 Nc3 d5 cxd5 exd5 Bg5 Be7 e3 O-O Bd3 Re8 Nge2 c6
12	d4 Nf6 c4 e6 Nc3 d5 cxd5 exd5 Bg5 Be7 e3 c6 Bd3 Nbd7
11	d4 Nf6 c4 e6 Nc3 d5 cxd5 exd5 Bg5 Be7 e3 h6 Bh4
8	d4 Nf6 c4 e6 Nc3 d5 cxd5 exd5 Bg5 c6 Qc2 Be7 e3 Nbd7 Bd3 Nh5 Bxe7 Qxe7 Nge2 g6
8	d4 Nf6 c4 e6 Nc3 d5 cxd5 exd5 Bg5 c6 Qc2 Na6
9	d4 Nf6 c4 e6 Nc3 d5 cxd5 exd5 Bg5 c6 Qc2 h6 Bh4 Be7 e3 O-O Bd3
11	d4 Nf6 c4 e6 Nc3 d5 cxd5 exd5 Bg5 c6 e3 Bd6 Bd3 O-O
16	d4 Nf6 c4 e6 Nc3 d5 cxd5 exd5 Bg5 c6 e3 Be7 Bd3 Nbd7 Nge2
11	d4 Nf6 c4 e6 Nc3 d5 cxd5 exd5 Bg5 c6 e3 Be7 Bd3 Nbd7 h3
14	d4 Nf6 c4 e6 Nc3 d5 cxd5 exd5 Bg5 c6 e3 Be7 Bd3 O-O
8	d4 Nf6 c4 e6 Nc3 d5 cxd5 exd5 Bg5 c6 e3 Be7 Bd3 h6 Bh4 O-O Nge2
13	d4 Nf6 c4 e6 Nc3 d5 cxd5 exd5 Bg5 c6 e3 Bf5 Qf3 Bg6 Bxf6 Qxf6 Qxf6 gxf6 Nf3 Nd7 Nh4 Be7
12	d4 Nf6 c4 e6 Nc3 d5 cxd5 exd5 Bg5 c6 e3 Bf5 Qf3 Bg6 Bxf6 Qxf6 Qxf6 gxf6 h4 h5
10	d4 Nf6 c4 e6 Nc3 d5 cxd5 exd5 Bg5 c6 e3 h6 Bh4 Be7 Bd3 O-O Nge2 Ne8 Bg3 Nd6
17	d4 Nf6 c4 e6 Nc3 d5 cxd5 exd5 Bg5 c6 e3 h6 Bh4 Be7 Bd3 O-O Nge2 Re8 O-O Nbd7
11	d4 Nf6 c4 e6 Nc3 d5 cxd5 exd5 Bg5 c6 e3 h6 Bh4 Bf5 Qf3
8	d4 Nf6 c4 e6 Nf3 Bb4+ Bd2 Be7
8	d4 Nf6 c4 e6 Nf3 Bb4+ Bd2 Bxd2+ Nbxd2
11	d4 Nf6 c4 e6 Nf3 Bb4+ Bd2 Bxd2+ Qxd2 O-O Nc3 d5 e3 Qe7
9	d4 Nf6 c4 e6 Nf3 Bb4+ Bd2 Bxd2+ Qxd2 O-O g3 d5 Bg2 Nbd7 O-O c6
10	d4 Nf6 c4 e6 Nf3 Bb4+ Bd2 Bxd2+ Qxd2 O-O g3 d5 Bg2 c6 O-O
8	d4 Nf6 c4 e6 Nf3 Bb4+ Bd2 Bxd2+ Qxd2 d5 Nc3 O-O e3 Qe7 Rc1 Rd8
9	d4 Nf6 c4 e6 Nf3 Bb4+ Bd2 Bxd2+ Qxd2 d5 Nc3 O-O e3 Qe7 cxd5 exd5
8	d4 Nf6 c4 e6 Nf3 Bb4+ Bd2 Bxd2+ Qxd2 d5 e3 O-O Nc3 Qe7
10	d4 Nf6 c4 e6 Nf3 Bb4+ Bd2 Bxd2+ Qxd2 d5 g3 Nbd7 Bg2 c6
13	d4 Nf6 c4 e6 Nf3 Bb4+ Bd2 Qe7 Nc3
8	d4 Nf6 c4 e6 Nf3 Bb4+ Bd2 Qe7 e3
8	d4 Nf6 c4 e6 Nf3 Bb4+ Bd2 Qe7 g3 Bxd2+ Qxd2 Nc6 Nc3 d5 cxd5 exd5 Bg2
12	d4 Nf6 c4 e6 Nf3 Bb4+ Bd2 Qe7 g3 Bxd2+ Qxd2 Nc6 b3
9	d4 Nf6 c4 e6 Nf3 Bb4+ Bd2 Qe7 g3 Nc6 Bg2 Bxd2+ Nbxd2 d6
8	d4 Nf6 c4 e6 Nf3 Bb4+ Bd2 Qe7 g3 Nc6 Nc3 Bxc3 Bxc3 Ne4 Qc2 Nxc3 Qxc3
11	d4 Nf6 c4 e6 Nf3 Bb4+ Bd2 Qe7 g3 Nc6 Nc3 Bxc3 Bxc3 Ne4 Rc1
8	d4 Nf6 c4 e6 Nf3 Bb4+ Bd2 Qe7 g3 Nc6 Nc3 O-O Bg2 d6
8	d4 Nf6 c4 e6 Nf3 Bb4+ Bd2 Qe7 g3 O-O Bg2 Bxd2+ Qxd2
13	d4 Nf6 c4 e6 Nf3 Bb4+ Bd2 a5 Nc3 b6
11	d4 Nf6 c4 e6 Nf3 Bb4+ Bd2 a5 g3 b6 Bg2 Bb7 O-O O-O
13	d4 Nf6 c4 e6 Nf3 Bb4+ Bd2 a5 g3 d5
14	d4 Nf6 c4 e6 Nf3 Bb4+ Bd2 a5 g3 d6 Bg2 Nbd7 O-O e5
9	d4 Nf6 c4 e6 Nf3 Bb4+ Bd2 c5 Bxb4 cxb4 a3
10	d4 Nf6 c4 e6 Nf3 Bb4+ Bd2 c5 Bxb4 cxb4 e3 O-O
10	d4 Nf6 c4 e6 Nf3 Bb4+ Bd2 c5 Bxb4 cxb4 e3 b6
16	d4 Nf6 c4 e6 Nf3 Bb4+ Bd2 c5 Bxb4 cxb4 g3 O-O Bg2 d6 O-O
9	d4 Nf6 c4 e6 Nf3 Bb4+ Bd2 c5 Bxb4 cxb4 g3 b6 Bg2 Bb7 O-O O-O Qd3
9	d4 Nf6 c4 e6 Nf3 Bb4+ Bd2 c5 Bxb4 cxb4 g3 b6 Bg2 Bb7 O-O a5 Qd3
8	d4 Nf6 c4 e6 Nf3 Bb4+ Nbd2 O-O a3 Be7 b4 a5 b5
12	d4 Nf6 c4 e6 Nf3 Bb4+ Nbd2 O-O a3 Be7 e3
10	d4 Nf6 c4 e6 Nf3 Bb4+ Nbd2 O-O a3 Be7 e4 d5 e5 Nfd7 Bd3 c5 h4 g6 h5 cxd4
9	d4 Nf6 c4 e6 Nf3 Bb4+ Nbd2 O-O a3 Be7 e4 d5 e5 Nfd7 b4 a5 b5 c5
12	d4 Nf6 c4 e6 Nf3 Bb4+ Nbd2 O-O a3 Be7 e4 d6 Bd3
15	d4 Nf6 c4 e6 Nf3 Bb4+ Nbd2 O-O a3 Be7 e4 d6 Be2 Nbd7
13	d4 Nf6 c4 e6 Nf3 Bb4+ Nbd2 O-O a3 Be7 e4 d6 Be2 Nfd7
8	d4 Nf6 c4 e6 Nf3 Bb4+ Nbd2 O-O a3 Be7 e4 d6 Be2 c5
9	d4 Nf6 c4 e6 Nf3 Bb4+ Nbd2 O-O a3 Be7 e4 d6 Qc2
9	d4 Nf6 c4 e6 Nf3 Bb4+ Nbd2 O-O a3 Bxd2+ Bxd2
9	d4 Nf6 c4 e6 Nf3 Bb4+ Nbd2 O-O a3 Bxd2+ Qxd2
16	d4 Nf6 c4 e6 Nf3 Bb4+ Nbd2 O-O g3
8	d4 Nf6 c4 e6 Nf3 Bb4+ Nbd2 a5 a3 Be7 e4 d5 e5 Nfd7
8	d4 Nf6 c4 e6 Nf3 Bb4+ Nbd2 b6 a3 Bxd2+ Bxd2 Bb7 Bg5 d6 e3 Nbd7
11	d4 Nf6 c4 e6 Nf3 Bb4+ Nbd2 b6 a3 Bxd2+ Qxd2 Bb7 e3 O-O Be2 d6 O-O
8	d4 Nf6 c4 e6 Nf3 Bb4+ Nbd2 b6 a3 Bxd2+ Qxd2 Bb7 e3 a5 b3
9	d4 Nf6 c4 e6 Nf3 Bb4+ Nbd2 b6 a3 Bxd2+ Qxd2 O-O e3
8	d4 Nf6 c4 e6 Nf3 Bb4+ Nbd2 b6 e3
10	d4 Nf6 c4 e6 Nf3 Bb4+ Nbd2 b6 g3
8	d4 Nf6 c4 e6 Nf3 Bb4+ Nbd2 c5 a3 Bxd2+
9	d4 Nf6 c4 e6 Nf3 Bb4+ Nbd2 d5 Qa4+ Nc6 a3 Be7
8	d4 Nf6 c4 e6 Nf3 Bb4+ Nbd2 d5 e3 O-O a3 Be7
11	d4 Nf6 c4 e6 Nf3 Bb4+ Nc3 b6
10	d4 Nf6 c4 e6 Nf3 Bb4+ Nc3 c5 g3
8	d4 Nf6 c4 e6 Nf3 Nc6 g3
8	d4 Nf6 c4 e6 Nf3 a6 Nc3 d5 cxd5 exd5 Bg5 Be6 e3 Nbd7 Bd3 Bd6
10	d4 Nf6 c4 e6 Nf3 b6 Bf4 Bb7 e3 Bb4+ Nbd2
8	d4 Nf6 c4 e6 Nf3 b6 Bf4 Bb7 e3 Be7 Nc3
10	d4 Nf6 c4 e6 Nf3 b6 Nc3 Bb4 Bg5 Bb7 Nd2 h6 Bh4
11	d4 Nf6 c4 e6 Nf3 b6 Nc3 Bb4 Bg5 Bb7 e3 h6 Bh4 g5 Bg3 Ne4 Qc2 Bxc3+ bxc3
11	d4 Nf6 c4 e6 Nf3 b6 Nc3 Bb4 Bg5 h6 Bh4
9	d4 Nf6 c4 e6 Nf3 b6 Nc3 Bb4 Qb3 c5 a3 Ba5 Bg5
11	d4 Nf6 c4 e6 Nf3 b6 Nc3 Bb4 Qc2 Bb7 a3 Bxc3+ Qxc3
10	d4 Nf6 c4 e6 Nf3 b6 Nc3 Bb4 e3 Bb7 Bd3 O-O O-O
12	d4 Nf6 c4 e6 Nf3 b6 Nc3 Bb7 Bg5 Be7 e3 h6 Bh4
15	d4 Nf6 c4 e6 Nf3 b6 Nc3 Bb7 Bg5 h6 Bh4 Be7 e3
8	d4 Nf6 c4 e6 Nf3 b6 Nc3 Bb7 a3 d5 Bg5 Be7 e3
9	d4 Nf6 c4 e6 Nf3 b6 Nc3 Bb7 a3 d5 Qc2
10	d4 Nf6 c4 e6 Nf3 b6 Nc3 Bb7 a3 d5 cxd5 Nxd5 Bd2
8	d4 Nf6 c4 e6 Nf3 b6 Nc3 Bb7 a3 d5 cxd5 Nxd5 Qc2 Be7 e4 Nxc3 bxc3
10	d4 Nf6 c4 e6 Nf3 b6 Nc3 Bb7 a3 d5 cxd5 Nxd5 Qc2 Nxc3 bxc3 Be7 e4 O-O Bd3 c5 O-O
8	d4 Nf6 c4 e6 Nf3 b6 Nc3 Bb7 a3 d5 cxd5 Nxd5 Qc2 Nxc3 bxc3 c5 e4
8	d4 Nf6 c4 e6 Nf3 b6 Nc3 Bb7 a3 d5 cxd5 Nxd5 e3 Be7 Bb5+ c6 Bd3
10	d4 Nf6 c4 e6 Nf3 b6 Nc3 Bb7 a3 d5 cxd5 Nxd5 e3 g6 Bb5+ c6
9	d4 Nf6 c4 e6 Nf3 b6 Nc3 Bb7 a3 d5 cxd5 exd5
8	d4 Nf6 c4 e6 Nf3 b6 Nc3 Bb7 e3
9	d4 Nf6 c4 e6 Nf3 b6 a3 Ba6 Qb3 Be7
10	d4 Nf6 c4 e6 Nf3 b6 a3 Ba6 Qc2 Bb7 Nc3 c5 dxc5 bxc5
10	d4 Nf6 c4 e6 Nf3 b6 a3 Ba6 Qc2 Bb7 Nc3 c5 e4 cxd4 Nxd4 Bc5 Nb3 Nc6 Bf4
11	d4 Nf6 c4 e6 Nf3 b6 a3 Ba6 Qc2 Bb7 Nc3 c5 e4 cxd4 Nxd4 Bc5 Nb3 Nc6 Bg5 h6 Bh4 Nd4 Nxd4 Bxd4 Bd3
15	d4 Nf6 c4 e6 Nf3 b6 a3 Ba6 Qc2 Bb7 Nc3 c5 e4 cxd4 Nxd4 Nc6 Nxc6 Bxc6 Bf4 Bc5 Be2 O-O
8	d4 Nf6 c4 e6 Nf3 b6 a3 Ba6 Qc2 Bb7 Nc3 c5 e4 cxd4 Nxd4 d6 Be2
9	d4 Nf6 c4 e6 Nf3 b6 a3 Ba6 Qc2 c5 d5 exd5 cxd5
21	d4 Nf6 c4 e6 Nf3 b6 a3 Bb7 Bf4
17	d4 Nf6 c4 e6 Nf3 b6 a3 Bb7 Nc3 Ne4 Nxe4 Bxe4
9	d4 Nf6 c4 e6 Nf3 b6 a3 Bb7 Nc3 d5 Bg5 Be7 Qa4+ Bc6
10	d4 Nf6 c4 e6 Nf3 b6 a3 Bb7 Nc3 d5 Bg5 Be7 Qa4+ Qd7
12	d4 Nf6 c4 e6 Nf3 b6 a3 Bb7 Nc3 d5 Bg5 Be7 Qa4+ c6
13	d4 Nf6 c4 e6 Nf3 b6 a3 Bb7 Nc3 d5 Bg5 Be7 e3 O-O
8	d4 Nf6 c4 e6 Nf3 b6 a3 Bb7 Nc3 d5 Qc2 Be7 cxd5 Nxd5 Bd2
8	d4 Nf6 c4 e6 Nf3 b6 a3 Bb7 Nc3 d5 Qc2 dxc4
11	d4 Nf6 c4 e6 Nf3 b6 a3 Bb7 Nc3 d5 cxd5 Nxd5 Bd2 Nd7 Nxd5
9	d4 Nf6 c4 e6 Nf3 b6 a3 Bb7 Nc3 d5 cxd5 Nxd5 Bd2 Nd7 Qc2 c5
8	d4 Nf6 c4 e6 Nf3 b6 a3 Bb7 Nc3 d5 cxd5 Nxd5 Qc2 Nxc3 bxc3 Be7 e4 O-O Bd3 c5 O-O Qc7 Qe2 Nd7
17	d4 Nf6 c4 e6 Nf3 b6 a3 Bb7 Nc3 d5 cxd5 Nxd5 e3 Be7 Bb5+ c6 Bd3
11	d4 Nf6 c4 e6 Nf3 b6 a3 Bb7 Nc3 d5 cxd5 Nxd5 e3 g6 Bb5+ c6 Bd3 Bg7
9	d4 Nf6 c4 e6 Nf3 b6 a3 Bb7 Nc3 d5 cxd5 exd5 Bf4
10	d4 Nf6 c4 e6 Nf3 b6 a3 Bb7 Nc3 d5 cxd5 exd5 g3
11	d4 Nf6 c4 e6 Nf3 b6 a3 Bb7 Nc3 g6 Qc2
8	d4 Nf6 c4 e6 Nf3 b6 a3 c5 d5 Ba6 Qc2 exd5 cxd5 g6 Nc3 Bg7
8	d4 Nf6 c4 e6 Nf3 b6 e3 Bb7 Bd3 Bb4+ Nbd2
8	d4 Nf6 c4 e6 Nf3 b6 e3 Bb7 Bd3 Be7
11	d4 Nf6 c4 e6 Nf3 b6 e3 Bb7 Bd3 d5 O-O Bd6
10	d4 Nf6 c4 e6 Nf3 b6 e3 Bb7 Bd3 d5 b3
9	d4 Nf6 c4 e6 Nf3 b6 e3 Bb7 Nc3
8	d4 Nf6 c4 e6 Nf3 b6 g3 Ba6 Nbd2 Bb4 Qc2 Bb7 Bg2 Be4
8	d4 Nf6 c4 e6 Nf3 b6 g3 Ba6 Nbd2 Bb4 Qc2 Bb7 Bg2 c5
11	d4 Nf6 c4 e6 Nf3 b6 g3 Ba6 Nbd2 Bb7 Bg2 Be7 O-O O-O Qc2 d5
9	d4 Nf6 c4 e6 Nf3 b6 g3 Ba6 Nbd2 Bb7 Bg2 c5 e4 cxd4
17	d4 Nf6 c4 e6 Nf3 b6 g3 Ba6 Nbd2 d5 Bg2 Be7 O-O O-O
8	d4 Nf6 c4 e6 Nf3 b6 g3 Ba6 Nbd2 d5 cxd5 exd5
9	d4 Nf6 c4 e6 Nf3 b6 g3 Ba6 Qa4 Bb7 Bg2 c5 O-O cxd4 Nxd4 Bxg2 Kxg2
8	d4 Nf6 c4 e6 Nf3 b6 g3 Ba6 Qa4 Bb7 Bg2 c5 dxc5 Bxc5 O-O O-O Nc3 Be7 Bf4 Na6 Rfd1
14	d4 Nf6 c4 e6 Nf3 b6 g3 Ba6 Qa4 Bb7 Bg2 c5 dxc5 Bxc5 O-O O-O Nc3 Be7 Rd1 Na6 Bf4 Nc5 Qc2 Qc8
8	d4 Nf6 c4 e6 Nf3 b6 g3 Ba6 Qa4 Bb7 Bg2 c5 dxc5 bxc5 O-O Be7 Nc3 O-O Bf4
12	d4 Nf6 c4 e6 Nf3 b6 g3 Ba6 Qa4 Bb7 Bg2 c5 dxc5 bxc5 O-O Be7 Nc3 O-O Rd1 Qb6 Bf4 Rd8 Rd2 d6 Rad1
10	d4 Nf6 c4 e6 Nf3 b6 g3 Ba6 Qa4 Be7
8	d4 Nf6 c4 e6 Nf3 b6 g3 Ba6 Qa4 c5 Bg2
9	d4 Nf6 c4 e6 Nf3 b6 g3 Ba6 Qb3 Nc6 Nbd2 Na5 Qa4 Bb7 Bg2
9	d4 Nf6 c4 e6 Nf3 b6 g3 Ba6 Qb3 Nc6 Nbd2 Na5 Qc3 c5 dxc5 bxc5 e4 Bb7 e5 Ne4 Nxe4 Bxe4 Bg2 Nc6 O-O Rb8
16	d4 Nf6 c4 e6 Nf3 b6 g3 Ba6 Qb3 Nc6 Nbd2 d5
15	d4 Nf6 c4 e6 Nf3 b6 g3 Ba6 Qb3 d5 cxd5 Qxd5
10	d4 Nf6 c4 e6 Nf3 b6 g3 Ba6 Qc2 Bb4+ Bd2 Be7 Bg2
8	d4 Nf6 c4 e6 Nf3 b6 g3 Ba6 Qc2 Bb4+ Bd2 Be7 e4 d5 cxd5 Bxf1 Kxf1 exd5 e5 Ne4 Nc3 Nxc3 bxc3
9	d4 Nf6 c4 e6 Nf3 b6 g3 Ba6 Qc2 Bb7 Bg2 c5 d5 exd5 cxd5 Nxd5 O-O Be7 Rd1 Nc6 Qa4 Nf6 Nh4
19	d4 Nf6 c4 e6 Nf3 b6 g3 Ba6 Qc2 Bb7 Bg2 c5 d5 exd5 cxd5 Nxd5 O-O Be7 Rd1 Qc8
13	d4 Nf6 c4 e6 Nf3 b6 g3 Ba6 Qc2 Bb7 Bg2 c5 d5 exd5 cxd5 Nxd5 O-O Nc6 Rd1 Be7
12	d4 Nf6 c4 e6 Nf3 b6 g3 Ba6 Qc2 c5 d5 exd5 cxd5 Bb7 Bg2 Nxd5 O-O Be7 Rd1
8	d4 Nf6 c4 e6 Nf3 b6 g3 Ba6 b3 Bb4+ Bd2 Be7 Bg2 Bb7
9	d4 Nf6 c4 e6 Nf3 b6 g3 Ba6 b3 Bb4+ Bd2 Be7 Bg2 O-O O-O d5 Ne5
9	d4 Nf6 c4 e6 Nf3 b6 g3 Ba6 b3 Bb4+ Bd2 Be7 Bg2 O-O O-O d5 cxd5 exd5 Nc3
8	d4 Nf6 c4 e6 Nf3 b6 g3 Ba6 b3 Bb4+ Bd2 Be7 Bg2 c6 Bc3 d5 Nbd2 Nbd7 O-O O-O Re1 Bb7
9	d4 Nf6 c4 e6 Nf3 b6 g3 Ba6 b3 Bb4+ Bd2 Be7 Bg2 c6 Bc3 d5 Nbd2 Nbd7 O-O O-O Re1 c5 e4 dxe4 Nxe4 Bb7
9	d4 Nf6 c4 e6 Nf3 b6 g3 Ba6 b3 Bb4+ Bd2 Be7 Bg2 c6 Bc3 d5 Nbd2 Nbd7 Qc2
8	d4 Nf6 c4 e6 Nf3 b6 g3 Ba6 b3 Bb4+ Bd2 Be7 Bg2 c6 Bc3 d5 Ne5 Ne4 O-O Nxc3 Nxc3 O-O
9	d4 Nf6 c4 e6 Nf3 b6 g3 Ba6 b3 Bb4+ Bd2 Be7 Bg2 c6 Bc3 d5 Ne5 Nfd7 Nxd7 Nxd7 Nd2 O-O O-O Nf6 e4 b5 Re1 dxe4
8	d4 Nf6 c4 e6 Nf3 b6 g3 Ba6 b3 Bb4+ Bd2 Be7 Bg2 c6 Bc3 d5 Ne5 Nfd7 Nxd7 Nxd7 Nd2 O-O O-O Nf6 e4 b5 exd5
12	d4 Nf6 c4 e6 Nf3 b6 g3 Ba6 b3 Bb4+ Bd2 Be7 Bg2 c6 Bc3 d5 Ne5 Nfd7 Nxd7 Nxd7 Nd2 O-O O-O Rc8 e4 b5 Re1 dxe4
8	d4 Nf6 c4 e6 Nf3 b6 g3 Ba6 b3 Bb4+ Bd2 Be7 Bg2 c6 Bc3 d5 Ne5 Nfd7 Nxd7 Nxd7 Nd2 O-O O-O Rc8 e4 c5 exd5 exd5 dxc5 dxc4 c6 cxb3 Re1 Bb5
11	d4 Nf6 c4 e6 Nf3 b6 g3 Ba6 b3 Bb4+ Bd2 Be7 Bg2 c6 Bc3 d5 Ne5 Nfd7 Nxd7 Nxd7 Nd2 O-O O-O Rc8 e4 c5 exd5 exd5 dxc5 dxc4 c6 cxb3 Re1 b2 Bxb2 Nc5 Nc4 Bxc4 Qg4 Bg5 Qxc4 Nd3 Be5 Nxe1 Rxe1 Bf6 Bxf6 Qxf6 c7 Qd6
10	d4 Nf6 c4 e6 Nf3 b6 g3 Ba6 b3 Bb4+ Bd2 Be7 Bg2 c6 Bc3 d5 Ne5 Nfd7 Nxd7 Nxd7 Nd2 O-O O-O Rc8 e4 c5 exd5 exd5 dxc5 dxc4 cxb6 Nxb6 Re1 cxb3 Qxb3
9	d4 Nf6 c4 e6 Nf3 b6 g3 Ba6 b3 Bb4+ Bd2 Be7 Bg2 c6 Bc3 d5 Ne5 Nfd7 Nxd7 Nxd7 Nd2 O-O O-O f5
11	d4 Nf6 c4 e6 Nf3 b6 g3 Ba6 b3 Bb4+ Bd2 Be7 Bg2 c6 O-O d5 Qc2 Nbd7 Rd1 O-O Bf4 Rc8 Nc3
10	d4 Nf6 c4 e6 Nf3 b6 g3 Ba6 b3 Bb4+ Bd2 Be7 Bg2 c6 O-O d5 Qc2 Nbd7 Rd1 Rc8
8	d4 Nf6 c4 e6 Nf3 b6 g3 Ba6 b3 Bb4+ Bd2 Be7 Bg2 d5 cxd5 exd5 Nc3 O-O O-O
13	d4 Nf6 c4 e6 Nf3 b6 g3 Ba6 b3 Bb4+ Bd2 Be7 Bg2 d5 cxd5 exd5 O-O O-O Nc3
8	d4 Nf6 c4 e6 Nf3 b6 g3 Ba6 b3 Bb4+ Bd2 Be7 Nc3 O-O Bg2 c6 e4 d5 exd5 cxd5 Ne5 Bb7 O-O Nc6
10	d4 Nf6 c4 e6 Nf3 b6 g3 Ba6 b3 Bb4+ Bd2 Be7 Nc3 O-O Qc2 d5 cxd5
8	d4 Nf6 c4 e6 Nf3 b6 g3 Ba6 b3 Bb4+ Bd2 Be7 Nc3 O-O Rc1 d5 cxd5 Nxd5 Bg2
9	d4 Nf6 c4 e6 Nf3 b6 g3 Ba6 b3 Bb4+ Bd2 Be7 Nc3 O-O Rc1 d5 cxd5 exd5 Bg2
9	d4 Nf6 c4 e6 Nf3 b6 g3 Ba6 b3 Bb4+ Bd2 Be7 Nc3 O-O e4 d5 cxd5 Bxf1 Kxf1 exd5 e5 Ne4 Kg2
9	d4 Nf6 c4 e6 Nf3 b6 g3 Ba6 b3 Bb4+ Bd2 Be7 Nc3 c6 e4 d5 Bd3
8	d4 Nf6 c4 e6 Nf3 b6 g3 Ba6 b3 Bb4+ Bd2 Be7 Nc3 c6 e4 d5 Qc2 dxe4 Nxe4
8	d4 Nf6 c4 e6 Nf3 b6 g3 Ba6 b3 Bb4+ Bd2 Be7 Nc3 d5 cxd5 exd5 Bg2 O-O O-O Re8 Ne5 Bb7
9	d4 Nf6 c4 e6 Nf3 b6 g3 Ba6 b3 Bb4+ Bd2 Bxd2+ Qxd2
12	d4 Nf6 c4 e6 Nf3 b6 g3 Ba6 b3 Bb7 Bg2 Bb4+ Bd2 a5 O-O O-O Nc3 d6 Qc2 Nbd7
9	d4 Nf6 c4 e6 Nf3 b6 g3 Ba6 b3 Bb7 Bg2 Bb4+ Bd2 a5 O-O O-O Qc2 d6 Nc3 Nbd7
9	d4 Nf6 c4 e6 Nf3 b6 g3 Ba6 b3 Bb7 Bg2 Bb4+ Bd2 c5 Bxb4 cxb4
13	d4 Nf6 c4 e6 Nf3 b6 g3 Ba6 b3 Bb7 Bg2 Bb4+ Bd2 c5 O-O O-O
8	d4 Nf6 c4 e6 Nf3 b6 g3 Ba6 b3 b5 cxb5 Bxb5 Bg2 d5 O-O Nbd7 Nc3 Ba6
9	d4 Nf6 c4 e6 Nf3 b6 g3 Ba6 b3 d5 Bg2 Bb4+ Bd2 Bd6
9	d4 Nf6 c4 e6 Nf3 b6 g3 Ba6 b3 d5 Bg2 Bb4+ Bd2 Be7 cxd5 exd5
9	d4 Nf6 c4 e6 Nf3 b6 g3 Ba6 b3 d5 Bg2 Bb4+ Bd2 Bxd2+
10	d4 Nf6 c4 e6 Nf3 b6 g3 Ba6 b3 d5 Bg2 dxc4 Ne5 Bb4+ Kf1
13	d4 Nf6 c4 e6 Nf3 b6 g3 Ba6 b3 d5 cxd5 exd5 Bg2 Bb4+ Bd2
9	d4 Nf6 c4 e6 Nf3 b6 g3 Bb4+ Bd2 Be7 Bg2 c6
9	d4 Nf6 c4 e6 Nf3 b6 g3 Bb4+ Bd2 Be7 Nc3 Bb7 Bg2 c6
8	d4 Nf6 c4 e6 Nf3 b6 g3 Bb4+ Bd2 Bxd2+ Qxd2 Ba6 b3 O-O Bg2 d5
16	d4 Nf6 c4 e6 Nf3 b6 g3 Bb4+ Bd2 Bxd2+ Qxd2 Ba6 b3 c6
9	d4 Nf6 c4 e6 Nf3 b6 g3 Bb4+ Bd2 Bxd2+ Qxd2 Ba6 b3 d5
9	d4 Nf6 c4 e6 Nf3 b6 g3 Bb4+ Bd2 Bxd2+ Qxd2 Bb7 Bg2
8	d4 Nf6 c4 e6 Nf3 b6 g3 Bb4+ Bd2 a5 Bg2 Bb7 O-O O-O Bf4 Be7
10	d4 Nf6 c4 e6 Nf3 b6 g3 Bb4+ Nbd2 Bb7 Bg2
10	d4 Nf6 c4 e6 Nf3 b6 g3 Bb7 Bg2 Bb4+ Bd2 Be7 Nc3 c6
11	d4 Nf6 c4 e6 Nf3 b6 g3 Bb7 Bg2 Bb4+ Bd2 Be7 O-O
8	d4 Nf6 c4 e6 Nf3 b6 g3 Bb7 Bg2 Bb4+ Bd2 Bxd2+ Qxd2 O-O Nc3 Ne4 Qd3
8	d4 Nf6 c4 e6 Nf3 b6 g3 Bb7 Bg2 Bb4+ Bd2 Bxd2+ Qxd2 O-O O-O d6 Nc3 Ne4
12	d4 Nf6 c4 e6 Nf3 b6 g3 Bb7 Bg2 Bb4+ Bd2 a5 O-O O-O Bf4 Be7
10	d4 Nf6 c4 e6 Nf3 b6 g3 Bb7 Bg2 Bb4+ Bd2 a5 O-O O-O Bg5 Be7 Qc2
8	d4 Nf6 c4 e6 Nf3 b6 g3 Bb7 Bg2 Bb4+ Bd2 c5 Bxb4 cxb4 O-O O-O Qd3
14	d4 Nf6 c4 e6 Nf3 b6 g3 Bb7 Bg2 Be7 Nc3 Ne4 Bd2 Bf6 O-O O-O Rc1
13	d4 Nf6 c4 e6 Nf3 b6 g3 Bb7 Bg2 Be7 Nc3 Ne4 Bd2 Bf6 Qc2 Nxd2 Qxd2
11	d4 Nf6 c4 e6 Nf3 b6 g3 Bb7 Bg2 Be7 Nc3 Ne4 Bd2 O-O d5
8	d4 Nf6 c4 e6 Nf3 b6 g3 Bb7 Bg2 Be7 Nc3 Ne4 Bd2 d5 cxd5 exd5
12	d4 Nf6 c4 e6 Nf3 b6 g3 Bb7 Bg2 Be7 Nc3 Ne4 Bd2 f5 d5 Bf6 Qc2
8	d4 Nf6 c4 e6 Nf3 b6 g3 Bb7 Bg2 Be7 Nc3 O-O Qc2 c5 d5 exd5 Ng5
11	d4 Nf6 c4 e6 Nf3 b6 g3 Bb7 Bg2 Be7 O-O O-O Nc3 Ne4 Bd2 Bf6 Ne5 Nxc3 Bxc3 Bxg2 Kxg2 c5
11	d4 Nf6 c4 e6 Nf3 b6 g3 Bb7 Bg2 Be7 O-O O-O Nc3 Ne4 Bd2 Bf6 Rc1
14	d4 Nf6 c4 e6 Nf3 b6 g3 Bb7 Bg2 Be7 O-O O-O Nc3 Ne4 Bd2 d5 cxd5 exd5
8	d4 Nf6 c4 e6 Nf3 b6 g3 Bb7 Bg2 Be7 O-O O-O Nc3 Ne4 Bd2 f5 Qc2
12	d4 Nf6 c4 e6 Nf3 b6 g3 Bb7 Bg2 Be7 O-O O-O Nc3 Ne4 Nxe4 Bxe4 Ne1 Bxg2 Nxg2 d5 Qa4
10	d4 Nf6 c4 e6 Nf3 b6 g3 Bb7 Bg2 Be7 O-O O-O Nc3 Ne4 Nxe4 Bxe4 Nh4 Bxg2 Nxg2 d5 Qa4 dxc4 Qxc4 c5
9	d4 Nf6 c4 e6 Nf3 b6 g3 Bb7 Bg2 Be7 O-O O-O Nc3 Ne4 Qc2 Nxc3 Qxc3 c5 Rd1 d6 b3
9	d4 Nf6 c4 e6 Nf3 b6 g3 Bb7 Bg2 Be7 O-O O-O Re1 Na6 Nc3 Ne4 Bf4
10	d4 Nf6 c4 e6 Nf3 b6 g3 Bb7 Bg2 Be7 O-O O-O Re1 Na6 Ne5 Bxg2 Kxg2
8	d4 Nf6 c4 e6 Nf3 b6 g3 Bb7 Bg2 Be7 O-O O-O Re1 Ne4 Nfd2 d5
8	d4 Nf6 c4 e6 Nf3 b6 g3 Bb7 Bg2 Be7 O-O O-O Re1 Qc8 Nc3 Ne4
19	d4 Nf6 c4 e6 Nf3 b6 g3 Bb7 Bg2 Be7 O-O O-O Re1 a5
10	d4 Nf6 c4 e6 Nf3 b6 g3 Bb7 Bg2 Be7 O-O O-O Re1 c5 d5 exd5 Nh4 Ne4 cxd5 Bxh4 Bxe4 Bf6
10	d4 Nf6 c4 e6 Nf3 b6 g3 Bb7 Bg2 Be7 O-O O-O Re1 d5 cxd5 exd5 Nc3 Nbd7 Bf4 c5
10	d4 Nf6 c4 e6 Nf3 b6 g3 Bb7 Bg2 Be7 O-O O-O d5 exd5 Nh4 c6 cxd5 Nxd5 Nf5 Nc7 Nc3 d5 e4
8	d4 Nf6 c4 e6 Nf3 b6 g3 Bb7 Bg2 Be7 O-O O-O d5 exd5 Nh4 c6 cxd5 Nxd5 Nf5 Nc7 e4 d5 Nc3 Bf6
8	d4 Nf6 c4 e6 Nf3 b6 g3 Bb7 Bg2 c5 d5 exd5 Nh4 g6 Nc3
11	d4 Nf6 c4 e6 Nf3 b6 g3 Bb7 Bg2 g6
13	d4 Nf6 c4 e6 Nf3 b6 g3 c6 Bg2 d5 O-O Be7
14	d4 Nf6 c4 e6 Nf3 c5 Nc3 cxd4 Nxd4
9	d4 Nf6 c4 e6 Nf3 c5 d5 b5 Bg5 exd5 cxd5
8	d4 Nf6 c4 e6 Nf3 c5 d5 b5 dxe6 fxe6 cxb5 d5 Nc3
18	d4 Nf6 c4 e6 Nf3 c5 d5 d6 Nc3 exd5 cxd5 g6 Bf4 Bg7
8	d4 Nf6 c4 e6 Nf3 c5 d5 d6 Nc3 exd5 cxd5 g6 Bf4 a6 a4 Bg7 h3 O-O e3
9	d4 Nf6 c4 e6 Nf3 c5 d5 d6 Nc3 exd5 cxd5 g6 Nd2 Bg7 e4 O-O Be2 Re8 O-O
9	d4 Nf6 c4 e6 Nf3 c5 d5 d6 Nc3 exd5 cxd5 g6 e4 Bg7 h3
11	d4 Nf6 c4 e6 Nf3 c5 d5 d6 Nc3 exd5 cxd5 g6 g3 Bg7 Bg2 O-O O-O Re8
11	d4 Nf6 c4 e6 Nf3 c5 d5 d6 Nc3 exd5 cxd5 g6 h3 Bg7 e4 O-O Bd3 b5
10	d4 Nf6 c4 e6 Nf3 c5 d5 d6 Nc3 exd5 cxd5 g6 h3 a6 a4 Qe7
8	d4 Nf6 c4 e6 Nf3 c5 d5 exd5 cxd5 d6 Nc3 g6 Bf4 a6 a4
12	d4 Nf6 c4 e6 Nf3 c5 d5 exd5 cxd5 d6 Nc3 g6 e4 Bg7
8	d4 Nf6 c4 e6 Nf3 c5 d5 exd5 cxd5 g6 Nc3
9	d4 Nf6 c4 e6 Nf3 c5 e3 d5
16	d4 Nf6 c4 e6 Nf3 c5 g3 cxd4 Nxd4
13	d4 Nf6 c4 e6 Nf3 d5 Bg5 Bb4+ Nbd2 dxc4
10	d4 Nf6 c4 e6 Nf3 d5 Bg5 Bb4+ Nc3
12	d4 Nf6 c4 e6 Nf3 d5 Bg5 Be7 Nc3
8	d4 Nf6 c4 e6 Nf3 d5 Bg5 Be7 e3 O-O
8	d4 Nf6 c4 e6 Nf3 d5 Bg5 Be7 e3 h6 Bxf6 Bxf6
9	d4 Nf6 c4 e6 Nf3 d5 Bg5 Nbd7 e3
8	d4 Nf6 c4 e6 Nf3 d5 Bg5 dxc4 Nc3 a6
11	d4 Nf6 c4 e6 Nf3 d5 Bg5 dxc4 Qa4+ Nbd7
8	d4 Nf6 c4 e6 Nf3 d5 Bg5 dxc4 e4 b5 a4
14	d4 Nf6 c4 e6 Nf3 d5 Bg5 h6 Bxf6 Qxf6 Nc3
20	d4 Nf6 c4 e6 Nf3 d5 Bg5 h6 Bxf6 Qxf6 e3
8	d4 Nf6 c4 e6 Nf3 d5 Nc3 Bb4 Bg5 Nbd7 cxd5 exd5 Qc2 c5 dxc5 h6 Bd2
15	d4 Nf6 c4 e6 Nf3 d5 Nc3 Bb4 Bg5 Nbd7 cxd5 exd5 e3 c5
9	d4 Nf6 c4 e6 Nf3 d5 Nc3 Bb4 Bg5 Nbd7 e3 c5
8	d4 Nf6 c4 e6 Nf3 d5 Nc3 Bb4 Bg5 O-O e3
8	d4 Nf6 c4 e6 Nf3 d5 Nc3 Bb4 Bg5 dxc4 e4 b5 a4 c5 axb5 cxd4 Nxd4 h6
8	d4 Nf6 c4 e6 Nf3 d5 Nc3 Bb4 Bg5 dxc4 e4 c5 Bxc4 cxd4 Nxd4 Bxc3+ bxc3 Qa5 Bb5+ Nbd7 Bxf6 Qxc3+ Kf1 gxf6
8	d4 Nf6 c4 e6 Nf3 d5 Nc3 Bb4 Bg5 dxc4 e4 c5 Bxc4 cxd4 Nxd4 Qa5 Bd2 Qc5 Bb5+
10	d4 Nf6 c4 e6 Nf3 d5 Nc3 Bb4 Bg5 dxc4 e4 h6 Bxf6 Qxf6 Bxc4 c5 O-O cxd4 e5 Qd8 Ne4
8	d4 Nf6 c4 e6 Nf3 d5 Nc3 Bb4 Bg5 h6 Bh4 dxc4
16	d4 Nf6 c4 e6 Nf3 d5 Nc3 Bb4 Bg5 h6 Bxf6 Qxf6 Qa4+ Nc6 e3 O-O Be2 Bd7 Qb3 dxc4 Qxc4
9	d4 Nf6 c4 e6 Nf3 d5 Nc3 Bb4 Bg5 h6 Bxf6 Qxf6 Qa4+ Nc6 e3 O-O Be2 dxc4 O-O Bd7 Bxc4 Bxc3 bxc3 Rfd8 Be2 Be8 Qa3 Qe7 Qb2
8	d4 Nf6 c4 e6 Nf3 d5 Nc3 Bb4 Bg5 h6 Bxf6 Qxf6 Qa4+ Nc6 e3 O-O Rc1 Qg6
13	d4 Nf6 c4 e6 Nf3 d5 Nc3 Bb4 Bg5 h6 Bxf6 Qxf6 Qa4+ Nc6 e3 O-O Rc1 Rd8
8	d4 Nf6 c4 e6 Nf3 d5 Nc3 Bb4 Bg5 h6 Bxf6 Qxf6 Qa4+ Nc6 e3 O-O Rd1 Rd8
8	d4 Nf6 c4 e6 Nf3 d5 Nc3 Bb4 Bg5 h6 Bxf6 Qxf6 Qb3 c5 cxd5 exd5 a3 Bxc3+ Qxc3
8	d4 Nf6 c4 e6 Nf3 d5 Nc3 Bb4 Bg5 h6 Bxf6 Qxf6 Qb3 c5 cxd5 exd5 e3 O-O dxc5 Bxc3+ Qxc3 Qxc3+ bxc3 Nd7 Rd1
8	d4 Nf6 c4 e6 Nf3 d5 Nc3 Bb4 Bg5 h6 Bxf6 Qxf6 e3 O-O Qb3 c5 cxd5 exd5 dxc5 Bxc3+ Qxc3 Qxc3+ bxc3
11	d4 Nf6 c4 e6 Nf3 d5 Nc3 Bb4 Bg5 h6 Bxf6 Qxf6 e3 O-O Rc1 dxc4 Bxc4 c5 O-O cxd4 Ne4 Qe7 Nxd4 Bd7
10	d4 Nf6 c4 e6 Nf3 d5 Nc3 Bb4 Bg5 h6 Bxf6 Qxf6 e3 O-O Rc1 dxc4 Bxc4 c5 O-O cxd4 Ne4 Qe7 a3 Ba5 Qxd4 Rd8
8	d4 Nf6 c4 e6 Nf3 d5 Nc3 Bb4 Bg5 h6 Bxf6 Qxf6 e3 O-O Rc1 dxc4 Bxc4 c5 O-O cxd4 Ne4 Qe7 a3 Ba5 exd4 Rd8
11	d4 Nf6 c4 e6 Nf3 d5 Nc3 Bb4 Bg5 h6 Bxf6 Qxf6 e3 O-O Rc1 dxc4 Bxc4 c5 O-O cxd4 Nxd4 Bd7 Qb3 Nc6 Nxc6 Bxc3
8	d4 Nf6 c4 e6 Nf3 d5 Nc3 Bb4 Bg5 h6 Bxf6 Qxf6 e3 O-O Rc1 dxc4 Bxc4 c5 O-O cxd4 exd4
10	d4 Nf6 c4 e6 Nf3 d5 Nc3 Bb4 Bg5 h6 Bxf6 Qxf6 e3 O-O Rc1 dxc4 Bxc4 c5 dxc5
13	d4 Nf6 c4 e6 Nf3 d5 Nc3 Bb4 Bg5 h6 Bxf6 Qxf6 e3 c5
9	d4 Nf6 c4 e6 Nf3 d5 Nc3 Bb4 Qa4+ Nc6 Bd2
8	d4 Nf6 c4 e6 Nf3 d5 Nc3 Bb4 Qa4+ Nc6 a3 Bxc3+ bxc3 Bd7
10	d4 Nf6 c4 e6 Nf3 d5 Nc3 Bb4 Qa4+ Nc6 a3 Bxc3+ bxc3 Ne4
9	d4 Nf6 c4 e6 Nf3 d5 Nc3 Bb4 Qa4+ Nc6 e3 O-O Bd2 Re8
9	d4 Nf6 c4 e6 Nf3 d5 Nc3 Bb4 Qa4+ Nc6 e3 O-O Bd2 dxc4 Bxc4 Bd6 Qc2 e5 dxe5 Nxe5 Nxe5 Bxe5 f4 Bxc3 Bxc3 Ng4 Bd4 c5 Bxc5 Re8 O-O
11	d4 Nf6 c4 e6 Nf3 d5 Nc3 Bb4 Qa4+ Nc6 e3 O-O Qc2 Re8 Bd2 Bf8 Be2 Nb4 Qb1 dxc4 Bxc4 b6
10	d4 Nf6 c4 e6 Nf3 d5 Nc3 Bb4 Qa4+ Nc6 e3 O-O Qc2 Re8 Bd2 Bf8 a3 e5 dxe5 Nxe5 cxd5 Nxf3+ gxf3 Nxd5
13	d4 Nf6 c4 e6 Nf3 d5 Nc3 Bb4 Qa4+ Nc6 e3 O-O Qc2 Re8 Bd2 a6 a3 Bd6
11	d4 Nf6 c4 e6 Nf3 d5 Nc3 Bb4 Qa4+ Nc6 e3 O-O Qc2 b6 Bd2 Bb7
9	d4 Nf6 c4 e6 Nf3 d5 Nc3 Bb4 Qa4+ Nc6 e3 O-O Qc2 dxc4 Bxc4 Bd6
8	d4 Nf6 c4 e6 Nf3 d5 Nc3 Bb4 Qb3 c5 dxc5 Na6 a3 Bxc3+ Qxc3 Nxc5 cxd5 Qxd5 Be3 Nce4
9	d4 Nf6 c4 e6 Nf3 d5 Nc3 Bb4 Qb3 c5 dxc5 Nc6 Bg5 Qa5 Bxf6 dxc4 Qxc4 gxf6 Rc1 Qxc5
11	d4 Nf6 c4 e6 Nf3 d5 Nc3 Bb4 cxd5 exd5 Bf4 Ne4 Rc1 Nc6 Nd2 g5
13	d4 Nf6 c4 e6 Nf3 d5 Nc3 Bb4 cxd5 exd5 Bf4 O-O e3
9	d4 Nf6 c4 e6 Nf3 d5 Nc3 Bb4 cxd5 exd5 Bf4 c6 e3 Bf5
12	d4 Nf6 c4 e6 Nf3 d5 Nc3 Bb4 cxd5 exd5 Bg5 Nbd7 Qc2 c5
10	d4 Nf6 c4 e6 Nf3 d5 Nc3 Bb4 cxd5 exd5 Bg5 Nbd7 Rc1
9	d4 Nf6 c4 e6 Nf3 d5 Nc3 Bb4 cxd5 exd5 Bg5 Nbd7 e3 c5 Bd3 Qa5 Qc2
14	d4 Nf6 c4 e6 Nf3 d5 Nc3 Bb4 cxd5 exd5 Bg5 O-O e3
9	d4 Nf6 c4 e6 Nf3 d5 Nc3 Bb4 cxd5 exd5 Bg5 h6 Bh4 Bf5 e3 Nbd7
12	d4 Nf6 c4 e6 Nf3 d5 Nc3 Bb4 cxd5 exd5 Bg5 h6 Bh4 Nbd7 e3 g5 Bg3 Ne4
10	d4 Nf6 c4 e6 Nf3 d5 Nc3 Bb4 cxd5 exd5 Bg5 h6 Bh4 O-O e3 Bf5 Be2 Nbd7 Qb3 Bxc3+ Qxc3
11	d4 Nf6 c4 e6 Nf3 d5 Nc3 Bb4 cxd5 exd5 Bg5 h6 Bh4 O-O e3 Bf5 Qb3 Bxc3+ Qxc3
10	d4 Nf6 c4 e6 Nf3 d5 Nc3 Bb4 cxd5 exd5 Bg5 h6 Bh4 O-O e3 Bf5 Qb3 Bxc3+ bxc3 Nbd7 Be2 c5 dxc5
15	d4 Nf6 c4 e6 Nf3 d5 Nc3 Bb4 cxd5 exd5 Bg5 h6 Bh4 c5 dxc5 Nbd7
11	d4 Nf6 c4 e6 Nf3 d5 Nc3 Bb4 cxd5 exd5 Bg5 h6 Bh4 c5 e3 c4 Be2
9	d4 Nf6 c4 e6 Nf3 d5 Nc3 Bb4 cxd5 exd5 Bg5 h6 Bh4 g5 Bg3 Ne4 Nd2
12	d4 Nf6 c4 e6 Nf3 d5 Nc3 Bb4 cxd5 exd5 Bg5 h6 Bxf6 Qxf6
8	d4 Nf6 c4 e6 Nf3 d5 Nc3 Bb4 cxd5 exd5 Qa4+ Nc6 Bg5 h6 Bxf6 Qxf6 e3 O-O Be2 Be6
9	d4 Nf6 c4 e6 Nf3 d5 Nc3 Bb4 e3 O-O Bd2 b6 cxd5 exd5 Bd3
11	d4 Nf6 c4 e6 Nf3 d5 Nc3 Bb4 e3 O-O Bd2 b6 cxd5 exd5 Rc1
9	d4 Nf6 c4 e6 Nf3 d5 Nc3 Bb4 e3 O-O Bd3 c5 O-O cxd4 exd4 dxc4 Bxc4 b6
8	d4 Nf6 c4 e6 Nf3 d5 Nc3 Bb4 e3 O-O Bd3 dxc4 Bxc4 c5
8	d4 Nf6 c4 e6 Nf3 d5 Nc3 Bb4 e3 O-O a3 Bxc3+ bxc3
8	d4 Nf6 c4 e6 Nf3 d5 Nc3 Bb4 g3 O-O Bg2
9	d4 Nf6 c4 e6 Nf3 d5 Nc3 Be7 Bf4 O-O Qc2
11	d4 Nf6 c4 e6 Nf3 d5 Nc3 Be7 Bf4 O-O Rc1
8	d4 Nf6 c4 e6 Nf3 d5 Nc3 Be7 Bf4 O-O a3 b6 e3
8	d4 Nf6 c4 e6 Nf3 d5 Nc3 Be7 Bf4 O-O a3 c5 dxc5
9	d4 Nf6 c4 e6 Nf3 d5 Nc3 Be7 Bf4 O-O e3 Nbd7 Be2 dxc4 O-O Nb6
15	d4 Nf6 c4 e6 Nf3 d5 Nc3 Be7 Bf4 O-O e3 Nbd7 Be2 dxc4 O-O a6 a4
19	d4 Nf6 c4 e6 Nf3 d5 Nc3 Be7 Bf4 O-O e3 Nbd7 Be2 dxc4 O-O c5 dxc5 Nxc5 Bxc4 Qxd1 Rfxd1 b6
8	d4 Nf6 c4 e6 Nf3 d5 Nc3 Be7 Bf4 O-O e3 Nbd7 Qc2 c5 Rd1
13	d4 Nf6 c4 e6 Nf3 d5 Nc3 Be7 Bf4 O-O e3 Nbd7 a3 c5 cxd5 Nxd5 Nxd5 exd5 dxc5 Nxc5 Be2
10	d4 Nf6 c4 e6 Nf3 d5 Nc3 Be7 Bf4 O-O e3 Nbd7 a3 c5 cxd5 Nxd5 Nxd5 exd5 dxc5 Nxc5 Be5 Bf5 Be2 Bf6
16	d4 Nf6 c4 e6 Nf3 d5 Nc3 Be7 Bf4 O-O e3 Nbd7 a3 c5 cxd5 Nxd5 Nxd5 exd5 dxc5 Nxc5 Be5 Bf6 Bxf6 Qxf6 Qd4
10	d4 Nf6 c4 e6 Nf3 d5 Nc3 Be7 Bf4 O-O e3 Nbd7 a3 c5 cxd5 Nxd5 Nxd5 exd5 dxc5 Nxc5 Be5 Bg4 Be2
8	d4 Nf6 c4 e6 Nf3 d5 Nc3 Be7 Bf4 O-O e3 Nbd7 c5 Ne4 Rc1
18	d4 Nf6 c4 e6 Nf3 d5 Nc3 Be7 Bf4 O-O e3 Nbd7 c5 Nh5 Bd3 Nxf4 exf4 b6 b4 a5 a3 c6 O-O Ba6
9	d4 Nf6 c4 e6 Nf3 d5 Nc3 Be7 Bf4 O-O e3 Nbd7 c5 Nh5 Bd3 Nxf4 exf4 b6 b4 a5 a3 c6 O-O Qc7 g3 Ba6 Bxa6 Rxa6 Qe2
8	d4 Nf6 c4 e6 Nf3 d5 Nc3 Be7 Bf4 O-O e3 Nbd7 c5 Nh5 Bd3 Nxf4 exf4 c6
9	d4 Nf6 c4 e6 Nf3 d5 Nc3 Be7 Bf4 O-O e3 Nbd7 c5 Nh5 Be2 Nxf4 exf4
8	d4 Nf6 c4 e6 Nf3 d5 Nc3 Be7 Bf4 O-O e3 Nbd7 c5 c6 Bd3 b6 b4 a5 a3 Ba6 O-O Qc8 h3 Qb7
12	d4 Nf6 c4 e6 Nf3 d5 Nc3 Be7 Bf4 O-O e3 Nbd7 c5 c6 b4 b6
13	d4 Nf6 c4 e6 Nf3 d5 Nc3 Be7 Bf4 O-O e3 Nbd7 c5 c6 h3 b6 b4 a5 a3 h6 Bd3 Ba6 O-O Qc8
11	d4 Nf6 c4 e6 Nf3 d5 Nc3 Be7 Bf4 O-O e3 Nbd7 cxd5 Nxd5 Nxd5 exd5
8	d4 Nf6 c4 e6 Nf3 d5 Nc3 Be7 Bf4 O-O e3 b6 Bd3 dxc4 Bxc4 Ba6 Qe2
8	d4 Nf6 c4 e6 Nf3 d5 Nc3 Be7 Bf4 O-O e3 b6 cxd5 Nxd5 Nxd5 Qxd5
13	d4 Nf6 c4 e6 Nf3 d5 Nc3 Be7 Bf4 O-O e3 c5 dxc5 Bxc5 Qc2 Nc6 Rd1 Qa5 a3
10	d4 Nf6 c4 e6 Nf3 d5 Nc3 Be7 Bf4 O-O e3 c5 dxc5 Bxc5 Qc2 Nc6 a3 Qa5 O-O-O
8	d4 Nf6 c4 e6 Nf3 d5 Nc3 Be7 Bf4 O-O e3 c5 dxc5 Bxc5 a3 Nc6 Qc2 Qa5 O-O-O Be7
13	d4 Nf6 c4 e6 Nf3 d5 Nc3 Be7 Bf4 O-O e3 c5 dxc5 Bxc5 a3 Nc6 Qc2 Qa5 Rd1
9	d4 Nf6 c4 e6 Nf3 d5 Nc3 Be7 Bf4 O-O e3 c5 dxc5 Bxc5 a3 Nc6 cxd5 Nxd5 Nxd5 exd5 Bd3
8	d4 Nf6 c4 e6 Nf3 d5 Nc3 Be7 Bf4 O-O e3 c5 dxc5 Bxc5 cxd5 Nxd5 Nxd5 exd5 Bd3 Bb4+ Nd2 Nc6 O-O
8	d4 Nf6 c4 e6 Nf3 d5 Nc3 Be7 Bf4 O-O e3 c5 dxc5 Bxc5 cxd5 Nxd5 Nxd5 exd5 Bd3 Bb4+ Nd2 d4
9	d4 Nf6 c4 e6 Nf3 d5 Nc3 Be7 Bf4 O-O e3 c5 dxc5 Bxc5 cxd5 Nxd5 Nxd5 exd5 a3 Nc6 Bd3 Bb6 O-O Bg4 h3 Bh5 b4
10	d4 Nf6 c4 e6 Nf3 d5 Nc3 Be7 Bg5 Nbd7
15	d4 Nf6 c4 e6 Nf3 d5 Nc3 Be7 Bg5 O-O e3 Nbd7 Rc1
11	d4 Nf6 c4 e6 Nf3 d5 Nc3 Be7 Bg5 O-O e3 h6 Bh4 Ne4 Bxe7 Qxe7
17	d4 Nf6 c4 e6 Nf3 d5 Nc3 Be7 Bg5 O-O e3 h6 Bh4 b6
12	d4 Nf6 c4 e6 Nf3 d5 Nc3 Be7 Bg5 O-O e3 h6 Bxf6 Bxf6
13	d4 Nf6 c4 e6 Nf3 d5 Nc3 Be7 Bg5 h6 Bh4 O-O e3 Nbd7 Rc1 c5
10	d4 Nf6 c4 e6 Nf3 d5 Nc3 Be7 Bg5 h6 Bh4 O-O e3 Ne4 Bxe7 Qxe7 Rc1 Nxc3 Rxc3 c6
8	d4 Nf6 c4 e6 Nf3 d5 Nc3 Be7 Bg5 h6 Bh4 O-O e3 Ne4 Bxe7 Qxe7 Rc1 c6 Bd3 Nxc3 Rxc3 dxc4 Bxc4 Nd7 O-O b6
9	d4 Nf6 c4 e6 Nf3 d5 Nc3 Be7 Bg5 h6 Bh4 O-O e3 Ne4 Bxe7 Qxe7 cxd5 Nxc3 bxc3 exd5 Qb3
10	d4 Nf6 c4 e6 Nf3 d5 Nc3 Be7 Bg5 h6 Bh4 O-O e3 b6 Bd3 Bb7 O-O Nbd7 Qe2
16	d4 Nf6 c4 e6 Nf3 d5 Nc3 Be7 Bg5 h6 Bh4 O-O e3 b6 Be2 Bb7 Bxf6 Bxf6 cxd5 exd5 O-O
11	d4 Nf6 c4 e6 Nf3 d5 Nc3 Be7 Bg5 h6 Bh4 O-O e3 b6 Be2 Bb7 Bxf6 Bxf6 cxd5 exd5 b4 c5 bxc5 bxc5 Rb1 Bc6 O-O Nd7 Bb5 Qc7
8	d4 Nf6 c4 e6 Nf3 d5 Nc3 Be7 Bg5 h6 Bh4 O-O e3 b6 Be2 Bb7 Bxf6 Bxf6 cxd5 exd5 b4 c6 O-O Re8 Qb3
9	d4 Nf6 c4 e6 Nf3 d5 Nc3 Be7 Bg5 h6 Bh4 O-O e3 b6 Rc1 Bb7 Bxf6 Bxf6 cxd5 exd5
12	d4 Nf6 c4 e6 Nf3 d5 Nc3 Be7 Bg5 h6 Bh4 O-O e3 b6 cxd5 Nxd5 Bxe7 Qxe7 Nxd5 exd5
8	d4 Nf6 c4 e6 Nf3 d5 Nc3 Be7 Bg5 h6 Bh4 dxc4 e3 c5 Bxc4 cxd4 Nxd4
9	d4 Nf6 c4 e6 Nf3 d5 Nc3 Be7 Bg5 h6 Bxf6 Bxf6 Qb3
11	d4 Nf6 c4 e6 Nf3 d5 Nc3 Be7 Bg5 h6 Bxf6 Bxf6 e3 O-O Rc1 c6 Bd3 Nd7 O-O dxc4 Bxc4 e5 h3 exd4 exd4 Nb6 Bb3
11	d4 Nf6 c4 e6 Nf3 d5 Nc3 Be7 Bg5 h6 Bxf6 Bxf6 e3 c6
11	d4 Nf6 c4 e6 Nf3 d5 Nc3 Be7 Qc2 O-O
10	d4 Nf6 c4 e6 Nf3 d5 Nc3 Be7 cxd5 exd5 Bf4 c6 e3 Bf5 Nh4
10	d4 Nf6 c4 e6 Nf3 d5 Nc3 Be7 g3 O-O Bg2 Nbd7 Qd3
9	d4 Nf6 c4 e6 Nf3 d5 Nc3 Be7 g3 O-O Bg2 dxc4 Ne5 c5 dxc5 Qxd1+ Nxd1 Bxc5
10	d4 Nf6 c4 e6 Nf3 d5 Nc3 Nbd7 Bf4 Bb4 cxd5
13	d4 Nf6 c4 e6 Nf3 d5 Nc3 Nbd7 Bf4 dxc4 e3 Bd6
8	d4 Nf6 c4 e6 Nf3 d5 Nc3 Nbd7 Bf4 dxc4 e3 Nb6 Bxc4
9	d4 Nf6 c4 e6 Nf3 d5 Nc3 Nbd7 Bf4 dxc4 e3 Nd5 Bxc4 Nxf4 exf4 Nb6
8	d4 Nf6 c4 e6 Nf3 d5 Nc3 Nbd7 Bf4 dxc4 e3 a6 a4 Bd6
11	d4 Nf6 c4 e6 Nf3 d5 Nc3 Nbd7 Bf4 dxc4 e3 b5 Nxb5 Bb4+ Nc3 Nd5 a3 Nxc3 Qd2
10	d4 Nf6 c4 e6 Nf3 d5 Nc3 Nbd7 Bg5 Be7 e3 h6 Bh4
10	d4 Nf6 c4 e6 Nf3 d5 Nc3 Nbd7 Bg5 c6 e3 Qa5
9	d4 Nf6 c4 e6 Nf3 d5 Nc3 Nbd7 Bg5 h6 Bh4 Be7 e3 O-O Qc2
13	d4 Nf6 c4 e6 Nf3 d5 Nc3 Nbd7 Bg5 h6 Bh4 Be7 e3 O-O Rc1
8	d4 Nf6 c4 e6 Nf3 d5 Nc3 Nbd7 Qc2 Bb4
8	d4 Nf6 c4 e6 Nf3 d5 Nc3 Nbd7 Qc2 dxc4 e4 c5 dxc5 Bxc5 Bxc4
15	d4 Nf6 c4 e6 Nf3 d5 Nc3 Nbd7 cxd5 exd5 Bf4 c6 Qc2
13	d4 Nf6 c4 e6 Nf3 d5 Nc3 Nbd7 cxd5 exd5 Bf4 c6 e3 Nh5 Bg5 Be7 Bxe7 Qxe7
11	d4 Nf6 c4 e6 Nf3 d5 Nc3 Nbd7 cxd5 exd5 Bf4 c6 h3
11	d4 Nf6 c4 e6 Nf3 d5 Nc3 Nbd7 cxd5 exd5 Bg5 Bb4 e3
8	d4 Nf6 c4 e6 Nf3 d5 Nc3 Nbd7 cxd5 exd5 Bg5 Be7 e3 O-O Bd3
10	d4 Nf6 c4 e6 Nf3 d5 Nc3 Nbd7 cxd5 exd5 Bg5 Be7 e3 c6
8	d4 Nf6 c4 e6 Nf3 d5 Nc3 Nbd7 cxd5 exd5 Bg5 c6 Qc2 Be7 e3
8	d4 Nf6 c4 e6 Nf3 d5 Nc3 Nbd7 cxd5 exd5 Bg5 c6 e3 Be7 Bd3
12	d4 Nf6 c4 e6 Nf3 d5 Nc3 Nbd7 cxd5 exd5 Bg5 c6 e3 h6 Bh4
14	d4 Nf6 c4 e6 Nf3 d5 Nc3 Nbd7 cxd5 exd5 Bg5 h6 Bh4
11	d4 Nf6 c4 e6 Nf3 d5 Nc3 Nbd7 cxd5 exd5 Qc2 c6 Bg5
8	d4 Nf6 c4 e6 Nf3 d5 Nc3 Nbd7 e3 Be7 b3 O-O
8	d4 Nf6 c4 e6 Nf3 d5 Nc3 Nbd7 e3 a6
8	d4 Nf6 c4 e6 Nf3 d5 Nc3 Nbd7 g3 Be7 Bg2 O-O
8	d4 Nf6 c4 e6 Nf3 d5 Nc3 a6 c5 b6 cxb6 cxb6 Bf4
9	d4 Nf6 c4 e6 Nf3 d5 Nc3 a6 cxd5 exd5 Bg5 Be6 e3 Nbd7 Bd3 Bd6 O-O
11	d4 Nf6 c4 e6 Nf3 d5 Nc3 a6 cxd5 exd5 Bg5 Be6 e3 Nbd7 Bd3 h6
8	d4 Nf6 c4 e6 Nf3 d5 Nc3 c5 cxd5 Nxd5 e3 Nc6 Bd3 Be7
8	d4 Nf6 c4 e6 Nf3 d5 Nc3 c5 cxd5 Nxd5 e4 Nxc3 bxc3 cxd4 cxd4 Bb4+ Bd2 Bxd2+ Qxd2 O-O Bc4 Nd7 O-O b6 Rad1 Bb7 Rfe1 Rc8 Bb3 Re8 h3 Nf6 Qf4
13	d4 Nf6 c4 e6 Nf3 d5 Nc3 c5 cxd5 Nxd5 e4 Nxc3 bxc3 cxd4 cxd4 Bb4+ Bd2 Bxd2+ Qxd2 O-O Bc4 Nd7 O-O b6 Rfe1 Bb7 Rad1 Rc8 Bb3 Re8
8	d4 Nf6 c4 e6 Nf3 d5 Nc3 c5 cxd5 Nxd5 e4 Nxc3 bxc3 cxd4 cxd4 Bb4+ Bd2 Bxd2+ Qxd2 O-O Bc4 Nd7 O-O b6 Rfe1 Bb7 a4 Rc8 Bd3
9	d4 Nf6 c4 e6 Nf3 d5 Nc3 c5 cxd5 Nxd5 e4 Nxc3 bxc3 cxd4 cxd4 Bb4+ Bd2 Bxd2+ Qxd2 O-O Bc4 Nd7 O-O b6 a4 Bb7 Rfe1
9	d4 Nf6 c4 e6 Nf3 d5 Nc3 c5 cxd5 Nxd5 e4 Nxc3 bxc3 cxd4 cxd4 Bb4+ Bd2 Bxd2+ Qxd2 O-O Bc4 Nd7 O-O b6 d5
9	d4 Nf6 c4 e6 Nf3 d5 Nc3 c5 cxd5 Nxd5 e4 Nxc3 bxc3 cxd4 cxd4 Bb4+ Bd2 Bxd2+ Qxd2 O-O Bc4 b6 O-O
9	d4 Nf6 c4 e6 Nf3 d5 Nc3 c5 cxd5 Nxd5 e4 Nxc3 bxc3 cxd4 cxd4 Bb4+ Bd2 Bxd2+ Qxd2 O-O Bd3 Nc6 Bc2
11	d4 Nf6 c4 e6 Nf3 d5 Nc3 c5 cxd5 Nxd5 e4 Nxc3 bxc3 cxd4 cxd4 Bb4+ Bd2 Bxd2+ Qxd2 O-O Rc1 Nc6
11	d4 Nf6 c4 e6 Nf3 d5 Nc3 c5 cxd5 Nxd5 e4 Nxc3 bxc3 cxd4 cxd4 Bb4+ Bd2 Bxd2+ Qxd2 O-O Rc1 b6 Bd3 Bb7 O-O Nd7
10	d4 Nf6 c4 e6 Nf3 d5 Nc3 c5 cxd5 Nxd5 e4 Nxc3 bxc3 cxd4 cxd4 Bb4+ Bd2 Bxd2+ Qxd2 O-O Rd1
8	d4 Nf6 c4 e6 Nf3 d5 Nc3 c5 cxd5 Nxd5 g3 cxd4 Nxd5 Qxd5 Qxd4 Qb5
12	d4 Nf6 c4 e6 Nf3 d5 Nc3 c5 cxd5 cxd4 Nxd4 Nxd5 Bd2
9	d4 Nf6 c4 e6 Nf3 d5 Nc3 c5 cxd5 cxd4 Qa4+ Bd7 Qxd4 exd5
8	d4 Nf6 c4 e6 Nf3 d5 Nc3 c5 cxd5 cxd4 Qxd4 exd5 Bg5 Be7 e3 O-O Be2 Nc6 Qd3 h6 Bh4 Qb6 O-O Rd8 Rfd1
10	d4 Nf6 c4 e6 Nf3 d5 Nc3 c5 cxd5 cxd4 Qxd4 exd5 Bg5 Be7 e3 O-O Be2 h6
8	d4 Nf6 c4 e6 Nf3 d5 Nc3 c5 cxd5 cxd4 Qxd4 exd5 Bg5 Be7 e3 O-O Rd1 Be6 Bd3 h6 Bh4
8	d4 Nf6 c4 e6 Nf3 d5 Nc3 c5 cxd5 cxd4 Qxd4 exd5 e4 Nc6 Bb5 dxe4 Qxd8+ Kxd8 Ng5 Be6 Nxe6+ fxe6 Bxc6 bxc6
9	d4 Nf6 c4 e6 Nf3 d5 Nc3 c5 cxd5 cxd4 Qxd4 exd5 e4 Nc6 Bb5 dxe4 Qxd8+ Kxd8 Ng5 Be6 O-O Bb4 Ncxe4 Nxe4 Nxe4 Ke7 Be3 Rhd8
8	d4 Nf6 c4 e6 Nf3 d5 Nc3 c5 cxd5 cxd4 Qxd4 exd5 e4 dxe4 Qxd8+ Kxd8 Ng5 Be6 Nxe6+ fxe6 Bg5 Nc6 Bc4 Ke7 Nxe4 Kf7 Bxf6 gxf6 O-O-O Rd8 Rxd8 Nxd8 Rd1 Be7 Rd7 f5 Nd6+ Kf6 Nxb7 Nxb7 Rxb7 Bc5
10	d4 Nf6 c4 e6 Nf3 d5 Nc3 c5 cxd5 cxd4 Qxd4 exd5 e4 dxe4 Qxd8+ Kxd8 Ng5 Be6 Nxe6+ fxe6 Bg5 Nc6 O-O-O+ Ke8 Bb5 Rc8 Kb1 Bb4 Bxf6 gxf6 Nxe4
10	d4 Nf6 c4 e6 Nf3 d5 Nc3 c5 cxd5 cxd4 Qxd4 exd5 e4 dxe4 Qxd8+ Kxd8 Ng5 Be6 Nxe6+ fxe6 Bg5 h6 O-O-O+ Ke7 Bxf6+ gxf6 Nxe4
10	d4 Nf6 c4 e6 Nf3 d5 Nc3 c5 cxd5 cxd4 Qxd4 exd5 e4 dxe4 Qxd8+ Kxd8 Ng5 Be6 a3 Nbd7
9	d4 Nf6 c4 e6 Nf3 d5 Nc3 c5 cxd5 exd5
11	d4 Nf6 c4 e6 Nf3 d5 Nc3 c5 e3 Nc6 a3 dxc4 Bxc4 a6
12	d4 Nf6 c4 e6 Nf3 d5 Nc3 c5 e3 Nc6 cxd5 exd5 Bb5 cxd4
8	d4 Nf6 c4 e6 Nf3 d5 Nc3 c5 e3 cxd4 exd4 Bb4 cxd5 Nxd5
9	d4 Nf6 c4 e6 Nf3 d5 Nc3 c5 e3 dxc4 Bxc4 a6 O-O b5 Be2 Bb7 dxc5
8	d4 Nf6 c4 e6 Nf3 d5 Nc3 c6 Bg5 Nbd7 cxd5 exd5 e3
9	d4 Nf6 c4 e6 Nf3 d5 Nc3 c6 Bg5 Nbd7 e3 Qa5 Nd2 Bb4
11	d4 Nf6 c4 e6 Nf3 d5 Nc3 c6 Bg5 Nbd7 e3 Qa5 cxd5 Nxd5
8	d4 Nf6 c4 e6 Nf3 d5 Nc3 c6 Bg5 dxc4 e4 b5 e5 h6 Bh4 g5 Nxg5 hxg5 Bxg5 Be7 exf6 Bxf6 Bxf6 Qxf6
8	d4 Nf6 c4 e6 Nf3 d5 Nc3 c6 Bg5 dxc4 e4 b5 e5 h6 Bh4 g5 Nxg5 hxg5 Bxg5 Nbd7
20	d4 Nf6 c4 e6 Nf3 d5 Nc3 c6 Bg5 h6 Bh4 dxc4 e4 g5 Bg3 b5 Be2 Bb7
12	d4 Nf6 c4 e6 Nf3 d5 Nc3 c6 Bg5 h6 Bxf6 Qxf6 e3 Nd7 Bd3 dxc4 Bxc4 g6 O-O Bg7
8	d4 Nf6 c4 e6 Nf3 d5 Nc3 c6 Bg5 h6 Bxf6 Qxf6 e3 g6 Bd3
9	d4 Nf6 c4 e6 Nf3 d5 Nc3 c6 Bg5 h6 Bxf6 Qxf6 e3 g6 Be2 Bg7 O-O O-O
16	d4 Nf6 c4 e6 Nf3 d5 Nc3 c6 Qb3
11	d4 Nf6 c4 e6 Nf3 d5 Nc3 c6 cxd5 exd5
9	d4 Nf6 c4 e6 Nf3 d5 Nc3 c6 e3 Nbd7 Bd3 dxc4 Bxc4 b5 Bd3 Bb7 O-O a6 e4 c5 d5
10	d4 Nf6 c4 e6 Nf3 d5 Nc3 c6 e3 Nbd7 Bd3 dxc4 Bxc4 b5 Bd3 Bb7 a3
11	d4 Nf6 c4 e6 Nf3 d5 Nc3 c6 e3 Nbd7 Bd3 dxc4 Bxc4 b5 Bd3 Bd6
8	d4 Nf6 c4 e6 Nf3 d5 Nc3 c6 e3 Nbd7 Be2 Bd6 O-O O-O b3
11	d4 Nf6 c4 e6 Nf3 d5 Nc3 c6 e3 Nbd7 Qc2 Bd6 Bd3 O-O O-O dxc4 Bxc4 a6
8	d4 Nf6 c4 e6 Nf3 d5 Nc3 c6 e3 Nbd7 Qc2 Bd6 Bd3 O-O O-O dxc4 Bxc4 b5 Be2 Bb7
8	d4 Nf6 c4 e6 Nf3 d5 Nc3 c6 e3 Nbd7 Qc2 Bd6 Bd3 O-O O-O e5 cxd5 cxd5 e4 exd4 Nxd5 Nxd5 exd5 h6
8	d4 Nf6 c4 e6 Nf3 d5 Nc3 c6 e3 Nbd7 Qc2 Bd6 Be2 O-O O-O b6
10	d4 Nf6 c4 e6 Nf3 d5 Nc3 c6 e3 Nbd7 Qc2 Bd6 Be2 O-O O-O dxc4 Bxc4
8	d4 Nf6 c4 e6 Nf3 d5 Nc3 c6 e3 Nbd7 Qc2 Bd6 b3 O-O Bb2
10	d4 Nf6 c4 e6 Nf3 d5 Nc3 c6 e3 Nbd7 Qc2 Bd6 b3 O-O Be2 b6 O-O Bb7 Bb2 Qe7
13	d4 Nf6 c4 e6 Nf3 d5 Nc3 c6 e3 a6
11	d4 Nf6 c4 e6 Nf3 d5 Nc3 c6 g3 dxc4 Bg2
11	d4 Nf6 c4 e6 Nf3 d5 Nc3 dxc4 Bg5
18	d4 Nf6 c4 e6 Nf3 d5 Nc3 dxc4 Qa4+ c6 Qxc4 b5 Qd3
8	d4 Nf6 c4 e6 Nf3 d5 Nc3 dxc4 e3 a6 Bxc4 b5 Bb3 Bb7 O-O
8	d4 Nf6 c4 e6 Nf3 d5 Nc3 dxc4 e3 a6 a4 c5 Bxc4 Nc6 O-O Be7 Qe2 cxd4 Rd1 e5 exd4 exd4
10	d4 Nf6 c4 e6 Nf3 d5 Nc3 dxc4 e3 a6 a4 c5 Bxc4 Nc6 O-O Be7 dxc5 Qxd1 Rxd1 Bxc5
8	d4 Nf6 c4 e6 Nf3 d5 Nc3 dxc4 e4 Bb4 Bg5 c5 Bxc4 cxd4 Nxd4 Bxc3+ bxc3 Qa5 Bb5+ Bd7 Bxf6 gxf6 Bxd7+ Nxd7 O-O a6 Rb1 Qc7 Qh5 Nc5 Rb4 Qe5 Qh4
11	d4 Nf6 c4 e6 Nf3 d5 Nc3 dxc4 e4 Bb4 Bg5 c5 Bxc4 cxd4 Nxd4 Bxc3+ bxc3 Qa5 Bb5+ Bd7 Bxf6 gxf6 Qb3
9	d4 Nf6 c4 e6 Nf3 d5 Nc3 dxc4 e4 Bb4 Bg5 c5 Bxc4 cxd4 Nxd4 Bxc3+ bxc3 Qa5 Bb5+ Nbd7 Bxf6 Qxc3+ Kf1 gxf6
10	d4 Nf6 c4 e6 Nf3 d5 Nc3 dxc4 e4 Bb4 Bg5 c5 Bxc4 cxd4 Nxd4 Bxc3+ bxc3 Qa5 Bxf6 Qxc3+ Kf1 gxf6
10	d4 Nf6 c4 e6 Nf3 d5 Nc3 dxc4 e4 Bb4 Bg5 c5 Bxc4 cxd4 Nxd4 Bxc3+ bxc3 Qa5 Nb5 Nxe4 Bf4 O-O O-O
8	d4 Nf6 c4 e6 Nf3 d5 Nc3 dxc4 e4 Bb4 Bg5 c5 Bxc4 cxd4 Nxd4 Bxc3+ bxc3 Qa5 Nb5 Nxe4 Qd4 O-O Qxe4 a6
8	d4 Nf6 c4 e6 Nf3 d5 Nc3 dxc4 e4 Bb4 Bg5 c5 Bxc4 cxd4 Nxd4 Qa5 Bd2 Qc5 Bb5+ Bd7 Nb3 Qe7 Bd3 Nc6
9	d4 Nf6 c4 e6 Nf3 d5 Nc3 dxc4 e4 Bb4 Bg5 c5 e5 cxd4 Nxd4
9	d4 Nf6 c4 e6 Nf3 d5 Nc3 dxc4 e4 Bb4 Bg5 c5 e5 cxd4 Qa4+ Nc6 O-O-O Bd7 Ne4 Be7 exf6 gxf6 Bh4
11	d4 Nf6 c4 e6 Nf3 d5 Nc3 dxc4 e4 Bb4 Bg5 c5 e5 h6
9	d4 Nf6 c4 e6 Nf3 d5 Nc3 dxc4 e4 Bb4 Bg5 h6 Bxf6 Qxf6 Bxc4 c5 O-O cxd4 e5 Qd8 Ne4 O-O Qe2
11	d4 Nf6 c4 e6 Nf3 d5 Nc3 dxc4 e4 Bb4 Bxc4 Nxe4 O-O Nf6 Qa4+ Nc6 Ne5
11	d4 Nf6 c4 e6 Nf3 d5 Nc3 dxc4 e4 Bb4 Bxc4 Nxe4 O-O Nxc3 bxc3 Bd6
8	d4 Nf6 c4 e6 Nf3 d5 Nc3 dxc4 e4 Bb4 Bxc4 Nxe4 O-O Nxc3 bxc3 Be7 Ne5 O-O Qg4 Nc6 Bh6 Bf6
9	d4 Nf6 c4 e6 Nf3 d5 Nc3 dxc4 e4 Bb4 Bxc4 Nxe4 O-O Nxc3 bxc3 Be7 Ne5 O-O Qg4 Nc6 Re1 f5 Qf3 Nxe5 Rxe5 Kh8
8	d4 Nf6 c4 e6 Nf3 d5 Nc3 dxc4 e4 b5 e5 Nd5 Nxb5 Nb6 Be2 Nc6 O-O Be7 Be3 O-O
12	d4 Nf6 c4 e6 Nf3 d5 Nc3 dxc4 e4 b5 e5 Nd5 Nxb5 Nb6 Be2 Nc6 O-O Be7 Qd2
8	d4 Nf6 c4 e6 Nf3 d5 Nc3 h6 Bf4 Bd6
9	d4 Nf6 c4 e6 Nf3 d5 Nc3 h6 e3
8	d4 Nf6 c4 e6 Nf3 d5 cxd5 exd5 Nc3 c6 Bf4 Bf5 e3 Nbd7 h3
12	d4 Nf6 c4 e6 Nf3 d5 cxd5 exd5 Nc3 c6 Qc2
9	d4 Nf6 c4 e6 Nf3 d5 e3 Be7 Nc3 O-O a3
14	d4 Nf6 c4 e6 Nf3 d5 e3 Be7 b3 O-O Bb2 c5
9	d4 Nf6 c4 e6 Nf3 d5 e3 a6 b3 c5
9	d4 Nf6 c4 e6 Nf3 d5 e3 b6 Nc3
13	d4 Nf6 c4 e6 Nf3 d5 e3 c5
8	d4 Nf6 c4 e6 Nf3 d5 g3 Bb4+ Bd2 Bd6 Bg2 O-O O-O
10	d4 Nf6 c4 e6 Nf3 d5 g3 Bb4+ Bd2 Bd6 Nc3 O-O
9	d4 Nf6 c4 e6 Nf3 d5 g3 Bb4+ Bd2 Be7 Bg2 Nbd7 O-O
8	d4 Nf6 c4 e6 Nf3 d5 g3 Bb4+ Bd2 Be7 Bg2 Nbd7 Qc2
9	d4 Nf6 c4 e6 Nf3 d5 g3 Bb4+ Bd2 Be7 Bg2 O-O O-O Nbd7 Bc3
12	d4 Nf6 c4 e6 Nf3 d5 g3 Bb4+ Bd2 Be7 Bg2 O-O O-O Nbd7 Qc2 Ne4
9	d4 Nf6 c4 e6 Nf3 d5 g3 Bb4+ Bd2 Be7 Bg2 O-O O-O Nbd7 Qc2 c6 Bf4 a5 Rd1
8	d4 Nf6 c4 e6 Nf3 d5 g3 Bb4+ Bd2 Be7 Bg2 O-O O-O Nbd7 Qc2 c6 Bf4 b6 Rd1 Bb7
12	d4 Nf6 c4 e6 Nf3 d5 g3 Bb4+ Bd2 Be7 Bg2 O-O O-O Nbd7 Qc2 c6 Rc1
9	d4 Nf6 c4 e6 Nf3 d5 g3 Bb4+ Bd2 Be7 Bg2 O-O O-O Nbd7 Qc2 c6 Rd1 b6 Bf4 Bb7
9	d4 Nf6 c4 e6 Nf3 d5 g3 Bb4+ Bd2 Be7 Bg2 O-O O-O Nbd7 Qc2 c6 Rd1 b6 b3
8	d4 Nf6 c4 e6 Nf3 d5 g3 Bb4+ Bd2 Be7 Bg2 O-O O-O c6 Bf4 Nbd7 Nc3
9	d4 Nf6 c4 e6 Nf3 d5 g3 Bb4+ Bd2 Be7 Bg2 O-O O-O c6 Bf4 b6 Nc3
11	d4 Nf6 c4 e6 Nf3 d5 g3 Bb4+ Bd2 Be7 Bg2 O-O O-O c6 Qb3
8	d4 Nf6 c4 e6 Nf3 d5 g3 Bb4+ Bd2 Be7 Bg2 O-O O-O c6 Qc2 Nbd7 Bf4 b6 Rd1
8	d4 Nf6 c4 e6 Nf3 d5 g3 Bb4+ Bd2 Be7 Bg2 O-O O-O c6 Qc2 Nbd7 Rc1
8	d4 Nf6 c4 e6 Nf3 d5 g3 Bb4+ Bd2 Be7 Bg2 O-O O-O c6 Qc2 Nbd7 Rd1 a5
12	d4 Nf6 c4 e6 Nf3 d5 g3 Bb4+ Bd2 Be7 Bg2 O-O O-O c6 Qc2 Nbd7 Rd1 b6 Bf4 Bb7
13	d4 Nf6 c4 e6 Nf3 d5 g3 Bb4+ Bd2 Be7 Bg2 O-O O-O c6 Qc2 Nbd7 Rd1 b6 b3
9	d4 Nf6 c4 e6 Nf3 d5 g3 Bb4+ Bd2 Be7 Bg2 O-O O-O c6 Qc2 b6 Bf4
9	d4 Nf6 c4 e6 Nf3 d5 g3 Bb4+ Bd2 Be7 Bg2 O-O O-O c6 Qc2 b6 Rd1 Nbd7
12	d4 Nf6 c4 e6 Nf3 d5 g3 Bb4+ Bd2 Be7 Bg2 O-O Qc2
11	d4 Nf6 c4 e6 Nf3 d5 g3 Bb4+ Bd2 Be7 Bg2 c6 O-O Nbd7 Qc2
9	d4 Nf6 c4 e6 Nf3 d5 g3 Bb4+ Bd2 Be7 Bg2 c6 O-O O-O Qc2
8	d4 Nf6 c4 e6 Nf3 d5 g3 Bb4+ Bd2 Be7 Bg2 c6 Qc2 Nbd7 O-O
14	d4 Nf6 c4 e6 Nf3 d5 g3 Bb4+ Bd2 Be7 Bg2 c6 Qc2 O-O O-O
11	d4 Nf6 c4 e6 Nf3 d5 g3 Bb4+ Bd2 a5 Bg2 O-O O-O dxc4
8	d4 Nf6 c4 e6 Nf3 d5 g3 Bb4+ Bd2 a5 Bg2 O-O Qc2 c5 cxd5 cxd4 Nxd4 Qb6 e3 exd5
8	d4 Nf6 c4 e6 Nf3 d5 g3 Bb4+ Bd2 a5 Qc2 O-O
16	d4 Nf6 c4 e6 Nf3 d5 g3 Bb4+ Nbd2 O-O Bg2 b6 O-O Bb7 Ne5
9	d4 Nf6 c4 e6 Nf3 d5 g3 Bb4+ Nbd2 dxc4 Bg2 b5 O-O
8	d4 Nf6 c4 e6 Nf3 d5 g3 Bb4+ Nc3 O-O Bg2 dxc4 O-O
8	d4 Nf6 c4 e6 Nf3 d5 g3 Be7 Bg2 O-O Nc3 Nbd7 Qd3 b6 cxd5
12	d4 Nf6 c4 e6 Nf3 d5 g3 Be7 Bg2 O-O Nc3 dxc4 Ne5 c5 dxc5 Qxd1+ Nxd1 Bxc5
11	d4 Nf6 c4 e6 Nf3 d5 g3 Be7 Bg2 O-O O-O Nbd7 Qc2 c6
13	d4 Nf6 c4 e6 Nf3 d5 g3 Be7 Bg2 O-O O-O c6 Qc2 b6
8	d4 Nf6 c4 e6 Nf3 d5 g3 Be7 Bg2 O-O O-O dxc4 Na3 Bxa3 bxa3
16	d4 Nf6 c4 e6 Nf3 d5 g3 Be7 Bg2 O-O O-O dxc4 Ne5 Nc6 Bxc6 bxc6 Nxc6 Qe8 Nxe7+ Qxe7
9	d4 Nf6 c4 e6 Nf3 d5 g3 Be7 Bg2 O-O O-O dxc4 Ne5 Nc6 Nxc6 bxc6
11	d4 Nf6 c4 e6 Nf3 d5 g3 Be7 Bg2 O-O O-O dxc4 Qa4 a6 Qxc4 b5 Qc2 Bb7 Bd2 Be4 Qc1 c6
8	d4 Nf6 c4 e6 Nf3 d5 g3 Be7 Bg2 O-O O-O dxc4 Qc2 a6 Qxc4 b5 Qc2 Bb7 Bd2 Be4 Qc1 Bb7
20	d4 Nf6 c4 e6 Nf3 d5 g3 Be7 Bg2 O-O O-O dxc4 Qc2 a6 a4 Bd7 Qxc4 Bc6 Bf4 Bd6 Qc1 Nbd7 Nc3
8	d4 Nf6 c4 e6 Nf3 d5 g3 Be7 Bg2 O-O O-O dxc4 Qc2 a6 a4 Bd7 Qxc4 Bc6 Bf4 Bd6 Qc1 a5
9	d4 Nf6 c4 e6 Nf3 d5 g3 Be7 Bg2 O-O O-O dxc4 Qc2 a6 a4 Bd7 Qxc4 Bc6 Bf4 a5 Nc3 Na6
10	d4 Nf6 c4 e6 Nf3 d5 g3 Be7 Bg2 O-O O-O dxc4 Qc2 a6 a4 Bd7 Qxc4 Bc6 Bg5 Bd5 Qc2 Be4 Qc1 h6 Bxf6 Bxf6 Rd1 a5 Nbd2
12	d4 Nf6 c4 e6 Nf3 d5 g3 Be7 Bg2 O-O O-O dxc4 Qc2 a6 a4 Bd7 Qxc4 Bc6 Bg5 Nbd7 Nc3 h6 Bxf6 Nxf6 Rfd1
8	d4 Nf6 c4 e6 Nf3 d5 g3 Be7 Bg2 O-O O-O dxc4 Qc2 a6 a4 Bd7 Qxc4 Bc6 Bg5 Nbd7 Nc3 h6 Bxf6 Nxf6 b4 Bd5 Nxd5 exd5 Qb3 c6
9	d4 Nf6 c4 e6 Nf3 d5 g3 Be7 Bg2 O-O O-O dxc4 Qc2 a6 a4 Bd7 Qxc4 Bc6 Bg5 h6
9	d4 Nf6 c4 e6 Nf3 d5 g3 Be7 Bg2 O-O O-O dxc4 Qc2 a6 a4 Bd7 Rd1 Bc6
14	d4 Nf6 c4 e6 Nf3 d5 g3 Be7 Bg2 O-O O-O dxc4 Qc2 a6 a4 c5 dxc5 Bxc5
14	d4 Nf6 c4 e6 Nf3 d5 g3 Be7 Bg2 O-O O-O dxc4 Qc2 b5 a4 Bb7 axb5 a6 Nc3 axb5 Rxa8 Bxa8 Nxb5 Bd5
8	d4 Nf6 c4 e6 Nf3 d5 g3 Be7 Bg2 O-O O-O dxc4 Qc2 b5 a4 Bb7 axb5 a6 bxa6 Nxa6 Qxc4 Bd5 Qc3 c5 Be3 Ne4
12	d4 Nf6 c4 e6 Nf3 d5 g3 Be7 Bg2 O-O O-O dxc4 Qc2 b5 a4 b4 Nfd2 Nd5 Nxc4 c5 dxc5 Ba6
9	d4 Nf6 c4 e6 Nf3 d5 g3 Be7 Bg2 O-O O-O dxc4 Qc2 b6 Bg5 Nd5 Bxe7 Qxe7
8	d4 Nf6 c4 e6 Nf3 d5 g3 Be7 Bg2 O-O Qc2 c5 dxc5 Qa5+ Nc3 dxc4 O-O
8	d4 Nf6 c4 e6 Nf3 d5 g3 c5
13	d4 Nf6 c4 e6 Nf3 d5 g3 dxc4 Bg2 Bb4+ Bd2 a5 O-O O-O
9	d4 Nf6 c4 e6 Nf3 d5 g3 dxc4 Bg2 Bb4+ Bd2 a5 Qc2 Bxd2+ Qxd2 c6 a4 b5
13	d4 Nf6 c4 e6 Nf3 d5 g3 dxc4 Bg2 Bb4+ Bd2 c5
10	d4 Nf6 c4 e6 Nf3 d5 g3 dxc4 Bg2 Bd7 Ne5 Bc6 Nxc6 Nxc6
8	d4 Nf6 c4 e6 Nf3 d5 g3 dxc4 Bg2 Nbd7 O-O c6
15	d4 Nf6 c4 e6 Nf3 d5 g3 dxc4 Bg2 Nc6 O-O Rb8
12	d4 Nf6 c4 e6 Nf3 d5 g3 dxc4 Bg2 Nc6 Qa4 Bb4+ Bd2 Nd5 Bxb4 Nxb4 O-O Rb8
9	d4 Nf6 c4 e6 Nf3 d5 g3 dxc4 Bg2 a6 Ne5 Bb4+ Nc3 Nd5 O-O O-O
10	d4 Nf6 c4 e6 Nf3 d5 g3 dxc4 Bg2 a6 O-O Nc6 Bg5 Be7 e3
10	d4 Nf6 c4 e6 Nf3 d5 g3 dxc4 Bg2 a6 O-O Nc6 e3 Bd7 Qe2
13	d4 Nf6 c4 e6 Nf3 d5 g3 dxc4 Bg2 a6 O-O Nc6 e3 Rb8
8	d4 Nf6 c4 e6 Nf3 d5 g3 dxc4 Bg2 c5 O-O Nc6 Na3 cxd4 Nxc4 Bc5
13	d4 Nf6 c4 e6 Nf3 d5 g3 dxc4 Bg2 c5 O-O Nc6 Ne5 Bd7 Na3 cxd4 Naxc4
8	d4 Nf6 c4 e6 Nf3 d5 g3 dxc4 Bg2 c5 O-O Nc6 Ne5 Bd7 Nxc4 cxd4 Bf4
10	d4 Nf6 c4 e6 Nf3 d5 g3 dxc4 Bg2 c5 O-O Nc6 Qa4 Bd7 Qxc4 b5 Qc3 b4 Qd3 Rc8
9	d4 Nf6 c4 e6 Nf3 d5 g3 dxc4 Bg2 c5 O-O Nc6 Qa4 Bd7 Qxc4 b5 Qd3 c4 Qd1 Rc8
13	d4 Nf6 c4 e6 Nf3 d5 g3 dxc4 Bg2 c5 O-O Nc6 Qa4 Bd7 Qxc4 cxd4 Nxd4 Rc8 Nc3 Nxd4 Qxd4 Bc5 Qh4
9	d4 Nf6 c4 e6 Nf3 d5 g3 dxc4 Bg2 c5 O-O Nc6 Qa4 Bd7 dxc5
13	d4 Nf6 c4 e6 Nf3 d5 g3 dxc4 Bg2 c5 O-O Nc6 dxc5 Qxd1 Rxd1 Bxc5 Nbd2 c3 bxc3 O-O Nb3 Be7 Nfd4
9	d4 Nf6 c4 e6 Nf3 d5 g3 dxc4 Bg2 c5 O-O Nc6 dxc5 Qxd1 Rxd1 Bxc5 Nbd2 c3 bxc3 O-O Nb3 Be7 c4 Bd7 Bb2 Rfd8 Nfd4 Rac8 Nb5 b6 Nd6
9	d4 Nf6 c4 e6 Nf3 d5 g3 dxc4 Bg2 c6 a4
11	d4 Nf6 c4 e6 Nf3 h6 Nc3 Bb4
9	d4 Nf6 c4 e6 a3 d5
9	d4 Nf6 c4 e6 g3 Bb4+ Bd2 Be7 Bg2 d5 Nf3 O-O O-O Nbd7 Qc2 c6 Bf4
8	d4 Nf6 c4 e6 g3 Bb4+ Bd2 Be7 Bg2 d5 Nf3 O-O O-O c6 Bf4
8	d4 Nf6 c4 e6 g3 Bb4+ Bd2 Be7 Bg2 d5 Nf3 O-O O-O c6 Qc2 Nbd7 Bf4
8	d4 Nf6 c4 e6 g3 Bb4+ Bd2 Be7 Bg2 d5 Nf3 O-O O-O c6 Qc2 Nbd7 Rd1
12	d4 Nf6 c4 e6 g3 Bb4+ Bd2 Be7 Bg2 d5 Nf3 O-O O-O c6 Qc2 b6 Rd1
8	d4 Nf6 c4 e6 g3 Bb4+ Bd2 Be7 Bg2 d5 Nf3 c6 O-O
8	d4 Nf6 c4 e6 g3 Bb4+ Bd2 Be7 Bg2 d5 Nf3 c6 Qc2 O-O O-O Nbd7 Rd1 b6
8	d4 Nf6 c4 e6 g3 Bb4+ Bd2 Bxd2+ Nxd2
8	d4 Nf6 c4 e6 g3 Bb4+ Bd2 Bxd2+ Qxd2 d5 Bg2 c6 Nf3 Nbd7 O-O
12	d4 Nf6 c4 e6 g3 Bb4+ Bd2 Qe7 Bg2
8	d4 Nf6 c4 e6 g3 Bb4+ Bd2 Qe7 Nf3
8	d4 Nf6 c4 e6 g3 Bb4+ Bd2 a5 Bg2 O-O Nf3 b6
9	d4 Nf6 c4 e6 g3 Bb4+ Bd2 a5 Bg2 d5
8	d4 Nf6 c4 e6 g3 Bb4+ Bd2 c5 Bxb4 cxb4 Bg2 O-O Nf3 d6
9	d4 Nf6 c4 e6 g3 Bb4+ Nd2 c5 a3 Bxd2+ Qxd2 cxd4 Nf3 b6
10	d4 Nf6 c4 e6 g3 Bb4+ Nd2 c5 a3 Bxd2+ Qxd2 cxd4 Nf3 d5
10	d4 Nf6 c4 e6 g3 Bb4+ Nd2 c5 dxc5
14	d4 Nf6 c4 e6 g3 Bb4+ Nd2 d5 Bg2 O-O Nf3
12	d4 Nf6 c4 e6 g3 c5 Nf3 cxd4 Nxd4 Bb4+ Bd2
8	d4 Nf6 c4 e6 g3 c5 Nf3 cxd4 Nxd4 Qc7 Nc3 a6 Bg2 Qxc4 O-O Nc6 Nb3 d5 Bf4
9	d4 Nf6 c4 e6 g3 c5 Nf3 cxd4 Nxd4 d5 Bg2 e5 Nf3 d4 O-O Nc6 e3 Be7 exd4 exd4 Bf4
10	d4 Nf6 c4 e6 g3 c5 d5 exd5 cxd5 b5 Bg2 d6
8	d4 Nf6 c4 e6 g3 c5 d5 exd5 cxd5 d6 Bg2 g6
14	d4 Nf6 c4 e6 g3 c5 d5 exd5 cxd5 d6 Nc3 g6 Bg2 Bg7 Nf3 O-O O-O Nbd7
21	d4 Nf6 c4 e6 g3 c5 d5 exd5 cxd5 d6 Nc3 g6 Bg2 Bg7 Nf3 O-O O-O Re8 Bf4
12	d4 Nf6 c4 e6 g3 c5 d5 exd5 cxd5 d6 Nc3 g6 Bg2 Bg7 Nf3 O-O O-O Re8 Re1
8	d4 Nf6 c4 e6 g3 c5 d5 exd5 cxd5 d6 Nc3 g6 Bg2 Bg7 Nf3 O-O O-O a6 a4 Nbd7 Bf4
10	d4 Nf6 c4 e6 g3 c5 d5 exd5 cxd5 d6 Nc3 g6 Bg2 Bg7 Nf3 O-O O-O a6 a4 Re8
8	d4 Nf6 c4 e6 g3 c5 d5 exd5 cxd5 d6 Nc3 g6 Nf3 Bg7 Bg2 O-O O-O Re8
10	d4 Nf6 c4 e6 g3 d5 Bg2 Bb4+ Bd2 Bd6
9	d4 Nf6 c4 e6 g3 d5 Bg2 Bb4+ Bd2 Be7 Nf3 O-O O-O Nbd7 Qc2 c6
8	d4 Nf6 c4 e6 g3 d5 Bg2 Bb4+ Bd2 Be7 Nf3 O-O O-O c6 Bf4 Nbd7
8	d4 Nf6 c4 e6 g3 d5 Bg2 Bb4+ Bd2 Be7 Nf3 O-O O-O c6 Bf4 b6
8	d4 Nf6 c4 e6 g3 d5 Bg2 Bb4+ Bd2 Be7 Nf3 O-O O-O c6 Qc2 Nbd7 Rd1
9	d4 Nf6 c4 e6 g3 d5 Bg2 Bb4+ Bd2 Be7 Nf3 O-O O-O c6 Qc2 b6
10	d4 Nf6 c4 e6 g3 d5 Bg2 Bb4+ Bd2 Be7 Nf3 c6 Qc2
15	d4 Nf6 c4 e6 g3 d5 Bg2 Bb4+ Nd2 O-O Nf3 b6 O-O Bb7 Ne5
9	d4 Nf6 c4 e6 g3 d5 Bg2 Bb4+ Nd2 O-O Nf3 b6 O-O Bb7 b3 Nbd7 Bb2
17	d4 Nf6 c4 e6 g3 d5 Bg2 Bb4+ Nd2 O-O Nf3 dxc4 Qc2
10	d4 Nf6 c4 e6 g3 d5 Bg2 Be7 Nf3 O-O Nc3 dxc4 Ne5 c5 dxc5 Qxd1+ Nxd1 Bxc5
8	d4 Nf6 c4 e6 g3 d5 Bg2 Be7 Nf3 O-O O-O Nbd7
9	d4 Nf6 c4 e6 g3 d5 Bg2 Be7 Nf3 O-O O-O c6
20	d4 Nf6 c4 e6 g3 d5 Bg2 Be7 Nf3 O-O O-O dxc4 Ne5 Nc6 Bxc6 bxc6 Nxc6 Qe8 Nxe7+ Qxe7
8	d4 Nf6 c4 e6 g3 d5 Bg2 Be7 Nf3 O-O O-O dxc4 Qa4 a6 Qxc4 b5 Qc2 Bb7 Bd2
8	d4 Nf6 c4 e6 g3 d5 Bg2 Be7 Nf3 O-O O-O dxc4 Qc2 a6 Qxc4 b5 Qc2 Bb7 Bd2 Bd6
18	d4 Nf6 c4 e6 g3 d5 Bg2 Be7 Nf3 O-O O-O dxc4 Qc2 a6 Qxc4 b5 Qc2 Bb7 Bd2 Be4 Qc1
8	d4 Nf6 c4 e6 g3 d5 Bg2 Be7 Nf3 O-O O-O dxc4 Qc2 a6 Qxc4 b5 Qc2 Bb7 Bd2 Ra7 Rc1 Be4 Qb3
9	d4 Nf6 c4 e6 g3 d5 Bg2 Be7 Nf3 O-O O-O dxc4 Qc2 a6 a4 Bd7 Qxc4 Bc6 Bf4 Bd6 Qc1 Nbd7
8	d4 Nf6 c4 e6 g3 d5 Bg2 Be7 Nf3 O-O O-O dxc4 Qc2 a6 a4 Bd7 Qxc4 Bc6 Bg5 Bd5 Qc2 Be4 Qc1
8	d4 Nf6 c4 e6 g3 d5 Bg2 Be7 Nf3 O-O O-O dxc4 Qc2 a6 a4 Bd7 Qxc4 Bc6 Bg5 Bd5 Qd3
10	d4 Nf6 c4 e6 g3 d5 Bg2 Be7 Nf3 O-O O-O dxc4 Qc2 a6 a4 Bd7 Qxc4 Bc6 Bg5 Nbd7 Nc3 h6 Bxf6 Nxf6
8	d4 Nf6 c4 e6 g3 d5 Bg2 Be7 Nf3 O-O O-O dxc4 Qc2 a6 a4 Bd7 Qxc4 Bc6 Bg5 h6 Bxf6 Bxf6
8	d4 Nf6 c4 e6 g3 d5 Bg2 Be7 Nf3 O-O O-O dxc4 Qc2 a6 a4 c5 dxc5
13	d4 Nf6 c4 e6 g3 d5 Bg2 Be7 Nf3 O-O Qc2 c5 O-O cxd4 Nxd4
10	d4 Nf6 c4 e6 g3 d5 Bg2 dxc4 Nf3 Bb4+ Bd2 a5 a3
12	d4 Nf6 c4 e6 g3 d5 Bg2 dxc4 Nf3 Bd7
8	d4 Nf6 c4 e6 g3 d5 Bg2 dxc4 Nf3 Nc6 Qa4 Bb4+ Bd2 Nd5 Bxb4 Nxb4 O-O
11	d4 Nf6 c4 e6 g3 d5 Bg2 dxc4 Nf3 a6 O-O Nc6
11	d4 Nf6 c4 e6 g3 d5 Bg2 dxc4 Nf3 c5 O-O Nc6 Ne5 Bd7
8	d4 Nf6 c4 e6 g3 d5 Bg2 dxc4 Nf3 c5 O-O Nc6 Qa4 Bd7 Qxc4 b5
12	d4 Nf6 c4 e6 g3 d5 Bg2 dxc4 Nf3 c5 O-O Nc6 dxc5 Qxd1 Rxd1 Bxc5 Nbd2 c3 bxc3 O-O Nb3 Be7 Nfd4
11	d4 Nf6 c4 e6 g3 d5 Bg2 dxc4 Qa4+ Nbd7 Qxc4 a6
10	d4 Nf6 c4 e6 g3 d5 Bg2 dxc4 Qa4+ Nbd7 Qxc4 c5 Nf3 a6
10	d4 Nf6 c4 e6 g3 d5 Nf3 Bb4+ Bd2 Bd6 Bg2
9	d4 Nf6 c4 e6 g3 d5 Nf3 Bb4+ Bd2 Be7 Bg2 O-O O-O Nbd7 Qc2 c6
12	d4 Nf6 c4 e6 g3 d5 Nf3 Bb4+ Bd2 Be7 Bg2 O-O O-O c6 Bf4
11	d4 Nf6 c4 e6 g3 d5 Nf3 Bb4+ Bd2 Be7 Bg2 O-O O-O c6 Qc2 Nbd7
10	d4 Nf6 c4 e6 g3 d5 Nf3 Bb4+ Bd2 Be7 Bg2 O-O O-O c6 Qc2 b6
9	d4 Nf6 c4 e6 g3 d5 Nf3 Bb4+ Bd2 Be7 Bg2 c6 O-O Nbd7
11	d4 Nf6 c4 e6 g3 d5 Nf3 Bb4+ Bd2 Be7 Bg2 c6 Qc2
9	d4 Nf6 c4 e6 g3 d5 Nf3 Be7 Bg2 O-O O-O dxc4 Ne5 Nc6
9	d4 Nf6 c4 e6 g3 d5 Nf3 Be7 Bg2 O-O O-O dxc4 Qa4 a6 Qxc4 b5 Qc2 Bb7 Bd2
11	d4 Nf6 c4 e6 g3 d5 Nf3 Be7 Bg2 O-O O-O dxc4 Qc2 a6 Qxc4 b5 Qc2 Bb7 Bd2 Bd6
10	d4 Nf6 c4 e6 g3 d5 Nf3 Be7 Bg2 O-O O-O dxc4 Qc2 a6 Qxc4 b5 Qc2 Bb7 Bd2 Be4 Qc1 Bb7
10	d4 Nf6 c4 e6 g3 d5 Nf3 Be7 Bg2 O-O O-O dxc4 Qc2 a6 Qxc4 b5 Qc2 Bb7 Bd2 Ra7
9	d4 Nf6 c4 e6 g3 d5 Nf3 Be7 Bg2 O-O O-O dxc4 Qc2 a6 a4 Bd7 Qxc4 Bc6 Bf4
8	d4 Nf6 c4 e6 g3 d5 Nf3 Be7 Bg2 O-O O-O dxc4 Qc2 a6 a4 Bd7 Qxc4 Bc6 Bg5 Bd5 Qd3
8	d4 Nf6 c4 e6 g3 d5 Nf3 Be7 Bg2 O-O Qc2
9	d4 Nf6 c4 e6 g3 d5 Nf3 dxc4 Bg2 Bb4+ Bd2 a5
9	d4 Nf6 c4 e6 g3 d5 Nf3 dxc4 Bg2 Nc6 Qa4 Bb4+ Bd2 Nd5 Bxb4 Nxb4
8	d4 Nf6 c4 e6 g3 d5 Nf3 dxc4 Bg2 a6 O-O Nc6 e3 Bd7
10	d4 Nf6 c4 e6 g3 d5 Nf3 dxc4 Bg2 c5 O-O Nc6
10	d4 Nf6 c4 g6 Bg5 Bg7 Nc3 d5
9	d4 Nf6 c4 g6 Nc3 Bg7 Bg5
10	d4 Nf6 c4 g6 Nc3 Bg7 Nf3 O-O Bg5 d6
8	d4 Nf6 c4 g6 Nc3 Bg7 Nf3 O-O Bg5 h6
10	d4 Nf6 c4 g6 Nc3 Bg7 Nf3 O-O e4 d6 Be2 e5
8	d4 Nf6 c4 g6 Nc3 Bg7 Nf3 O-O g3 d6 Bg2 Nc6 O-O
8	d4 Nf6 c4 g6 Nc3 Bg7 Nf3 d6 Bg5
10	d4 Nf6 c4 g6 Nc3 Bg7 Nf3 d6 g3 O-O Bg2
11	d4 Nf6 c4 g6 Nc3 Bg7 e4 O-O Bd3
14	d4 Nf6 c4 g6 Nc3 Bg7 e4 O-O Be2 d6 Be3
8	d4 Nf6 c4 g6 Nc3 Bg7 e4 O-O Be2 d6 Nf3 e5
11	d4 Nf6 c4 g6 Nc3 Bg7 e4 O-O Be3 d6 h3
11	d4 Nf6 c4 g6 Nc3 Bg7 e4 O-O Bg5 d6 Qd2
22	d4 Nf6 c4 g6 Nc3 Bg7 e4 O-O Nf3 d6 Be2 e5 O-O
9	d4 Nf6 c4 g6 Nc3 Bg7 e4 O-O f3
8	d4 Nf6 c4 g6 Nc3 Bg7 e4 d6 Bd3 Nc6 Nge2
8	d4 Nf6 c4 g6 Nc3 Bg7 e4 d6 Bd3 O-O Nge2 Nc6 O-O Nd7 Be3 e5 d5 Nd4
8	d4 Nf6 c4 g6 Nc3 Bg7 e4 d6 Bd3 O-O Nge2 Nc6 O-O e5 d5 Nd4 Nxd4 exd4 Ne2
8	d4 Nf6 c4 g6 Nc3 Bg7 e4 d6 Bd3 O-O Nge2 c5 d5 e6 Bg5 h6
8	d4 Nf6 c4 g6 Nc3 Bg7 e4 d6 Bd3 O-O Nge2 c5 d5 e6 O-O
13	d4 Nf6 c4 g6 Nc3 Bg7 e4 d6 Be2 O-O Be3 Na6 Nf3 e5
9	d4 Nf6 c4 g6 Nc3 Bg7 e4 d6 Be2 O-O Be3 Na6 h3
10	d4 Nf6 c4 g6 Nc3 Bg7 e4 d6 Be2 O-O Be3 Na6 h4
9	d4 Nf6 c4 g6 Nc3 Bg7 e4 d6 Be2 O-O Be3 Nc6 d5 Ne5 f4 Neg4 Bd2 Nh6
8	d4 Nf6 c4 g6 Nc3 Bg7 e4 d6 Be2 O-O Be3 a5
9	d4 Nf6 c4 g6 Nc3 Bg7 e4 d6 Be2 O-O Be3 c5 d5 e6 Nf3 exd5 cxd5
9	d4 Nf6 c4 g6 Nc3 Bg7 e4 d6 Be2 O-O Be3 c6
8	d4 Nf6 c4 g6 Nc3 Bg7 e4 d6 Be2 O-O Be3 e5 d5 Na6 g4 Nc5
9	d4 Nf6 c4 g6 Nc3 Bg7 e4 d6 Be2 O-O Bg5 Na6 Nf3 h6
12	d4 Nf6 c4 g6 Nc3 Bg7 e4 d6 Be2 O-O Bg5 Na6 Qd2 e5 d5
10	d4 Nf6 c4 g6 Nc3 Bg7 e4 d6 Be2 O-O Bg5 Na6 f4 c6
10	d4 Nf6 c4 g6 Nc3 Bg7 e4 d6 Be2 O-O Bg5 c5 d5 e6
9	d4 Nf6 c4 g6 Nc3 Bg7 e4 d6 Be2 O-O Bg5 c5 d5 h6 Be3 e6
10	d4 Nf6 c4 g6 Nc3 Bg7 e4 d6 Be2 O-O Bg5 h6 Be3 Nbd7
9	d4 Nf6 c4 g6 Nc3 Bg7 e4 d6 Be2 O-O Nf3 Na6
8	d4 Nf6 c4 g6 Nc3 Bg7 e4 d6 Be2 O-O Nf3 c5
8	d4 Nf6 c4 g6 Nc3 Bg7 e4 d6 Be2 O-O Nf3 e5 Be3 exd4 Nxd4 Re8 f3 c6
10	d4 Nf6 c4 g6 Nc3 Bg7 e4 d6 Be2 O-O Nf3 e5 O-O Na6 Re1
8	d4 Nf6 c4 g6 Nc3 Bg7 e4 d6 Be2 O-O Nf3 e5 O-O Nc6 d5 Ne7 Nd2 a5
10	d4 Nf6 c4 g6 Nc3 Bg7 e4 d6 Be2 O-O Nf3 e5 O-O Nc6 d5 Ne7 Ne1 Nd7 Be3 f5 f3 f4 Bf2 g5
8	d4 Nf6 c4 g6 Nc3 Bg7 e4 d6 Be2 O-O Nf3 e5 O-O Nc6 d5 Ne7 Ne1 Ne8
9	d4 Nf6 c4 g6 Nc3 Bg7 e4 d6 Be2 O-O Nf3 e5 O-O Nc6 d5 Ne7 b4 Nh5 Re1 f5 Ng5 Nf6
11	d4 Nf6 c4 g6 Nc3 Bg7 e4 d6 Be2 O-O Nf3 e5 O-O exd4 Nxd4 Re8 f3
10	d4 Nf6 c4 g6 Nc3 Bg7 e4 d6 Be2 O-O Nf3 e5 d5 a5
10	d4 Nf6 c4 g6 Nc3 Bg7 e4 d6 Be2 O-O h4
11	d4 Nf6 c4 g6 Nc3 Bg7 e4 d6 Be2 e5
13	d4 Nf6 c4 g6 Nc3 Bg7 e4 d6 Bg5
9	d4 Nf6 c4 g6 Nc3 Bg7 e4 d6 Nf3 O-O Be2 Bg4 Be3 Nfd7
15	d4 Nf6 c4 g6 Nc3 Bg7 e4 d6 Nf3 O-O Be2 Na6 O-O e5 Be3
16	d4 Nf6 c4 g6 Nc3 Bg7 e4 d6 Nf3 O-O Be2 Na6 O-O e5 Re1
9	d4 Nf6 c4 g6 Nc3 Bg7 e4 d6 Nf3 O-O Be2 Nbd7 O-O e5
9	d4 Nf6 c4 g6 Nc3 Bg7 e4 d6 Nf3 O-O Be2 c5 O-O Re8
9	d4 Nf6 c4 g6 Nc3 Bg7 e4 d6 Nf3 O-O Be2 c5 O-O cxd4 Nxd4 Nc6 Be3
11	d4 Nf6 c4 g6 Nc3 Bg7 e4 d6 Nf3 O-O Be2 c5 d5
12	d4 Nf6 c4 g6 Nc3 Bg7 e4 d6 Nf3 O-O Be2 e5 Be3 Na6 O-O
10	d4 Nf6 c4 g6 Nc3 Bg7 e4 d6 Nf3 O-O Be2 e5 Be3 Ng4 Bg5 f6 Bh4 Nc6 d5 Ne7 Nd2 Nh6
8	d4 Nf6 c4 g6 Nc3 Bg7 e4 d6 Nf3 O-O Be2 e5 Be3 Ng4 Bg5 f6 Bh4 g5 Bg3 Nh6 d5 Nd7 Nd2 f5 exf5 Nf6
10	d4 Nf6 c4 g6 Nc3 Bg7 e4 d6 Nf3 O-O Be2 e5 Be3 c6 d5
8	d4 Nf6 c4 g6 Nc3 Bg7 e4 d6 Nf3 O-O Be2 e5 Be3 exd4 Nxd4 Re8 f3 c6 Bf2 d5 exd5 cxd5 O-O Nc6
8	d4 Nf6 c4 g6 Nc3 Bg7 e4 d6 Nf3 O-O Be2 e5 O-O Na6 Be3 Ng4 Bg5 Qe8 dxe5 dxe5 h3
12	d4 Nf6 c4 g6 Nc3 Bg7 e4 d6 Nf3 O-O Be2 e5 O-O Na6 Be3 Qe7
8	d4 Nf6 c4 g6 Nc3 Bg7 e4 d6 Nf3 O-O Be2 e5 O-O Na6 Be3 c6
8	d4 Nf6 c4 g6 Nc3 Bg7 e4 d6 Nf3 O-O Be2 e5 O-O Na6 Re1 Qe8 Bf1 Bg4 d5 Nb4
8	d4 Nf6 c4 g6 Nc3 Bg7 e4 d6 Nf3 O-O Be2 e5 O-O Na6 Re1 c6 Bf1
11	d4 Nf6 c4 g6 Nc3 Bg7 e4 d6 Nf3 O-O Be2 e5 O-O Nbd7 Be3
9	d4 Nf6 c4 g6 Nc3 Bg7 e4 d6 Nf3 O-O Be2 e5 O-O Nc6 d5 Ne7 Nd2 a5 Rb1 Nd7 a3 f5 b4 Kh8 f3
18	d4 Nf6 c4 g6 Nc3 Bg7 e4 d6 Nf3 O-O Be2 e5 O-O Nc6 d5 Ne7 Nd2 a5 a3 Bd7 b3
9	d4 Nf6 c4 g6 Nc3 Bg7 e4 d6 Nf3 O-O Be2 e5 O-O Nc6 d5 Ne7 Nd2 a5 a3 Nd7 Rb1 f5 b4 Kh8 f3 Ng8 Qc2
8	d4 Nf6 c4 g6 Nc3 Bg7 e4 d6 Nf3 O-O Be2 e5 O-O Nc6 d5 Ne7 Nd2 c5 Rb1 Ne8 b4 b6
17	d4 Nf6 c4 g6 Nc3 Bg7 e4 d6 Nf3 O-O Be2 e5 O-O Nc6 d5 Ne7 Ne1 Nd7 Be3 f5 f3 f4 Bf2 g5
8	d4 Nf6 c4 g6 Nc3 Bg7 e4 d6 Nf3 O-O Be2 e5 O-O Nc6 d5 Ne7 Ne1 Nd7 Nd3 f5 Bd2 Nf6 f3
8	d4 Nf6 c4 g6 Nc3 Bg7 e4 d6 Nf3 O-O Be2 e5 O-O Nc6 d5 Ne7 Ne1 Nd7 Nd3 f5 f3
11	d4 Nf6 c4 g6 Nc3 Bg7 e4 d6 Nf3 O-O Be2 e5 O-O Nc6 d5 Ne7 Ne1 Nd7 f3 f5
11	d4 Nf6 c4 g6 Nc3 Bg7 e4 d6 Nf3 O-O Be2 e5 O-O Nc6 d5 Ne7 b4 Ne8
11	d4 Nf6 c4 g6 Nc3 Bg7 e4 d6 Nf3 O-O Be2 e5 O-O Nc6 d5 Ne7 b4 Nh5 Re1 a5 bxa5 Rxa5
15	d4 Nf6 c4 g6 Nc3 Bg7 e4 d6 Nf3 O-O Be2 e5 O-O Nc6 d5 Ne7 b4 Nh5 Re1 f5 Ng5 Nf6 Bf3 c6
13	d4 Nf6 c4 g6 Nc3 Bg7 e4 d6 Nf3 O-O Be2 e5 O-O Nc6 d5 Ne7 b4 Nh5 Re1 f5 Ng5 Nf6 f3 Kh8
12	d4 Nf6 c4 g6 Nc3 Bg7 e4 d6 Nf3 O-O Be2 e5 O-O Nc6 d5 Ne7 b4 Nh5 g3 f5 Ng5 Nf6
8	d4 Nf6 c4 g6 Nc3 Bg7 e4 d6 Nf3 O-O Be2 e5 O-O Nc6 d5 Ne7 b4 a5 Ba3 axb4 Bxb4
11	d4 Nf6 c4 g6 Nc3 Bg7 e4 d6 Nf3 O-O Be2 e5 O-O Nc6 d5 Ne7 b4 a5 Ba3 b6 bxa5
12	d4 Nf6 c4 g6 Nc3 Bg7 e4 d6 Nf3 O-O Be2 e5 O-O Nc6 d5 Ne7 b4 a5 bxa5 Rxa5 a4
10	d4 Nf6 c4 g6 Nc3 Bg7 e4 d6 Nf3 O-O Be2 e5 O-O Nc6 dxe5 dxe5 Bg5
9	d4 Nf6 c4 g6 Nc3 Bg7 e4 d6 Nf3 O-O Be2 e5 O-O c6 d5 Na6
8	d4 Nf6 c4 g6 Nc3 Bg7 e4 d6 Nf3 O-O Be2 e5 O-O exd4 Nxd4 Re8 f3 Nc6 Be3 Nh5 Qd2
9	d4 Nf6 c4 g6 Nc3 Bg7 e4 d6 Nf3 O-O Be2 e5 O-O exd4 Nxd4 Re8 f3 c6 Kh1 Nh5 g4 Nf6
8	d4 Nf6 c4 g6 Nc3 Bg7 e4 d6 Nf3 O-O Be2 e5 O-O exd4 Nxd4 Re8 f3 c6 Nc2 Na6 Kh1
8	d4 Nf6 c4 g6 Nc3 Bg7 e4 d6 Nf3 O-O Be2 e5 O-O h6 Re1 Nbd7 Bf1 Re8 Rb1
8	d4 Nf6 c4 g6 Nc3 Bg7 e4 d6 Nf3 O-O Be2 e5 d5 a5 Bg5 h6 Bh4 Na6 Nd2
8	d4 Nf6 c4 g6 Nc3 Bg7 e4 d6 Nf3 O-O Be2 e5 dxe5 dxe5 Qxd8 Rxd8 Bg5 Re8 Nd5 Nxd5 cxd5 c6 Bc4
8	d4 Nf6 c4 g6 Nc3 Bg7 e4 d6 Nf3 O-O Be3
8	d4 Nf6 c4 g6 Nc3 Bg7 e4 d6 Nf3 O-O h3 Na6
8	d4 Nf6 c4 g6 Nc3 Bg7 e4 d6 Nf3 O-O h3 e5 d5 Na6
10	d4 Nf6 c4 g6 Nc3 Bg7 e4 d6 Nf3 O-O h3 e5 d5 Nh5 g3 f5 exf5 gxf5
12	d4 Nf6 c4 g6 Nc3 Bg7 e4 d6 Nf3 O-O h3 e5 d5 a5 Bg5 Na6
10	d4 Nf6 c4 g6 Nc3 Bg7 e4 d6 Nf3 O-O h3 e5 d5 a5 g4 Na6 Be3
20	d4 Nf6 c4 g6 Nc3 Bg7 e4 d6 Nge2 O-O Ng3
13	d4 Nf6 c4 g6 Nc3 Bg7 e4 d6 f3 O-O Be3 Nbd7
8	d4 Nf6 c4 g6 Nc3 Bg7 e4 d6 f3 O-O Be3 Nc6 Nge2 a6 Qd2 Rb8 Rc1 Bd7
10	d4 Nf6 c4 g6 Nc3 Bg7 e4 d6 f3 O-O Be3 a6 Qd2
9	d4 Nf6 c4 g6 Nc3 Bg7 e4 d6 f3 O-O Be3 c5 Nge2 Nc6 d5 Ne5 Ng3 e6 Be2 exd5 cxd5 a6 a4
11	d4 Nf6 c4 g6 Nc3 Bg7 e4 d6 f3 O-O Be3 c5 Nge2 Nc6 d5 Ne5 Ng3 h5 Be2
13	d4 Nf6 c4 g6 Nc3 Bg7 e4 d6 f3 O-O Be3 c5 dxc5 dxc5 Qxd8 Rxd8 Bxc5 Nc6 Nge2
8	d4 Nf6 c4 g6 Nc3 Bg7 e4 d6 f3 O-O Be3 e5 Nge2 c6 Qd2 Nbd7 O-O-O a6 Kb1 b5
8	d4 Nf6 c4 g6 Nc3 Bg7 e4 d6 f3 O-O Be3 e5 d5 c6 Bd3 cxd5 cxd5
13	d4 Nf6 c4 g6 Nc3 Bg7 e4 d6 f3 O-O Bg5 a6 Qd2
9	d4 Nf6 c4 g6 Nc3 Bg7 e4 d6 f3 O-O Bg5 c5 d5 e6 Qd2 exd5 cxd5
8	d4 Nf6 c4 g6 Nc3 Bg7 e4 d6 f3 O-O Nge2 Nc6 Be3 a6
11	d4 Nf6 c4 g6 Nc3 Bg7 e4 d6 f3 O-O Nge2 a6 Be3 Nc6 Qd2
8	d4 Nf6 c4 g6 Nc3 Bg7 e4 d6 f3 O-O Nge2 c5 Be3 Nc6
9	d4 Nf6 c4 g6 Nc3 Bg7 e4 d6 f3 O-O Nge2 c5 d5 e6 Ng3 exd5 cxd5 a6 a4 h5
9	d4 Nf6 c4 g6 Nc3 Bg7 e4 d6 f3 O-O Nge2 c5 d5 e6 Ng3 exd5 cxd5 h5
9	d4 Nf6 c4 g6 Nc3 Bg7 e4 d6 f4 O-O Nf3 c5
9	d4 Nf6 c4 g6 Nc3 Bg7 e4 d6 f4 c5 d5
8	d4 Nf6 c4 g6 Nc3 Bg7 e4 d6 h3 Nbd7 Be3 e5 d5 h5
8	d4 Nf6 c4 g6 Nc3 Bg7 e4 d6 h3 O-O Be3 Na6 Nf3
9	d4 Nf6 c4 g6 Nc3 Bg7 e4 d6 h3 O-O Be3 Nbd7
8	d4 Nf6 c4 g6 Nc3 Bg7 e4 d6 h3 O-O Be3 Nc6 d5 Ne5 f4 Ned7
8	d4 Nf6 c4 g6 Nc3 Bg7 e4 d6 h3 O-O Be3 c5 Nf3 cxd4 Nxd4 Nc6 Be2
8	d4 Nf6 c4 g6 Nc3 Bg7 e4 d6 h3 O-O Be3 c5 Nf3 cxd4 Nxd4 b6
8	d4 Nf6 c4 g6 Nc3 Bg7 e4 d6 h3 O-O Be3 c5 d5
8	d4 Nf6 c4 g6 Nc3 Bg7 e4 d6 h3 O-O Be3 e5 d5 Na6 g4 Nc5 f3
11	d4 Nf6 c4 g6 Nc3 Bg7 e4 d6 h3 O-O Be3 e5 d5 a5
8	d4 Nf6 c4 g6 Nc3 Bg7 e4 d6 h3 O-O Bg5 Nbd7
8	d4 Nf6 c4 g6 Nc3 Bg7 e4 d6 h3 O-O Bg5 c5 d5 e6 Bd3
8	d4 Nf6 c4 g6 Nc3 Bg7 e4 d6 h3 O-O Nf3 e5 d5 Nh5
8	d4 Nf6 c4 g6 Nc3 Bg7 e4 d6 h3 e5 d5 a5 Be3 Na6
8	d4 Nf6 c4 g6 Nc3 Bg7 g3 O-O Bg2 d6 Nf3 Nbd7 O-O
16	d4 Nf6 c4 g6 Nc3 Bg7 g3 O-O Bg2 d6 Nf3 Nc6 O-O
10	d4 Nf6 c4 g6 Nc3 Bg7 g3 d5 cxd5 Nxd5 Bg2 Nxc3 bxc3 c5
9	d4 Nf6 c4 g6 Nc3 d5 Bf4 Bg7 Nf3 O-O Rc1
10	d4 Nf6 c4 g6 Nc3 d5 Bf4 Bg7 Rc1
8	d4 Nf6 c4 g6 Nc3 d5 Bf4 Bg7 e3 O-O Rc1 Be6 Qb3
13	d4 Nf6 c4 g6 Nc3 d5 Bf4 Bg7 e3 O-O Rc1 Be6 c5 c6
8	d4 Nf6 c4 g6 Nc3 d5 Bf4 Bg7 e3 O-O Rc1 Be6 cxd5 Nxd5 Nxd5 Qxd5 b3
8	d4 Nf6 c4 g6 Nc3 d5 Bf4 Bg7 e3 O-O Rc1 c5 dxc5
8	d4 Nf6 c4 g6 Nc3 d5 Bf4 Bg7 e3 O-O cxd5 Nxd5 Nxd5 Qxd5 Bxc7 Na6 Bxa6 Qxg2 Qf3 Qxf3 Nxf3 bxa6 Rc1 f6 Rg1 Rf7 b3
13	d4 Nf6 c4 g6 Nc3 d5 Bf4 Bg7 e3 c5 dxc5 Qa5 Qa4+ Qxa4 Nxa4
8	d4 Nf6 c4 g6 Nc3 d5 Bf4 Bg7 e3 c5 dxc5 Qa5 Rc1 Ne4 cxd5 Nxc3 Qd2 Qxa2 bxc3
8	d4 Nf6 c4 g6 Nc3 d5 Bf4 Bg7 e3 c5 dxc5 Qa5 Rc1 dxc4 Bxc4 O-O Ne2 Qxc5 Qb3 Nc6 Nb5 Qh5 Ng3 Qh4 Nc7
12	d4 Nf6 c4 g6 Nc3 d5 Bf4 Bg7 e3 c5 dxc5 Qa5 Rc1 dxc4 Bxc4 O-O Nf3 Qxc5 Bb3 Nc6 O-O Qa5 h3 Bf5 Qe2 Ne4
10	d4 Nf6 c4 g6 Nc3 d5 Bg5 Bg7 Bxf6 Bxf6 cxd5 c5 Nf3 cxd4 Nxd4 Qb6 Nb3
8	d4 Nf6 c4 g6 Nc3 d5 Bg5 Bg7 Bxf6 Bxf6 cxd5 c5 dxc5 Nd7 e3 O-O Bc4 Nxc5 Nge2
12	d4 Nf6 c4 g6 Nc3 d5 Bg5 Bg7 Bxf6 Bxf6 cxd5 c6 Rc1 O-O dxc6
12	d4 Nf6 c4 g6 Nc3 d5 Bg5 Bg7 Bxf6 Bxf6 cxd5 c6 e4
8	d4 Nf6 c4 g6 Nc3 d5 Bg5 Bg7 Nf3 Ne4 Bf4
9	d4 Nf6 c4 g6 Nc3 d5 Bg5 Ne4 Bf4 Nxc3 bxc3 Bg7 e3
8	d4 Nf6 c4 g6 Nc3 d5 Bg5 Ne4 Bh4 Nxc3 bxc3 Bg7 e3 c5
9	d4 Nf6 c4 g6 Nc3 d5 Bg5 Ne4 Bh4 Nxc3 bxc3 dxc4 e3 Be6 Be2 Bg7 Nf3
8	d4 Nf6 c4 g6 Nc3 d5 Bg5 Ne4 Bh4 Nxc3 bxc3 dxc4 e3 Be6 Nf3 Bg7 Be2 O-O O-O
12	d4 Nf6 c4 g6 Nc3 d5 Bg5 Ne4 Bh4 Nxc3 bxc3 dxc4 e3 Be6 Nf3 Bg7 Qb1
8	d4 Nf6 c4 g6 Nc3 d5 Bg5 Ne4 Bh4 Nxc3 bxc3 dxc4 e3 Be6 Nf3 Nd7
10	d4 Nf6 c4 g6 Nc3 d5 Bg5 Ne4 Bh4 Nxc3 bxc3 dxc4 e3 Be6 Qb1
9	d4 Nf6 c4 g6 Nc3 d5 Bg5 Ne4 Bh4 Nxc3 bxc3 dxc4 e3 Be6 Rb1
13	d4 Nf6 c4 g6 Nc3 d5 Bg5 Ne4 Bh4 c5 cxd5 Nxc3 bxc3 Qxd5 e3
8	d4 Nf6 c4 g6 Nc3 d5 Nf3 Bg7 Bf4 O-O Rc1 Be6 e3 dxc4 Ng5 Bd5 e4 h6 exd5 hxg5 Bxg5 Nxd5 Bxc4 Nb6 Bb3
10	d4 Nf6 c4 g6 Nc3 d5 Nf3 Bg7 Bf4 O-O Rc1 dxc4 e3 Be6 Ng5 Bd5 e4 h6 exd5 hxg5 Bxg5 Nxd5 Bxc4 Nb6 Bb3 Nc6
10	d4 Nf6 c4 g6 Nc3 d5 Nf3 Bg7 Bf4 O-O Rc1 dxc4 e3 c5 Bxc4 cxd4 Nxd4
8	d4 Nf6 c4 g6 Nc3 d5 Nf3 Bg7 Bf4 O-O Rc1 dxc4 e4 Bg4 Bxc4 Nh5
8	d4 Nf6 c4 g6 Nc3 d5 Nf3 Bg7 Bf4 O-O e3 c5 dxc5 Qa5 Rc1
9	d4 Nf6 c4 g6 Nc3 d5 Nf3 Bg7 Bg5 Ne4 Bf4 Nxc3 bxc3 c5 cxd5 Qxd5 e3
13	d4 Nf6 c4 g6 Nc3 d5 Nf3 Bg7 Bg5 Ne4 Bf4 Nxc3 bxc3 c5 e3 O-O cxd5
8	d4 Nf6 c4 g6 Nc3 d5 Nf3 Bg7 Bg5 Ne4 Bf4 Nxc3 bxc3 dxc4 e3
10	d4 Nf6 c4 g6 Nc3 d5 Nf3 Bg7 Bg5 Ne4 cxd5 Nxg5 Nxg5 e6
8	d4 Nf6 c4 g6 Nc3 d5 Nf3 Bg7 Qa4+ Bd7 Qb3 dxc4 Qxc4 O-O Bf4 c6 e4
8	d4 Nf6 c4 g6 Nc3 d5 Nf3 Bg7 Qb3 c6 cxd5
8	d4 Nf6 c4 g6 Nc3 d5 Nf3 Bg7 Qb3 dxc4 Qxc4 Be6 Qa4+ Bd7
8	d4 Nf6 c4 g6 Nc3 d5 Nf3 Bg7 Qb3 dxc4 Qxc4 O-O e4 Be6
11	d4 Nf6 c4 g6 Nc3 d5 Nf3 Bg7 Qb3 dxc4 Qxc4 O-O e4 Bg4 Be3 Nfd7 Qb3
9	d4 Nf6 c4 g6 Nc3 d5 Nf3 Bg7 Qb3 dxc4 Qxc4 O-O e4 Na6 Be2 c5 d5 e6 O-O exd5 exd5 Bf5 Be3 Qb6
9	d4 Nf6 c4 g6 Nc3 d5 Nf3 Bg7 Qb3 dxc4 Qxc4 O-O e4 Na6 Be2 c5 d5 e6 O-O exd5 exd5 Re8
8	d4 Nf6 c4 g6 Nc3 d5 Nf3 Bg7 Qb3 dxc4 Qxc4 O-O e4 Nc6 Be2 Bg4 d5 Na5
12	d4 Nf6 c4 g6 Nc3 d5 Nf3 Bg7 Qb3 dxc4 Qxc4 O-O e4 Nc6 Be2 e5 d5 Nd4 Nxd4 exd4 Qxd4 c6 Qc4 b5 Qxc6 Bd7 Qd6 Re8
8	d4 Nf6 c4 g6 Nc3 d5 Nf3 Bg7 Qb3 dxc4 Qxc4 O-O e4 a6 Be2 b5 Qb3 c5 dxc5 Bb7 O-O Nxe4 Nxe4 Bxe4 Bf4
8	d4 Nf6 c4 g6 Nc3 d5 Nf3 Bg7 Qb3 dxc4 Qxc4 O-O e4 a6 Be2 b5 Qb3 c5 dxc5 Bb7 O-O Nxe4 Nxe4 Bxe4 Bg5
8	d4 Nf6 c4 g6 Nc3 d5 Nf3 Bg7 Qb3 dxc4 Qxc4 O-O e4 a6 Be2 b5 Qb3 c5 dxc5 Be6 Qc2 Nbd7 Be3 Rc8 Rd1 b4 Nd5 Bxd5 exd5 Nxc5 O-O Nce4 Qd3
8	d4 Nf6 c4 g6 Nc3 d5 Nf3 Bg7 Qb3 dxc4 Qxc4 O-O e4 a6 Qb3
9	d4 Nf6 c4 g6 Nc3 d5 Nf3 Bg7 Qb3 dxc4 Qxc4 O-O e4 a6 e5 b5 Qb3 Nfd7 e6 fxe6 Be3 Nf6 a4
15	d4 Nf6 c4 g6 Nc3 d5 Nf3 Bg7 cxd5 Nxd5 Bg5
9	d4 Nf6 c4 g6 Nc3 d5 Nf3 Bg7 cxd5 Nxd5 Qa4+
15	d4 Nf6 c4 g6 Nc3 d5 Nf3 Bg7 cxd5 Nxd5 e4 Nxc3 bxc3 c5 Bb5+ Nc6
12	d4 Nf6 c4 g6 Nc3 d5 Nf3 Bg7 cxd5 Nxd5 e4 Nxc3 bxc3 c5 Be3 Qa5 Qd2 Nc6
8	d4 Nf6 c4 g6 Nc3 d5 Nf3 Bg7 cxd5 Nxd5 e4 Nxc3 bxc3 c5 Be3 Qa5 Qd2 O-O Rc1
8	d4 Nf6 c4 g6 Nc3 d5 Nf3 Bg7 cxd5 Nxd5 e4 Nxc3 bxc3 c5 Rb1 O-O Be2 b6 O-O
11	d4 Nf6 c4 g6 Nc3 d5 Nf3 Bg7 cxd5 Nxd5 e4 Nxc3 bxc3 c5 Rb1 O-O Be2 cxd4 cxd4 Qa5+ Bd2 Qxa2 O-O Bg4
8	d4 Nf6 c4 g6 Nc3 d5 Nf3 Bg7 cxd5 Nxd5 e4 Nxc3 bxc3 c5 h3
15	d4 Nf6 c4 g6 Nc3 d5 Nf3 Bg7 e3 O-O Bd2
10	d4 Nf6 c4 g6 Nc3 d5 Nf3 Bg7 e3 O-O Be2
9	d4 Nf6 c4 g6 Nc3 d5 Nf3 Bg7 e3 O-O b4
8	d4 Nf6 c4 g6 Nc3 d5 Nf3 Bg7 e3 O-O cxd5 Nxd5 Bc4 Nb6 Bb3 c5 O-O cxd4 exd4 Nc6 d5 Na5
8	d4 Nf6 c4 g6 Nc3 d5 Nf3 Bg7 h4 O-O cxd5 Nxd5 h5
10	d4 Nf6 c4 g6 Nc3 d5 Nf3 Bg7 h4 c6 Bg5
8	d4 Nf6 c4 g6 Nc3 d5 Nf3 Bg7 h4 c6 cxd5 cxd5 Bf4 Nc6 e3 O-O Qb3
8	d4 Nf6 c4 g6 Nc3 d5 Nf3 Bg7 h4 dxc4 e4 c5 d5 b5 h5 O-O hxg6 fxg6
8	d4 Nf6 c4 g6 Nc3 d5 Qb3 dxc4 Qxc4 Be6
8	d4 Nf6 c4 g6 Nc3 d5 Qb3 dxc4 Qxc4 Bg7 e4 O-O Be2 Nfd7
19	d4 Nf6 c4 g6 Nc3 d5 cxd5 Nxd5 Bd2 Bg7 e4 Nb6 Be3 O-O Bb5
9	d4 Nf6 c4 g6 Nc3 d5 cxd5 Nxd5 Bd2 Bg7 e4 Nb6 Be3 O-O h3 e5
10	d4 Nf6 c4 g6 Nc3 d5 cxd5 Nxd5 Bd2 Bg7 e4 Nxc3 Bxc3 O-O Qd2 Nc6
8	d4 Nf6 c4 g6 Nc3 d5 cxd5 Nxd5 Bd2 Bg7 e4 Nxc3 Bxc3 O-O Qd2 c5 d5 Bxc3 bxc3
8	d4 Nf6 c4 g6 Nc3 d5 cxd5 Nxd5 Bd2 Bg7 e4 Nxc3 Bxc3 O-O Qd2 c5 d5 e6 Bc4 exd5 Bxd5
8	d4 Nf6 c4 g6 Nc3 d5 cxd5 Nxd5 Bd2 Bg7 e4 Nxc3 Bxc3 c5 d5 Bxc3+ bxc3
8	d4 Nf6 c4 g6 Nc3 d5 cxd5 Nxd5 Bd2 Nb6 Nf3 Bg7
11	d4 Nf6 c4 g6 Nc3 d5 cxd5 Nxd5 Bd2 Nb6 e3 Bg7 f4 O-O Nf3
8	d4 Nf6 c4 g6 Nc3 d5 cxd5 Nxd5 Bd2 c5
20	d4 Nf6 c4 g6 Nc3 d5 cxd5 Nxd5 Na4
8	d4 Nf6 c4 g6 Nc3 d5 cxd5 Nxd5 e4 Nxc3 bxc3 Bg7 Bb5+ c6 Ba4 O-O Ne2 b5 Bb3 a5
9	d4 Nf6 c4 g6 Nc3 d5 cxd5 Nxd5 e4 Nxc3 bxc3 Bg7 Bb5+ c6 Ba4 b5 Bb3 a5
10	d4 Nf6 c4 g6 Nc3 d5 cxd5 Nxd5 e4 Nxc3 bxc3 Bg7 Bc4 O-O Ne2 Nc6 O-O
9	d4 Nf6 c4 g6 Nc3 d5 cxd5 Nxd5 e4 Nxc3 bxc3 Bg7 Bc4 O-O Ne2 c5 O-O Nc6 Be3 Bg4 f3 Na5
9	d4 Nf6 c4 g6 Nc3 d5 cxd5 Nxd5 e4 Nxc3 bxc3 Bg7 Bc4 c5 Ne2 Nc6 Be3 O-O O-O Bd7 Rb1 Qc7 Bd3
10	d4 Nf6 c4 g6 Nc3 d5 cxd5 Nxd5 e4 Nxc3 bxc3 Bg7 Bc4 c5 Ne2 Nc6 Be3 O-O O-O Bg4 f3 Bd7 Rb1 Qc7 Qd2
8	d4 Nf6 c4 g6 Nc3 d5 cxd5 Nxd5 e4 Nxc3 bxc3 Bg7 Bc4 c5 Ne2 Nc6 Be3 O-O O-O Bg4 f3 Na5 Bd3 cxd4 cxd4 Be6 d5 Bxa1 Qxa1 f6
10	d4 Nf6 c4 g6 Nc3 d5 cxd5 Nxd5 e4 Nxc3 bxc3 Bg7 Bc4 c5 Ne2 Nc6 Be3 O-O O-O Bg4 f3 Na5 Bxf7+ Rxf7 fxg4 Rxf1+ Kxf1 Qd6 e5 Qd5
11	d4 Nf6 c4 g6 Nc3 d5 cxd5 Nxd5 e4 Nxc3 bxc3 Bg7 Bc4 c5 Ne2 Nc6 Be3 O-O O-O Na5 Bd3 b6 Qd2 e5 Bh6
8	d4 Nf6 c4 g6 Nc3 d5 cxd5 Nxd5 e4 Nxc3 bxc3 Bg7 Bc4 c5 Ne2 Nc6 Be3 O-O O-O Na5 Bd3 b6 Rc1
9	d4 Nf6 c4 g6 Nc3 d5 cxd5 Nxd5 e4 Nxc3 bxc3 Bg7 Bc4 c5 Ne2 Nc6 Be3 O-O O-O Qc7 Rc1 Rd8 Bf4 Qd7
8	d4 Nf6 c4 g6 Nc3 d5 cxd5 Nxd5 e4 Nxc3 bxc3 Bg7 Bc4 c5 Ne2 Nc6 Be3 O-O O-O b6 Qd2 Bb7
14	d4 Nf6 c4 g6 Nc3 d5 cxd5 Nxd5 e4 Nxc3 bxc3 Bg7 Bc4 c5 Ne2 Nc6 Be3 O-O O-O b6 Rc1 Bb7
8	d4 Nf6 c4 g6 Nc3 d5 cxd5 Nxd5 e4 Nxc3 bxc3 Bg7 Bc4 c5 Ne2 Nc6 Be3 O-O O-O b6 dxc5 Qc7 Nd4 Ne5 Nb5 Qb8
8	d4 Nf6 c4 g6 Nc3 d5 cxd5 Nxd5 e4 Nxc3 bxc3 Bg7 Bc4 c5 Ne2 Nc6 Be3 O-O Rc1
9	d4 Nf6 c4 g6 Nc3 d5 cxd5 Nxd5 e4 Nxc3 bxc3 Bg7 Bc4 c5 Ne2 Nc6 Be3 cxd4 cxd4 Qa5+ Bd2 Qd8
13	d4 Nf6 c4 g6 Nc3 d5 cxd5 Nxd5 e4 Nxc3 bxc3 Bg7 Bc4 c5 Ne2 O-O Be3 Nc6 Rc1
8	d4 Nf6 c4 g6 Nc3 d5 cxd5 Nxd5 e4 Nxc3 bxc3 Bg7 Bc4 c5 Ne2 O-O O-O Nc6 Be3 Bg4 f3 Bd7 Rb1
8	d4 Nf6 c4 g6 Nc3 d5 cxd5 Nxd5 e4 Nxc3 bxc3 Bg7 Bc4 c5 Ne2 O-O O-O Nc6 Be3 Bg4 f3 Na5
8	d4 Nf6 c4 g6 Nc3 d5 cxd5 Nxd5 e4 Nxc3 bxc3 Bg7 Bc4 c5 Ne2 O-O O-O Nc6 Be3 b6 Rc1 Bb7
9	d4 Nf6 c4 g6 Nc3 d5 cxd5 Nxd5 e4 Nxc3 bxc3 Bg7 Be3 c5 Nf3 Qa5 Qd2 Nc6 Rb1
11	d4 Nf6 c4 g6 Nc3 d5 cxd5 Nxd5 e4 Nxc3 bxc3 Bg7 Be3 c5 Nf3 Qa5 Qd2 O-O Rc1
13	d4 Nf6 c4 g6 Nc3 d5 cxd5 Nxd5 e4 Nxc3 bxc3 Bg7 Be3 c5 Qd2 O-O Nf3
16	d4 Nf6 c4 g6 Nc3 d5 cxd5 Nxd5 e4 Nxc3 bxc3 Bg7 Be3 c5 Qd2 Qa5 Nf3
8	d4 Nf6 c4 g6 Nc3 d5 cxd5 Nxd5 e4 Nxc3 bxc3 Bg7 Be3 c5 Qd2 Qa5 Rb1 b6
14	d4 Nf6 c4 g6 Nc3 d5 cxd5 Nxd5 e4 Nxc3 bxc3 Bg7 Be3 c5 Qd2 Qa5 Rc1
13	d4 Nf6 c4 g6 Nc3 d5 cxd5 Nxd5 e4 Nxc3 bxc3 Bg7 Be3 c5 Qd2 cxd4 cxd4 Nc6 Rd1
9	d4 Nf6 c4 g6 Nc3 d5 cxd5 Nxd5 e4 Nxc3 bxc3 Bg7 Be3 c5 Rc1 O-O Nf3 Qa5 Qd2
8	d4 Nf6 c4 g6 Nc3 d5 cxd5 Nxd5 e4 Nxc3 bxc3 Bg7 Be3 c5 Rc1 O-O Qd2 e5
8	d4 Nf6 c4 g6 Nc3 d5 cxd5 Nxd5 e4 Nxc3 bxc3 Bg7 Be3 c5 Rc1 Qa5 Qd2 O-O Nf3 Bg4
8	d4 Nf6 c4 g6 Nc3 d5 cxd5 Nxd5 e4 Nxc3 bxc3 Bg7 Be3 c5 Rc1 Qa5 Qd2 O-O Nf3 Rd8 d5 e6
10	d4 Nf6 c4 g6 Nc3 d5 cxd5 Nxd5 e4 Nxc3 bxc3 Bg7 Be3 c5 Rc1 Qa5 Qd2 cxd4 cxd4 Qxd2+ Bxd2 O-O Nf3 Bg4 Be3
13	d4 Nf6 c4 g6 Nc3 d5 cxd5 Nxd5 e4 Nxc3 bxc3 Bg7 Bg5 c5 Rc1 cxd4 cxd4
10	d4 Nf6 c4 g6 Nc3 d5 cxd5 Nxd5 e4 Nxc3 bxc3 Bg7 Nf3 O-O
8	d4 Nf6 c4 g6 Nc3 d5 cxd5 Nxd5 e4 Nxc3 bxc3 Bg7 Nf3 c5 Bb5+ Bd7
8	d4 Nf6 c4 g6 Nc3 d5 cxd5 Nxd5 e4 Nxc3 bxc3 Bg7 Nf3 c5 Bb5+ Nc6 O-O O-O Be3 Bg4
10	d4 Nf6 c4 g6 Nc3 d5 cxd5 Nxd5 e4 Nxc3 bxc3 Bg7 Nf3 c5 Bb5+ Nc6 O-O O-O Bxc6 bxc6 Qc2 Qa5 a4
10	d4 Nf6 c4 g6 Nc3 d5 cxd5 Nxd5 e4 Nxc3 bxc3 Bg7 Nf3 c5 Bb5+ Nc6 O-O O-O Bxc6 bxc6 Qc2 cxd4 cxd4 Bg4 Ne5 Qxd4 Bb2 Qb6 Rab1 Bxe5 Bxe5 Qa5 Bc3 Qc5 Qb2
9	d4 Nf6 c4 g6 Nc3 d5 cxd5 Nxd5 e4 Nxc3 bxc3 Bg7 Nf3 c5 Bb5+ Nc6 O-O cxd4 cxd4 O-O Be3 Bg4 Bxc6 bxc6 Rc1 Qa5
8	d4 Nf6 c4 g6 Nc3 d5 cxd5 Nxd5 e4 Nxc3 bxc3 Bg7 Nf3 c5 Bb5+ Nc6 d5
10	d4 Nf6 c4 g6 Nc3 d5 cxd5 Nxd5 e4 Nxc3 bxc3 Bg7 Nf3 c5 Be2
11	d4 Nf6 c4 g6 Nc3 d5 cxd5 Nxd5 e4 Nxc3 bxc3 Bg7 Nf3 c5 Be3 Bg4 Rc1
11	d4 Nf6 c4 g6 Nc3 d5 cxd5 Nxd5 e4 Nxc3 bxc3 Bg7 Nf3 c5 Be3 O-O
11	d4 Nf6 c4 g6 Nc3 d5 cxd5 Nxd5 e4 Nxc3 bxc3 Bg7 Nf3 c5 Be3 Qa5 Nd2 O-O
8	d4 Nf6 c4 g6 Nc3 d5 cxd5 Nxd5 e4 Nxc3 bxc3 Bg7 Nf3 c5 Be3 Qa5 Qd2 Nc6 Rb1 a6 Rc1 cxd4 cxd4 Qxd2+ Kxd2 e6 Bd3
9	d4 Nf6 c4 g6 Nc3 d5 cxd5 Nxd5 e4 Nxc3 bxc3 Bg7 Nf3 c5 Be3 Qa5 Qd2 Nc6 Rc1 cxd4 cxd4 Qxd2+ Kxd2 O-O
8	d4 Nf6 c4 g6 Nc3 d5 cxd5 Nxd5 e4 Nxc3 bxc3 Bg7 Nf3 c5 Be3 Qa5 Qd2 O-O Rc1 Rd8 d5 e6 Bg5
8	d4 Nf6 c4 g6 Nc3 d5 cxd5 Nxd5 e4 Nxc3 bxc3 Bg7 Nf3 c5 Rb1 O-O Be2 Nc6 d5 Ne5 Nxe5 Bxe5 Qd2
10	d4 Nf6 c4 g6 Nc3 d5 cxd5 Nxd5 e4 Nxc3 bxc3 Bg7 Nf3 c5 Rb1 O-O Be2 b6 O-O Bb7 Qd3 Ba6
8	d4 Nf6 c4 g6 Nc3 d5 cxd5 Nxd5 e4 Nxc3 bxc3 Bg7 Nf3 c5 Rb1 O-O Be2 b6 O-O Bb7 Qd3 e6 Bg5 Qc7 Qe3 Nd7
8	d4 Nf6 c4 g6 Nc3 d5 cxd5 Nxd5 e4 Nxc3 bxc3 Bg7 Nf3 c5 Rb1 O-O Be2 b6 O-O Bb7 d5 Bxc3
13	d4 Nf6 c4 g6 Nc3 d5 cxd5 Nxd5 e4 Nxc3 bxc3 Bg7 Nf3 c5 Rb1 O-O Be2 cxd4 cxd4 Qa5+ Bd2 Qxa2 O-O Bg4 Be3 Nc6 d5 Na5 Bg5
18	d4 Nf6 c4 g6 Nc3 d5 cxd5 Nxd5 e4 Nxc3 bxc3 Bg7 Nf3 c5 Rb1 O-O Be2 cxd4 cxd4 Qa5+ Bd2 Qxa2 O-O Bg4 Bg5 h6 Be3 Nc6 d5
8	d4 Nf6 c4 g6 Nc3 d5 cxd5 Nxd5 e4 Nxc3 bxc3 Bg7 Nf3 c5 Rb1 O-O Be2 cxd4 cxd4 Qa5+ Bd2 Qxa2 O-O Bg4 Rxb7 Bxf3 Bxf3 Bxd4 e5 Na6 Rxe7 Rad8
8	d4 Nf6 c4 g6 Nc3 d5 cxd5 Nxd5 e4 Nxc3 bxc3 Bg7 Nf3 c5 Rb1 O-O Be2 cxd4 cxd4 Qa5+ Bd2 Qxa2 O-O b6 Qc1
8	d4 Nf6 c4 g6 Nc3 d5 cxd5 Nxd5 e4 Nxc3 bxc3 Bg7 Nf3 c5 h3 O-O Be2 Nc6 Be3
10	d4 Nf6 c4 g6 Nc3 d5 cxd5 Nxd5 e4 Nxc3 bxc3 Bg7 Nf3 c5 h3 O-O Be3
9	d4 Nf6 c4 g6 Nc3 d5 cxd5 Nxd5 e4 Nxc3 bxc3 Bg7 Qa4+ Nd7 Nf3 O-O Be2 Nb6
9	d4 Nf6 c4 g6 Nc3 d5 cxd5 Nxd5 e4 Nxc3 bxc3 Bg7 Qa4+ Nd7 Nf3 O-O Be2 c5 O-O
11	d4 Nf6 c4 g6 Nc3 d5 cxd5 Nxd5 e4 Nxc3 bxc3 Bg7 Qa4+ Nd7 Nf3 O-O Qa3
9	d4 Nf6 c4 g6 Nc3 d5 cxd5 Nxd5 e4 Nxc3 bxc3 Bg7 Qa4+ Nd7 Nf3 c5 Be2 O-O O-O
9	d4 Nf6 c4 g6 Nc3 d5 cxd5 Nxd5 e4 Nxc3 bxc3 Bg7 Qa4+ Qd7 Bb5 c6 Be2 O-O Qa3
10	d4 Nf6 c4 g6 Nc3 d5 cxd5 Nxd5 e4 Nxc3 bxc3 Bg7 Qa4+ Qd7 Qb3 O-O Be3
11	d4 Nf6 c4 g6 Nc3 d5 cxd5 Nxd5 e4 Nxc3 bxc3 c5
8	d4 Nf6 c4 g6 Nc3 d5 cxd5 Nxd5 g3 Bg7 Bg2 Nb6
12	d4 Nf6 c4 g6 Nc3 d5 cxd5 Nxd5 g3 Bg7 Bg2 Nxc3 bxc3 c5 Nf3
9	d4 Nf6 c4 g6 Nc3 d5 e3 Bg7 Qb3 e6 Qa3
9	d4 Nf6 c4 g6 Nc3 d5 e3 Bg7 cxd5 Nxd5 Nxd5 Qxd5 Ne2 O-O Nc3 Qd6 Be2 c6 O-O
10	d4 Nf6 c4 g6 Nc3 d6 e4 Bg7
10	d4 Nf6 c4 g6 Nf3 Bg7 Nc3 O-O e4 d6 Be2
10	d4 Nf6 c4 g6 Nf3 Bg7 Nc3 d5 cxd5 Nxd5 e4 Nxc3 bxc3 c5
11	d4 Nf6 c4 g6 Nf3 Bg7 e3 O-O Be2 b6 O-O Bb7
9	d4 Nf6 c4 g6 Nf3 Bg7 e3 O-O Be2 c5 d5 d6 Nc3 e6 O-O
10	d4 Nf6 c4 g6 Nf3 Bg7 e3 O-O Be2 c5 d5 e6 Nc3 d6
8	d4 Nf6 c4 g6 Nf3 Bg7 e3 O-O Be2 c5 d5 e6 Nc3 exd5 cxd5 d6
9	d4 Nf6 c4 g6 Nf3 Bg7 e3 O-O Be2 c5 dxc5
9	d4 Nf6 c4 g6 Nf3 Bg7 e3 O-O Be2 d6 Nc3 Nbd7
8	d4 Nf6 c4 g6 Nf3 Bg7 e3 O-O Be2 d6 O-O Nbd7
10	d4 Nf6 c4 g6 Nf3 Bg7 g3 O-O Bg2 c5 Nc3
8	d4 Nf6 c4 g6 Nf3 Bg7 g3 O-O Bg2 c5 O-O
9	d4 Nf6 c4 g6 Nf3 Bg7 g3 O-O Bg2 c6 Nc3 d5 cxd5 cxd5 Ne5 e6 O-O Nfd7 f4
8	d4 Nf6 c4 g6 Nf3 Bg7 g3 O-O Bg2 c6 O-O d5 Qb3
12	d4 Nf6 c4 g6 Nf3 Bg7 g3 O-O Bg2 d5 O-O
8	d4 Nf6 c4 g6 Nf3 Bg7 g3 O-O Bg2 d5 cxd5 Nxd5 O-O Nb6 Nc3 Nc6 e3
8	d4 Nf6 c4 g6 Nf3 Bg7 g3 O-O Bg2 d6 Nc3 Nbd7 O-O e5
12	d4 Nf6 c4 g6 Nf3 Bg7 g3 O-O Bg2 d6 Nc3 Nc6 O-O
11	d4 Nf6 c4 g6 Nf3 Bg7 g3 O-O Bg2 d6 O-O Nbd7 Nc3 e5 e4 c6
9	d4 Nf6 c4 g6 Nf3 Bg7 g3 O-O Bg2 d6 O-O Nbd7 Nc3 e5 e4 exd4 Nxd4 Re8
8	d4 Nf6 c4 g6 Nf3 Bg7 g3 O-O Bg2 d6 O-O Nc6 Nc3 Bf5
10	d4 Nf6 c4 g6 Nf3 Bg7 g3 O-O Bg2 d6 O-O Nc6 Nc3 Rb8
8	d4 Nf6 c4 g6 Nf3 Bg7 g3 O-O Bg2 d6 O-O Nc6 Nc3 a6 b3
11	d4 Nf6 c4 g6 Nf3 Bg7 g3 O-O Bg2 d6 O-O c6 Nc3
9	d4 Nf6 c4 g6 Nf3 Bg7 g3 b6 Bg2 Bb7 O-O
9	d4 Nf6 c4 g6 Nf3 Bg7 g3 c5 Bg2 O-O
11	d4 Nf6 c4 g6 Nf3 Bg7 g3 c5 Bg2 Qa5+
13	d4 Nf6 c4 g6 Nf3 Bg7 g3 c5 Bg2 cxd4 Nxd4 O-O
9	d4 Nf6 c4 g6 Nf3 Bg7 g3 c5 d5
8	d4 Nf6 c4 g6 Nf3 Bg7 g3 c6 Bg2 d5 Nbd2 O-O O-O a5
24	d4 Nf6 c4 g6 Nf3 Bg7 g3 c6 Bg2 d5 O-O O-O
11	d4 Nf6 c4 g6 Nf3 Bg7 g3 c6 Bg2 d5 Qb3 O-O O-O Qb6 Nc3 Rd8
9	d4 Nf6 c4 g6 Nf3 Bg7 g3 c6 Bg2 d5 b3
8	d4 Nf6 c4 g6 Nf3 Bg7 g3 c6 Bg2 d5 cxd5 cxd5 Nc3 O-O Ne5 e6 O-O Nfd7 f4
13	d4 Nf6 c4 g6 Nf3 Bg7 g3 c6 Bg2 d5 cxd5 cxd5 Ne5
10	d4 Nf6 c4 g6 Nf3 Bg7 g3 c6 Bg2 d5 cxd5 cxd5 O-O O-O Ne5
10	d4 Nf6 c4 g6 Nf3 Bg7 g3 c6 Nc3 d5 Qb3 O-O Bg2
8	d4 Nf6 c4 g6 Nf3 Bg7 g3 c6 Nc3 d5 cxd5 cxd5 Ne5
10	d4 Nf6 c4 g6 Nf3 Bg7 g3 d5 Bg2 dxc4 Na3
9	d4 Nf6 c4 g6 Nf3 Bg7 g3 d5 cxd5 Nxd5 Bg2 Nb6 Nc3 Nc6 e3 O-O O-O Re8 Re1 a5 Qe2
8	d4 Nf6 c4 g6 Nf3 Bg7 g3 d5 cxd5 Nxd5 Bg2 Nb6 O-O Nc6 e3 O-O Nc3 Re8
9	d4 Nf6 c4 g6 f3 Bg7 e4 d6 Nc3 O-O Be3
8	d4 Nf6 c4 g6 f3 Bg7 e4 d6 Ne2
9	d4 Nf6 c4 g6 f3 Nc6 Nc3 d5
8	d4 Nf6 c4 g6 f3 Nc6 d5 Ne5 e4 d6 Nc3 Bg7 f4 Ned7 Nh3 O-O Be2 Nc5 Nf2
12	d4 Nf6 c4 g6 f3 c5 d5 d6 e4 Bg7
9	d4 Nf6 c4 g6 f3 c5 d5 d6 e4 e6
8	d4 Nf6 c4 g6 f3 c5 d5 e6 e4
9	d4 Nf6 c4 g6 f3 d5 cxd5 Nxd5 e4 Nb6 Nc3 Bg7 Be3 Nc6 d5 Ne5
10	d4 Nf6 c4 g6 f3 d5 cxd5 Nxd5 e4 Nb6 Nc3 Bg7 Be3 O-O Qd2 Nc6 O-O-O Qd6 Kb1 Rd8 Nb5 Qd7 d5 a6 Nc3
8	d4 Nf6 c4 g6 f3 d5 cxd5 Nxd5 e4 Nb6 Nc3 Bg7 Be3 O-O Qd2 Nc6 O-O-O Qd6 Nb5 Qd7 Kb1
9	d4 Nf6 c4 g6 f3 d5 cxd5 Nxd5 e4 Nb6 Nc3 Bg7 Be3 O-O Qd2 Nc6 O-O-O f5 e5
9	d4 Nf6 c4 g6 f3 d5 cxd5 Nxd5 e4 Nb6 Nc3 Bg7 Be3 O-O Qd2 e5 d5 c6 h4 cxd5 exd5 N8d7 h5 Nf6 hxg6 fxg6 O-O-O Bd7 Kb1 Rc8
8	d4 Nf6 c4 g6 f3 d6
9	d4 Nf6 c4 g6 f3 e6 e4 c5 d5 d6 Nc3
9	d4 Nf6 c4 g6 f3 e6 e4 d5
13	d4 Nf6 c4 g6 g3 Bg7 Bg2 O-O Nc3 Nc6 Nf3 d5 cxd5 Nxd5 O-O
12	d4 Nf6 c4 g6 g3 Bg7 Bg2 O-O Nc3 c5
11	d4 Nf6 c4 g6 g3 Bg7 Bg2 O-O Nc3 d6 Nf3 Nbd7 O-O e5 e4 c6
8	d4 Nf6 c4 g6 g3 Bg7 Bg2 O-O Nc3 d6 Nf3 Nbd7 O-O e5 e4 exd4 Nxd4 Re8 h3
10	d4 Nf6 c4 g6 g3 Bg7 Bg2 O-O Nc3 d6 Nf3 Nbd7 O-O e5 h3
10	d4 Nf6 c4 g6 g3 Bg7 Bg2 O-O Nc3 d6 Nf3 Nc6 O-O Bf5
9	d4 Nf6 c4 g6 g3 Bg7 Bg2 O-O Nc3 d6 Nf3 Nc6 O-O Rb8
8	d4 Nf6 c4 g6 g3 Bg7 Bg2 O-O Nc3 d6 Nf3 Nc6 O-O a6 b3
10	d4 Nf6 c4 g6 g3 Bg7 Bg2 O-O Nc3 d6 Nf3 Nc6 O-O a6 d5 Na5
10	d4 Nf6 c4 g6 g3 Bg7 Bg2 O-O Nc3 d6 Nf3 Nc6 O-O e5 d5
8	d4 Nf6 c4 g6 g3 Bg7 Bg2 O-O Nc3 d6 Nf3 Nc6 O-O e5 dxe5 dxe5 Bg5
10	d4 Nf6 c4 g6 g3 Bg7 Bg2 O-O Nc3 d6 Nf3 c5 O-O Nc6
11	d4 Nf6 c4 g6 g3 Bg7 Bg2 O-O Nc3 d6 Nf3 c6 O-O
12	d4 Nf6 c4 g6 g3 Bg7 Bg2 O-O Nf3 d6 O-O Nbd7 Nc3 e5
8	d4 Nf6 c4 g6 g3 Bg7 Bg2 O-O Nf3 d6 O-O Nc6 Nc3
8	d4 Nf6 c4 g6 g3 Bg7 Bg2 c5 Nf3 cxd4 Nxd4
8	d4 Nf6 c4 g6 g3 Bg7 Bg2 c5 d5 O-O Nc3
11	d4 Nf6 c4 g6 g3 Bg7 Bg2 d5 Nf3 O-O O-O
8	d4 Nf6 c4 g6 g3 Bg7 Bg2 d5 cxd5 Nxd5 Nf3 Nb6 Nc3 Nc6 e3 O-O O-O Re8 Re1 a5
8	d4 Nf6 c4 g6 g3 Bg7 Bg2 d5 cxd5 Nxd5 Nf3 Nb6 O-O Nc6
8	d4 Nf6 c4 g6 g3 Bg7 Bg2 d5 cxd5 Nxd5 Nf3 O-O
8	d4 Nf6 c4 g6 g3 Bg7 Bg2 d5 cxd5 Nxd5 e4 Nb4 d5
9	d4 Nf6 c4 g6 g3 Bg7 Bg2 d5 cxd5 Nxd5 e4 Nb6 Ne2 O-O O-O
8	d4 Nf6 c4 g6 g3 Bg7 Bg2 d5 cxd5 Nxd5 e4 Nb6 Ne2 c5 d5 O-O O-O e6 Nec3
12	d4 Nf6 c4 g6 g3 Bg7 Bg2 d5 cxd5 Nxd5 e4 Nb6 Ne2 c5 d5 e6 O-O O-O
10	d4 Nf6 c4 g6 g3 Bg7 Bg2 d6 Nc3 O-O Nf3
10	d4 Nf6 c4 g6 g3 c5 Nf3 Bg7 Bg2 O-O
10	d4 Nf6 c4 g6 g3 c5 Nf3 cxd4 Nxd4
8	d4 Nf6 c4 g6 g3 c5 d5 Bg7
9	d4 Nf6 c4 g6 g3 c5 d5 b5 cxb5 a6 bxa6 d6
10	d4 Nf6 c4 g6 g3 c5 dxc5 Qa5+ Nc3
8	d4 Nf6 c4 g6 g3 c6 Bg2 d5 Nf3 Bg7 O-O O-O Qb3 a5
11	d4 Nf6 c4 g6 g3 c6 Bg2 d5 Nf3 Bg7 O-O O-O b3
8	d4 Nf6 c4 g6 g3 c6 Bg2 d5 Nf3 Bg7 Qb3 O-O
10	d4 Nf6 c4 g6 g3 c6 Bg2 d5 Nf3 Bg7 cxd5 cxd5
12	d4 Nf6 c4 g6 g3 c6 Bg2 d5 Qa4 Bg7 cxd5 Nxd5 Nf3
8	d4 Nf6 c4 g6 g3 c6 Bg2 d5 Qa4 Nfd7 cxd5 Nb6 Qd1 cxd5
8	d4 Nf6 c4 g6 g3 c6 Bg2 d5 Qa4 dxc4 Qxc4 Bg7 Nf3 O-O O-O Bf5 Nc3
12	d4 Nf6 c4 g6 g3 c6 Bg2 d5 cxd5 cxd5 Nc3 Bg7 Nf3 O-O Ne5
10	d4 Nf6 c4 g6 g3 c6 Bg2 d5 cxd5 cxd5 Nf3 Bg7 Nc3 Ne4
10	d4 Nf6 c4 g6 g3 c6 Bg2 d5 cxd5 cxd5 Nf3 Bg7 Nc3 O-O Ne5
9	d4 Nf6 c4 g6 g3 c6 Bg2 d5 cxd5 cxd5 Nf3 Bg7 Ne5 O-O
9	d4 Nf6 c4 g6 g3 c6 Bg2 d5 cxd5 cxd5 Nf3 Bg7 O-O O-O Ne5
8	d4 Nf6 c4 g6 g3 c6 Bg2 d5 e3 Bg7 Ne2 O-O O-O
8	d4 Nf6 c4 g6 g3 c6 Nc3 d5
9	d4 Nf6 c4 g6 g3 c6 Nf3 Bg7 Bg2 d5 Qb3 O-O
8	d4 Nf6 c4 g6 g3 c6 Nf3 Bg7 Bg2 d5 cxd5 cxd5
10	d4 Nf6 c4 g6 g3 c6 Nf3 d5 Qb3
10	d4 Nf6 c4 g6 g3 d5 cxd5 Nxd5 Bg2 Bg7
9	d4 Nf6 c4 g6 h4 Bg7 Nc3 d6 e4 Nc6
13	d4 Nf6 c4 g6 h4 c5 d5
9	d4 Nf6 g3 d5
8	d4 Nf6 g3 g6 Bg2
9	d4 a6 c4
11	d4 a6 e4 c6
13	d4 a6 e4 e6
11	d4 b5 e4
9	d4 b6 c4 Bb7
10	d4 b6 e4 Bb7 Bd3 e6 Nf3
10	d4 c5 d5 Nf6 Nc3
8	d4 c5 d5 Nf6 c4
16	d4 c5 d5 d6
9	d4 c5 d5 e5 e4 d6 Nc3
9	d4 c5 d5 g6
12	d4 c6 Nf3 d5
8	d4 c6 c4 d5 Nc3 Nf6
10	d4 c6 c4 d5 Nf3 Nf6
8	d4 c6 e4
11	d4 d5 Bf4 Bf5 e3 e6 c4
11	d4 d5 Bf4 Nf6 Nc3
10	d4 d5 Bf4 Nf6 e3 Bf5
8	d4 d5 Bf4 Nf6 e3 Bg4
11	d4 d5 Bf4 Nf6 e3 c5 Nf3 Nc6 Nbd2
10	d4 d5 Bf4 Nf6 e3 c5 c3 Nc6 Nd2 Bf5
8	d4 d5 Bf4 Nf6 e3 c6
14	d4 d5 Bf4 Nf6 e3 e6 Nd2
10	d4 d5 Bf4 Nf6 e3 e6 Nf3 Bd6
12	d4 d5 Bf4 Nf6 e3 e6 Nf3 c5
8	d4 d5 Bf4 c5 e3 Nc6 Nf3 Nf6 Nbd2
9	d4 d5 Bf4 c5 e3 Nc6 c3 Bf5 Nd2 e6 Ngf3
9	d4 d5 Bf4 c5 e3 Nc6 c3 Nf6 Nd2 Bf5
9	d4 d5 Bf4 c5 e3 cxd4 exd4 Nc6 c3 Bf5 Nd2 e6 Ngf3
9	d4 d5 Bf4 c6 e3 Bf5
13	d4 d5 Bf4 e6 e3 Bd6
11	d4 d5 Bg5 Nf6
8	d4 d5 Bg5 c6 e3 h6 Bh4 Qb6
13	d4 d5 Bg5 f6
9	d4 d5 Bg5 h6 Bh4 c5
8	d4 d5 Bg5 h6 Bh4 c6 Nf3 Qb6 b3 Bf5 e3
10	d4 d5 Bg5 h6 Bh4 c6 e3 Qb6
11	d4 d5 Nc3 Bf5 Bf4 e6 e3
11	d4 d5 Nc3 Bf5 f3
9	d4 d5 Nc3 Nf6 Bf4 Bf5 e3 e6 Nf3
10	d4 d5 Nc3 Nf6 Bf4 a6 e3 e6
9	d4 d5 Nc3 Nf6 Bf4 c5 e3
12	d4 d5 Nc3 Nf6 Bf4 c5 e4
12	d4 d5 Nc3 Nf6 Bf4 e6 Nb5 Na6 e3 Be7 Nf3 O-O
9	d4 d5 Nc3 Nf6 Bg5
8	d4 d5 Nc3 c5 e4 dxe4 d5 Nf6
8	d4 d5 Nc3 c6 Bf4 Bf5
15	d4 d5 Nc3 e6 Bf4
8	d4 d5 Nc3 e6 e4
8	d4 d5 Nf3 Bf5 c4 e6 Nc3 Nf6 Bg5 c6
13	d4 d5 Nf3 Nc6
9	d4 d5 Nf3 Nf6 Bf4 Bf5 c4 e6 Qb3
19	d4 d5 Nf3 Nf6 Bf4 Bf5 e3 e6 Bd3
8	d4 d5 Nf3 Nf6 Bf4 Bf5 e3 e6 Nbd2
8	d4 d5 Nf3 Nf6 Bf4 Bf5 e3 e6 c4
12	d4 d5 Nf3 Nf6 Bf4 c5 e3 Nc6 Nbd2 Bg4 c3 e6
8	d4 d5 Nf3 Nf6 Bf4 c5 e3 Nc6 Nbd2 Nh5 dxc5 Nxf4 exf4
8	d4 d5 Nf3 Nf6 Bf4 c5 e3 Nc6 Nbd2 Qb6 dxc5 Qxb2 Rb1 Qc3 Bb5 e6 O-O Be7
8	d4 d5 Nf3 Nf6 Bf4 c5 e3 Nc6 Nbd2 cxd4 exd4 Bf5 c3 e6
13	d4 d5 Nf3 Nf6 Bf4 c5 e3 Nc6 Nbd2 e6 c3
11	d4 d5 Nf3 Nf6 Bf4 c5 e3 Nc6 c3 Qb6 Qb3 c4 Qc2 Bf5 Qc1
8	d4 d5 Nf3 Nf6 Bf4 c5 e3 cxd4 exd4 Nc6
10	d4 d5 Nf3 Nf6 Bf4 c5 e3 e6 Nbd2 Qb6 Rb1
11	d4 d5 Nf3 Nf6 Bf4 e6 e3 Bd6 Bg3
11	d4 d5 Nf3 Nf6 Bf4 e6 e3 Bd6 Nbd2 O-O
14	d4 d5 Nf3 Nf6 Bf4 e6 e3 c5 Nbd2
8	d4 d5 Nf3 Nf6 Bf4 e6 e3 c5 c3 Nc6 Nbd2
8	d4 d5 Nf3 Nf6 Bf4 g6 e3 Bg7
11	d4 d5 Nf3 Nf6 Bg5 Ne4 Bh4 c5 e3
8	d4 d5 Nf3 Nf6 Bg5 c5
9	d4 d5 Nf3 Nf6 c3 Bf5 Qb3 Qc8
9	d4 d5 Nf3 Nf6 c3 c6
10	d4 d5 Nf3 Nf6 c3 e6 Bf4
8	d4 d5 Nf3 Nf6 c3 g6 Bf4 Bg7
14	d4 d5 Nf3 Nf6 c4 c6 Nc3 a6 c5
12	d4 d5 Nf3 Nf6 c4 c6 Nc3 a6 e3
8	d4 d5 Nf3 Nf6 c4 c6 Nc3 dxc4 a4 Bf5 Ne5 Nbd7 Nxc4 Nb6 Ne5 a5
8	d4 d5 Nf3 Nf6 c4 c6 Nc3 dxc4 a4 Bf5 Ne5 Nbd7 Nxc4 Qc7 g3 e5 dxe5 Nxe5 Bf4 Nfd7 Bg2
8	d4 d5 Nf3 Nf6 c4 c6 Nc3 dxc4 a4 Bf5 e3 e6 Bxc4 Bb4 O-O Nbd7
12	d4 d5 Nf3 Nf6 c4 c6 Nc3 dxc4 a4 e6 e3 c5 Bxc4
12	d4 d5 Nf3 Nf6 c4 c6 Nc3 e6 Bg5 Nbd7 e3 Qa5
8	d4 d5 Nf3 Nf6 c4 c6 Nc3 e6 Bg5 h6 Bh4 dxc4 e4
9	d4 d5 Nf3 Nf6 c4 c6 Nc3 e6 Bg5 h6 Bxf6 Qxf6 e3 Nd7
8	d4 d5 Nf3 Nf6 c4 c6 Nc3 e6 e3 Nbd7 Qc2 Bd6 Bd3 O-O O-O
8	d4 d5 Nf3 Nf6 c4 c6 Qb3 dxc4 Qxc4 Bg4
13	d4 d5 Nf3 Nf6 c4 c6 Qc2
9	d4 d5 Nf3 Nf6 c4 c6 cxd5 cxd5 Nc3 Nc6 Bf4 Bf5 e3 e6
12	d4 d5 Nf3 Nf6 c4 c6 cxd5 cxd5 Nc3 Nc6 Bf4 a6
9	d4 d5 Nf3 Nf6 c4 c6 e3 Bf5 Nc3 e6 Nh4 Be4 f3 Bg6 Qb3 Qc7 Bd2 Be7
8	d4 d5 Nf3 Nf6 c4 c6 e3 Bf5 Nc3 e6 Nh4 Bg6 Be2
9	d4 d5 Nf3 Nf6 c4 c6 e3 Bg4 h3 Bh5
21	d4 d5 Nf3 Nf6 c4 c6 e3 a6
10	d4 d5 Nf3 Nf6 c4 c6 e3 e6
11	d4 d5 Nf3 Nf6 c4 c6 e3 g6
11	d4 d5 Nf3 Nf6 c4 c6 g3
8	d4 d5 Nf3 Nf6 c4 dxc4 Nc3 c6 a4 Bf5 e3 e6 Bxc4 Bb4 O-O
11	d4 d5 Nf3 Nf6 c4 dxc4 Qa4+
16	d4 d5 Nf3 Nf6 c4 dxc4 e3 Bg4 Bxc4 e6
8	d4 d5 Nf3 Nf6 c4 dxc4 e3 e6 Bxc4 a6 O-O c5 dxc5 Bxc5
14	d4 d5 Nf3 Nf6 c4 dxc4 e3 e6 Bxc4 c5 O-O a6 b3
8	d4 d5 Nf3 Nf6 c4 dxc4 e3 e6 Bxc4 c5 O-O a6 dxc5 Bxc5
8	d4 d5 Nf3 Nf6 c4 dxc4 e3 e6 Bxc4 c5 O-O a6 dxc5 Qxd1 Rxd1 Bxc5
11	d4 d5 Nf3 Nf6 c4 e6 Bg5
9	d4 d5 Nf3 Nf6 c4 e6 Nc3 Bb4 Bg5
9	d4 d5 Nf3 Nf6 c4 e6 Nc3 Be7 Bf4 O-O e3
8	d4 d5 Nf3 Nf6 c4 e6 Nc3 Be7 Bg5 h6 Bh4
8	d4 d5 Nf3 Nf6 c4 e6 Nc3 Nbd7
9	d4 d5 Nf3 Nf6 c4 e6 Nc3 a6
9	d4 d5 Nf3 Nf6 c4 e6 Nc3 c5
9	d4 d5 Nf3 Nf6 c4 e6 Nc3 c6 e3 Nbd7
8	d4 d5 Nf3 Nf6 c4 e6 e3
9	d4 d5 Nf3 Nf6 c4 e6 g3 Bb4+ Bd2 Be7 Bg2
11	d4 d5 Nf3 Nf6 c4 e6 g3 Bb4+ Nbd2
9	d4 d5 Nf3 Nf6 c4 e6 g3 Be7 Bg2 O-O O-O dxc4 Qc2 a6 a4 Bd7 Qxc4 Bc6
17	d4 d5 Nf3 Nf6 c4 e6 g3 dxc4 Bg2
11	d4 d5 Nf3 Nf6 e3 Bf5
18	d4 d5 Nf3 Nf6 e3 c5
8	d4 d5 Nf3 Nf6 e3 c6
8	d4 d5 Nf3 Nf6 e3 e6 Bd3 c5
9	d4 d5 Nf3 Nf6 g3 Bf5
9	d4 d5 Nf3 Nf6 g3 c5 Bg2 cxd4
9	d4 d5 Nf3 Nf6 g3 c6 Bg2
12	d4 d5 Nf3 Nf6 g3 g6 Bg2 Bg7
11	d4 d5 Nf3 c5 c4 cxd4 cxd5
12	d4 d5 Nf3 c5 c4 dxc4
10	d4 d5 Nf3 c5 c4 e6 cxd5 exd5
12	d4 d5 Nf3 c6 Bf4 Nf6 e3
8	d4 d5 Nf3 c6 c4 Nf6 Nc3 dxc4
8	d4 d5 Nf3 c6 c4 Nf6 e3 Bf5
11	d4 d5 Nf3 c6 c4 e6
13	d4 d5 Nf3 e6 Bf4 Bd6 e3
11	d4 d5 Nf3 e6 Bf4 Nf6 e3
8	d4 d5 Nf3 e6 Bf4 c5 e3 Nc6 Nbd2
16	d4 d5 Nf3 e6 c4 Nf6 Nc3
11	d4 d5 Nf3 e6 c4 Nf6 g3
8	d4 d5 Nf3 e6 c4 dxc4 e3 Nf6 Bxc4 c5 O-O a6
10	d4 d5 Nf3 e6 c4 dxc4 e3 c5 Bxc4 a6 O-O Nf6
10	d4 d5 Nf3 e6 e3
8	d4 d5 Nf3 e6 g3 Nf6
9	d4 d5 Nf3 e6 g3 c5 Bg2 cxd4 O-O Nf6 Nxd4 e5
9	d4 d5 c3
8	d4 d5 c4 Nc6 Nc3 Nf6
12	d4 d5 c4 Nc6 Nc3 dxc4
12	d4 d5 c4 Nc6 Nf3 Bg4 Nc3 e6
9	d4 d5 c4 Nc6 cxd5 Qxd5 e3 e5 Nc3 Bb4 Bd2 Bxc3
9	d4 d5 c4 Nf6
10	d4 d5 c4 c5 cxd5 Nf6
13	d4 d5 c4 c5 cxd5 Qxd5 Nf3 cxd4 Nc3 Qa5 Nxd4 Nf6
10	d4 d5 c4 c6 Nc3 Nf6 Nf3 a6 a4 e6 Bg5 Nbd7
9	d4 d5 c4 c6 Nc3 Nf6 Nf3 a6 a4 e6 g3
10	d4 d5 c4 c6 Nc3 Nf6 Nf3 a6 c5 Bf5 Bf4 Nbd7 e3
8	d4 d5 c4 c6 Nc3 Nf6 Nf3 a6 c5 Nbd7 Bf4 Nh5 Bd2 Nhf6
12	d4 d5 c4 c6 Nc3 Nf6 Nf3 a6 cxd5 cxd5 Bf4 Nc6
8	d4 d5 c4 c6 Nc3 Nf6 Nf3 a6 e3 b5 b3 Bg4
9	d4 d5 c4 c6 Nc3 Nf6 Nf3 a6 e3 e6
9	d4 d5 c4 c6 Nc3 Nf6 Nf3 a6 e3 g6
11	d4 d5 c4 c6 Nc3 Nf6 Nf3 a6 g3
9	d4 d5 c4 c6 Nc3 Nf6 Nf3 dxc4 a4 Bf5 Ne5 Nbd7 Nxc4 Nb6 Ne5 a5 e3
8	d4 d5 c4 c6 Nc3 Nf6 Nf3 dxc4 a4 Bf5 Ne5 Nbd7 Nxc4 Qc7 g3 e5 dxe5 Nxe5 Bf4 Nfd7 Bg2 g5 Ne3 gxf4 Nxf5 O-O-O Qc2
9	d4 d5 c4 c6 Nc3 Nf6 Nf3 dxc4 a4 Bf5 Ne5 e6 f3 Bb4 e4 Bxe4 fxe4 Nxe4 Bd2 Qxd4 Nxe4 Qxe4+ Qe2 Bxd2+ Kxd2 Qd5+ Kc2 Na6 Nxc4
9	d4 d5 c4 c6 Nc3 Nf6 Nf3 dxc4 a4 Bf5 Nh4
15	d4 d5 c4 c6 Nc3 Nf6 Nf3 dxc4 a4 Bf5 e3 e6 Bxc4 Bb4 O-O Nbd7 Qe2 Bg6 e4 O-O Bd3
11	d4 d5 c4 c6 Nc3 Nf6 Nf3 dxc4 a4 Bf5 e3 e6 Bxc4 Bb4 O-O O-O Qe2
11	d4 d5 c4 c6 Nc3 Nf6 Nf3 dxc4 a4 e6 e3 c5 Bxc4 Nc6 O-O
9	d4 d5 c4 c6 Nc3 Nf6 Nf3 e6 Bg5 Nbd7 cxd5 exd5 e3 Be7 Qc2
8	d4 d5 c4 c6 Nc3 Nf6 Nf3 e6 Bg5 Nbd7 e3 Qa5 Nd2 Bb4 Qc2 O-O
11	d4 d5 c4 c6 Nc3 Nf6 Nf3 e6 Bg5 Nbd7 e3 Qa5 cxd5 Nxd5 Qd2 Bb4 Rc1 h6 Bh4
9	d4 d5 c4 c6 Nc3 Nf6 Nf3 e6 Bg5 dxc4 e4 b5 e5 h6 Bh4 g5 Nxg5 hxg5 Bxg5 Nbd7 exf6 Bb7 g3 c5 d5 Qb6 Bg2
9	d4 d5 c4 c6 Nc3 Nf6 Nf3 e6 Bg5 dxc4 e4 b5 e5 h6 Bh4 g5 Nxg5 hxg5 Bxg5 Nbd7 g3
10	d4 d5 c4 c6 Nc3 Nf6 Nf3 e6 Bg5 h6 Bh4 dxc4 e4 g5 Bg3 b5 Be2 Bb7 O-O Nbd7 Ne5 Bg7 Nxd7 Nxd7 Bd6 a6
11	d4 d5 c4 c6 Nc3 Nf6 Nf3 e6 Bg5 h6 Bh4 dxc4 e4 g5 Bg3 b5 Be2 Bb7 h4 g4 Ne5
8	d4 d5 c4 c6 Nc3 Nf6 Nf3 e6 Bg5 h6 Bh4 dxc4 e4 g5 Bg3 b5 Ne5
14	d4 d5 c4 c6 Nc3 Nf6 Nf3 e6 Bg5 h6 Bxf6 Qxf6 e3 Nd7 Bd3 dxc4 Bxc4 g6 O-O Bg7
12	d4 d5 c4 c6 Nc3 Nf6 Nf3 e6 Bg5 h6 Bxf6 Qxf6 e3 g6
8	d4 d5 c4 c6 Nc3 Nf6 Nf3 e6 e3 Nbd7 Bd3 dxc4 Bxc4 b5 Bd3 Bb7 O-O a6 e4 c5 d5 Qc7
8	d4 d5 c4 c6 Nc3 Nf6 Nf3 e6 e3 Nbd7 Bd3 dxc4 Bxc4 b5 Bd3 Bd6 O-O O-O
8	d4 d5 c4 c6 Nc3 Nf6 Nf3 e6 e3 Nbd7 Bd3 dxc4 Bxc4 b5 Bd3 a6 e4 c5
9	d4 d5 c4 c6 Nc3 Nf6 Nf3 e6 e3 Nbd7 Qc2 Bd6 Bd3 O-O O-O
8	d4 d5 c4 c6 Nc3 Nf6 Nf3 e6 e3 Nbd7 Qc2 Bd6 Be2 O-O O-O
20	d4 d5 c4 c6 Nc3 Nf6 Nf3 e6 e3 Nbd7 Qc2 Bd6 g4
12	d4 d5 c4 c6 Nc3 Nf6 Nf3 e6 g3
9	d4 d5 c4 c6 Nc3 Nf6 cxd5 cxd5 Bf4 Nc6 Nf3 Bf5
13	d4 d5 c4 c6 Nc3 Nf6 cxd5 cxd5 Bf4 Nc6 e3 Bf5 Nf3 e6
8	d4 d5 c4 c6 Nc3 Nf6 cxd5 cxd5 Bf4 Nc6 e3 Bf5 Qb3 Na5 Qa4+ Bd7 Qc2 e6 Bd3
12	d4 d5 c4 c6 Nc3 Nf6 cxd5 cxd5 Bf4 Nc6 e3 Bg4
8	d4 d5 c4 c6 Nc3 Nf6 cxd5 cxd5 Bf4 Nc6 e3 a6 Bd3 Bg4 Nge2 e6 O-O Be7
9	d4 d5 c4 c6 Nc3 Nf6 cxd5 cxd5 Bf4 Nc6 e3 a6 Be2
8	d4 d5 c4 c6 Nc3 Nf6 cxd5 cxd5 Bf4 Nc6 e3 a6 Rc1 Bg4 f3
8	d4 d5 c4 c6 Nc3 Nf6 cxd5 cxd5 Bf4 Nc6 e3 e6 Bd3
8	d4 d5 c4 c6 Nc3 Nf6 cxd5 cxd5 Nf3 Nc6 Bf4 Bf5 e3 e6 Bd3 Bxd3 Qxd3
8	d4 d5 c4 c6 Nc3 Nf6 cxd5 cxd5 Nf3 Nc6 Bf4 a6
8	d4 d5 c4 c6 Nc3 Nf6 e3 Bf5 cxd5 cxd5 Qb3 Nc6 Qxb7 Bd7 Qb3 Rb8 Qd1 e5 dxe5 Nxe5
20	d4 d5 c4 c6 Nc3 Nf6 e3 a6 Bd3
8	d4 d5 c4 c6 Nc3 Nf6 e3 a6 Nf3 Bf5 Ne5
9	d4 d5 c4 c6 Nc3 Nf6 e3 a6 Nf3 Bf5 Qb3
10	d4 d5 c4 c6 Nc3 Nf6 e3 a6 Nf3 b5 b3 Bg4 Be2 Nbd7 O-O e6
9	d4 d5 c4 c6 Nc3 Nf6 e3 a6 Nf3 b5 b3 Bg4 Be2 Nbd7 h3
14	d4 d5 c4 c6 Nc3 Nf6 e3 a6 Nf3 b5 b3 Bg4 Be2 e6
10	d4 d5 c4 c6 Nc3 Nf6 e3 a6 Nf3 b5 b3 Bg4 h3 Bxf3
13	d4 d5 c4 c6 Nc3 Nf6 e3 a6 Nf3 b5 c5 g6 Ne5 Bg7
8	d4 d5 c4 c6 Nc3 Nf6 e3 a6 Nf3 b5 cxd5 cxd5
10	d4 d5 c4 c6 Nc3 Nf6 e3 a6 Nf3 e6 b3 Bb4 Bd2
9	d4 d5 c4 c6 Nc3 Nf6 e3 a6 Qc2 b5 b3 Bg4 Nge2 Nbd7 h3 Bh5 Nf4 Bg6 Nxg6 hxg6
8	d4 d5 c4 c6 Nc3 Nf6 e3 a6 Qc2 e6 Nf3 c5 cxd5 exd5 Be2 Nc6 O-O Be6 Rd1 Nb4
9	d4 d5 c4 c6 Nc3 Nf6 e3 a6 Qc2 g6 Bd3 Bg7 Nf3 O-O O-O Bg4 Ne5 Be6
11	d4 d5 c4 c6 Nc3 Nf6 e3 e6 Bd3 Nbd7
8	d4 d5 c4 c6 Nc3 Nf6 e3 e6 Nf3 Nbd7 Bd3 dxc4 Bxc4 b5 Bd3 Bb7 O-O a6 e4 c5 d5 Qc7 dxe6 fxe6 Bc2
9	d4 d5 c4 c6 Nc3 Nf6 e3 e6 Nf3 Nbd7 Bd3 dxc4 Bxc4 b5 Bd3 Bb7 a3 b4 Ne4 Nxe4 Bxe4 bxa3
8	d4 d5 c4 c6 Nc3 Nf6 e3 e6 Nf3 Nbd7 Bd3 dxc4 Bxc4 b5 Bd3 Bb7 e4 b4 Na4 c5 e5 Nd5 Nxc5 Nxc5 dxc5 Bxc5 O-O
13	d4 d5 c4 c6 Nc3 Nf6 e3 e6 Nf3 Nbd7 Bd3 dxc4 Bxc4 b5 Bd3 Bb7 e4 b4 Na4 c5 e5 Nd5 O-O cxd4
23	d4 d5 c4 c6 Nc3 Nf6 e3 e6 Nf3 Nbd7 Bd3 dxc4 Bxc4 b5 Bd3 Bd6 O-O O-O
14	d4 d5 c4 c6 Nc3 Nf6 e3 e6 Nf3 Nbd7 Bd3 dxc4 Bxc4 b5 Bd3 a6 e4 c5 d5
15	d4 d5 c4 c6 Nc3 Nf6 e3 e6 Nf3 Nbd7 Bd3 dxc4 Bxc4 b5 Bd3 a6 e4 c5 e5 cxd4 Nxb5
9	d4 d5 c4 c6 Nc3 Nf6 e3 e6 Nf3 Nbd7 Bd3 dxc4 Bxc4 b5 Bd3 b4 Ne4 Nxe4 Bxe4 Bb7 O-O Bd6
8	d4 d5 c4 c6 Nc3 Nf6 e3 e6 Nf3 Nbd7 Bd3 dxc4 Bxc4 b5 Be2 Bb7 O-O Be7
10	d4 d5 c4 c6 Nc3 Nf6 e3 e6 Nf3 Nbd7 Be2
8	d4 d5 c4 c6 Nc3 Nf6 e3 e6 Nf3 Nbd7 Qc2 Bd6 Bd3 O-O O-O dxc4 Bxc4 a6 Rd1 b5 Be2 Qc7 Ne4 Nxe4 Qxe4
9	d4 d5 c4 c6 Nc3 Nf6 e3 e6 Nf3 Nbd7 Qc2 Bd6 Bd3 O-O O-O dxc4 Bxc4 a6 a4 c5
17	d4 d5 c4 c6 Nc3 Nf6 e3 e6 Nf3 Nbd7 Qc2 Bd6 Bd3 O-O O-O dxc4 Bxc4 b5 Bd3 Bb7
15	d4 d5 c4 c6 Nc3 Nf6 e3 e6 Nf3 Nbd7 Qc2 Bd6 Bd3 O-O O-O dxc4 Bxc4 b5 Be2 Bb7
9	d4 d5 c4 c6 Nc3 Nf6 e3 e6 Nf3 Nbd7 Qc2 Bd6 Bd3 O-O O-O e5 cxd5 cxd5 e4
8	d4 d5 c4 c6 Nc3 Nf6 e3 e6 Nf3 Nbd7 Qc2 Bd6 Bd3 dxc4 Bxc4 O-O O-O a6
16	d4 d5 c4 c6 Nc3 Nf6 e3 e6 Nf3 Nbd7 Qc2 Bd6 Be2 O-O O-O dxc4 Bxc4
11	d4 d5 c4 c6 Nc3 Nf6 e3 e6 Nf3 Nbd7 Qc2 Bd6 b3 O-O Bb2
8	d4 d5 c4 c6 Nc3 Nf6 e3 e6 Nf3 Nbd7 Qc2 Bd6 b3 O-O Be2 b6 O-O Bb7 Bb2 Qe7 Rad1
11	d4 d5 c4 c6 Nc3 Nf6 e3 e6 Nf3 Nbd7 Qc2 Bd6 g4 Nxg4 Rg1
14	d4 d5 c4 c6 Nc3 Nf6 e3 e6 Nf3 Nbd7 Qc2 Bd6 g4 h6
16	d4 d5 c4 c6 Nc3 Nf6 e3 e6 Nf3 Nbd7 Qc2 b6
10	d4 d5 c4 c6 Nc3 Nf6 e3 e6 Nf3 a6 Qc2 c5 cxd5 exd5 Be2 Be6
15	d4 d5 c4 c6 Nc3 Nf6 e3 e6 Nf3 a6 b3 Bb4 Bd2 Nbd7 Bd3 O-O O-O Bd6
11	d4 d5 c4 c6 Nc3 Nf6 e3 e6 Nf3 a6 c5 Nbd7
9	d4 d5 c4 c6 Nc3 Nf6 e3 e6 b3 Bb4 Bb2
9	d4 d5 c4 c6 Nc3 Nf6 e3 e6 b3 Nbd7 Bb2
12	d4 d5 c4 c6 Nc3 Nf6 e3 g6 Nf3 Bg7 Bd3 O-O O-O Bg4 h3 Bxf3 Qxf3 e6 Rd1 Nbd7
9	d4 d5 c4 c6 Nc3 Nf6 e3 g6 Nf3 Bg7 Be2 O-O O-O Be6
10	d4 d5 c4 c6 Nc3 Nf6 e3 g6 Nf3 Bg7 Be2 O-O O-O Bg4 cxd5 cxd5 Qb3 b6 h3
10	d4 d5 c4 c6 Nc3 Nf6 e3 g6 Nf3 Bg7 Be2 O-O O-O a6 a4
11	d4 d5 c4 c6 Nc3 Nf6 e3 g6 Nf3 Bg7 Be2 O-O O-O b6
9	d4 d5 c4 c6 Nc3 Nf6 e3 g6 Nf3 Bg7 Be2 O-O O-O dxc4 Bxc4
12	d4 d5 c4 c6 Nc3 Nf6 e3 g6 Nf3 Bg7 Be2 O-O O-O e6
12	d4 d5 c4 c6 Nc3 Nf6 e3 g6 Nf3 Bg7 h3 O-O Bd3
8	d4 d5 c4 c6 Nc3 dxc4 e3 b5 a4 b4 Ne4 Qd5 Nd2
11	d4 d5 c4 c6 Nc3 dxc4 e3 b5 a4 b4 Ne4 Qd5 Ng3 Nf6 Be2
14	d4 d5 c4 c6 Nc3 dxc4 e4 b5 a4 b4 Na2 Nf6 e5 Nd5 Bxc4 e6 Nf3
12	d4 d5 c4 c6 Nc3 dxc4 e4 b5 a4 b4 Nb1 Ba6 Qc2
14	d4 d5 c4 c6 Nc3 e5 dxe5 d4 Ne4 Qa5+
9	d4 d5 c4 c6 Nc3 e6 e3
9	d4 d5 c4 c6 Nf3 Nf6 Nbd2 Bf5 Nh4 Be4
9	d4 d5 c4 c6 Nf3 Nf6 Nbd2 g6 e3 Bg7
9	d4 d5 c4 c6 Nf3 Nf6 Nc3 a6 Ne5
20	d4 d5 c4 c6 Nf3 Nf6 Nc3 a6 Qc2
9	d4 d5 c4 c6 Nf3 Nf6 Nc3 a6 a4 e6 Bf4
17	d4 d5 c4 c6 Nf3 Nf6 Nc3 a6 a4 e6 Bg5 Nbd7
8	d4 d5 c4 c6 Nf3 Nf6 Nc3 a6 a4 e6 Bg5 a5 e3 Be7 Be2 Na6 O-O O-O Qb3 Nb4
10	d4 d5 c4 c6 Nf3 Nf6 Nc3 a6 a4 e6 g3 dxc4 Bg2 c5 dxc5 Qxd1+ Nxd1
13	d4 d5 c4 c6 Nf3 Nf6 Nc3 a6 c5 Bf5 Bf4 Nbd7 e3
9	d4 d5 c4 c6 Nf3 Nf6 Nc3 a6 c5 Bf5 Qb3
9	d4 d5 c4 c6 Nf3 Nf6 Nc3 a6 c5 Nbd7 Bf4 Nh5 Bd2 Nhf6 Bf4 Nh5 Bd2 Nhf6
10	d4 d5 c4 c6 Nf3 Nf6 Nc3 a6 c5 Nbd7 Bf4 Nh5 Bd2 Nhf6 Qc2 g6 g3
9	d4 d5 c4 c6 Nf3 Nf6 Nc3 a6 c5 Nbd7 Bf4 Nh5 Bd2 Nhf6 Rc1 g6
8	d4 d5 c4 c6 Nf3 Nf6 Nc3 a6 c5 g6 Bf4
9	d4 d5 c4 c6 Nf3 Nf6 Nc3 a6 c5 g6 h3
12	d4 d5 c4 c6 Nf3 Nf6 Nc3 a6 cxd5 cxd5 Bf4 Nc6 Rc1 Bf5 e3
9	d4 d5 c4 c6 Nf3 Nf6 Nc3 a6 cxd5 cxd5 Bf4 Nc6 e3
9	d4 d5 c4 c6 Nf3 Nf6 Nc3 a6 e3 Bf5 Bd3 Bxd3 Qxd3 e6 O-O Bb4 Bd2 O-O
8	d4 d5 c4 c6 Nf3 Nf6 Nc3 a6 e3 Bf5 Ne5 Nbd7 Qb3 Qc7
13	d4 d5 c4 c6 Nf3 Nf6 Nc3 a6 e3 b5 b3 Bg4 Be2 Nbd7
11	d4 d5 c4 c6 Nf3 Nf6 Nc3 a6 e3 b5 b3 Bg4 h3 Bxf3
9	d4 d5 c4 c6 Nf3 Nf6 Nc3 a6 e3 b5 c5 Nbd7
10	d4 d5 c4 c6 Nf3 Nf6 Nc3 a6 e3 b5 c5 g6 Ne5 Bg7
13	d4 d5 c4 c6 Nf3 Nf6 Nc3 a6 e3 e6 b3 Bb4 Bd2
14	d4 d5 c4 c6 Nf3 Nf6 Nc3 a6 e3 g6 Be2 Bg7 O-O O-O
9	d4 d5 c4 c6 Nf3 Nf6 Nc3 a6 g3 dxc4 a4 e6
8	d4 d5 c4 c6 Nf3 Nf6 Nc3 dxc4 Ne5
8	d4 d5 c4 c6 Nf3 Nf6 Nc3 dxc4 a4 Bf5 Ne5 Na6 e3 Nb4 Bxc4 e6 O-O
13	d4 d5 c4 c6 Nf3 Nf6 Nc3 dxc4 a4 Bf5 Ne5 Nbd7 Nxc4 Nb6 Ne5 a5 e3 Nbd7
9	d4 d5 c4 c6 Nf3 Nf6 Nc3 dxc4 a4 Bf5 Ne5 Nbd7 Nxc4 Nb6 Ne5 a5 f3 Nfd7 Nxd7 Nxd7 e4 Bg6
12	d4 d5 c4 c6 Nf3 Nf6 Nc3 dxc4 a4 Bf5 Ne5 Nbd7 Nxc4 Nb6 Ne5 a5 f3 Nfd7 e4 Nxe5
9	d4 d5 c4 c6 Nf3 Nf6 Nc3 dxc4 a4 Bf5 Ne5 Nbd7 Nxc4 Nb6 Ne5 a5 g3 e6 Bg2 Bb4 O-O O-O e3 h6 Qe2 Bh7 Rd1 Nfd7
8	d4 d5 c4 c6 Nf3 Nf6 Nc3 dxc4 a4 Bf5 Ne5 Nbd7 Nxc4 Nb6 Ne5 a5 h4
18	d4 d5 c4 c6 Nf3 Nf6 Nc3 dxc4 a4 Bf5 Ne5 Nbd7 Nxc4 Qc7 g3 e5 dxe5 Nxe5 Bf4 Nfd7 Bg2 f6 O-O
10	d4 d5 c4 c6 Nf3 Nf6 Nc3 dxc4 a4 Bf5 Ne5 Nbd7 Nxc4 Qc7 g3 e5 dxe5 Nxe5 Bf4 Nfd7 Bg2 g5 Bxe5 Nxe5 Qd4 f6 O-O-O
9	d4 d5 c4 c6 Nf3 Nf6 Nc3 dxc4 a4 Bf5 Ne5 Nbd7 Nxc4 Qc7 g3 e5 dxe5 Nxe5 Bf4 Nfd7 Bg2 g5 Ne3 gxf4 Nxf5 O-O-O Qc2 Nc5 O-O fxg3 hxg3 a5 Rfd1 h5
10	d4 d5 c4 c6 Nf3 Nf6 Nc3 dxc4 a4 Bf5 Ne5 e6 f3 Bb4 Nxc4 O-O
9	d4 d5 c4 c6 Nf3 Nf6 Nc3 dxc4 a4 Bf5 Ne5 e6 f3 Bb4 e4 Bxe4 fxe4 Nxe4 Bd2 Qxd4 Nxe4 Qxe4+ Qe2 Bxd2+ Kxd2 Qd5+ Kc2 Na6 Nxc4 O-O
12	d4 d5 c4 c6 Nf3 Nf6 Nc3 dxc4 a4 Bf5 Ne5 e6 f3 c5 e4 Bg6 Be3 cxd4 Qxd4 Qxd4 Bxd4 Nfd7 Nxd7 Nxd7 Bxc4 a6
10	d4 d5 c4 c6 Nf3 Nf6 Nc3 dxc4 a4 Bf5 Nh4 Bc8 e3 e5 Bxc4 exd4 exd4
16	d4 d5 c4 c6 Nf3 Nf6 Nc3 dxc4 a4 Bf5 Nh4 e6 Nxf5 exf5 e3 Bb4 Bxc4 O-O
9	d4 d5 c4 c6 Nf3 Nf6 Nc3 dxc4 a4 Bf5 e3 e6 Bxc4 Bb4 O-O Nbd7 Nh4 Bg6
11	d4 d5 c4 c6 Nf3 Nf6 Nc3 dxc4 a4 Bf5 e3 e6 Bxc4 Bb4 O-O Nbd7 Qe2 Bg4 h3 Bxf3 Qxf3 O-O Rd1
11	d4 d5 c4 c6 Nf3 Nf6 Nc3 dxc4 a4 Bf5 e3 e6 Bxc4 Bb4 O-O Nbd7 Qe2 Bg6 e4 O-O Bd3 Bh5 e5 Nd5 Nxd5 cxd5 Qe3
13	d4 d5 c4 c6 Nf3 Nf6 Nc3 dxc4 a4 Bf5 e3 e6 Bxc4 Bb4 O-O Nbd7 Qe2 O-O e4 Bg6 Bd3 Bh5 e5 Nd5 Nxd5 cxd5 Qe3
14	d4 d5 c4 c6 Nf3 Nf6 Nc3 dxc4 a4 Bf5 e3 e6 Bxc4 Bb4 O-O O-O Nh4 Nbd7
15	d4 d5 c4 c6 Nf3 Nf6 Nc3 dxc4 a4 Bf5 e3 e6 Bxc4 Bb4 O-O O-O Qe2 Bg6 Ne5 Nbd7 Nxg6 hxg6 Rd1 Qa5
8	d4 d5 c4 c6 Nf3 Nf6 Nc3 dxc4 a4 Bf5 e3 e6 Bxc4 Bb4 O-O O-O Qe2 Nbd7 e4 Bg6 Bd3 Bh5 e5 Nd5 Nxd5 cxd5 Qe3
10	d4 d5 c4 c6 Nf3 Nf6 Nc3 dxc4 a4 Bf5 e3 e6 Bxc4 Bb4 O-O O-O Qe2 Ne4
8	d4 d5 c4 c6 Nf3 Nf6 Nc3 dxc4 a4 Bf5 e3 e6 Bxc4 Nbd7 O-O Bb4 Qe2 O-O e4 Bg6 Bd3
9	d4 d5 c4 c6 Nf3 Nf6 Nc3 dxc4 a4 Na6
10	d4 d5 c4 c6 Nf3 Nf6 Nc3 dxc4 a4 a5
14	d4 d5 c4 c6 Nf3 Nf6 Nc3 dxc4 a4 e6 e3 c5 Bxc4 Nc6 O-O Be7 Qe2 cxd4
10	d4 d5 c4 c6 Nf3 Nf6 Nc3 dxc4 a4 e6 e3 c5 Bxc4 Nc6 O-O cxd4 Nxd4 Bd7
9	d4 d5 c4 c6 Nf3 Nf6 Nc3 dxc4 a4 e6 e3 c5 Bxc4 Nc6 O-O cxd4 exd4 Be7 Bg5 O-O
10	d4 d5 c4 c6 Nf3 Nf6 Nc3 dxc4 a4 e6 e3 c5 Bxc4 Nc6 O-O cxd4 exd4 Be7 Qe2 O-O Rd1 Nb4
8	d4 d5 c4 c6 Nf3 Nf6 Nc3 dxc4 a4 e6 e3 c5 Bxc4 Nc6 O-O cxd4 exd4 Be7 Qe2 O-O Rd1 Nd5
8	d4 d5 c4 c6 Nf3 Nf6 Nc3 dxc4 a4 e6 e3 c5 Bxc4 cxd4 exd4 Be7 O-O O-O Qe2 Nc6 Rd1
8	d4 d5 c4 c6 Nf3 Nf6 Nc3 dxc4 a4 e6 e3 c5 Bxc4 cxd4 exd4 Nc6 O-O Be7 Qe2 O-O Rd1 Nb4
11	d4 d5 c4 c6 Nf3 Nf6 Nc3 dxc4 a4 e6 e4 Bb4 Bg5
9	d4 d5 c4 c6 Nf3 Nf6 Nc3 dxc4 a4 e6 e4 Bb4 e5 Nd5 Bd2 b5 axb5 Bxc3 bxc3 cxb5 Ng5 Nc6 Qh5 Qe7
9	d4 d5 c4 c6 Nf3 Nf6 Nc3 dxc4 e3 b5 a4 b4
11	d4 d5 c4 c6 Nf3 Nf6 Nc3 dxc4 e4 b5 Be2 e6 O-O
10	d4 d5 c4 c6 Nf3 Nf6 Nc3 dxc4 e4 b5 Qc2 e6 Be2
10	d4 d5 c4 c6 Nf3 Nf6 Nc3 e6 Bg5 Be7 e3
10	d4 d5 c4 c6 Nf3 Nf6 Nc3 e6 Bg5 Nbd7 cxd5 exd5 e3 Be7 Bd3 Ne4 Bf4 Ndf6
8	d4 d5 c4 c6 Nf3 Nf6 Nc3 e6 Bg5 Nbd7 cxd5 exd5 e3 Be7 Qc2 Nh5 Bxe7 Qxe7 O-O-O
8	d4 d5 c4 c6 Nf3 Nf6 Nc3 e6 Bg5 Nbd7 cxd5 exd5 e3 Be7 Qc2 O-O Bd3 Re8
11	d4 d5 c4 c6 Nf3 Nf6 Nc3 e6 Bg5 Nbd7 e3 Be7
8	d4 d5 c4 c6 Nf3 Nf6 Nc3 e6 Bg5 Nbd7 e3 Qa5 Nd2 Bb4 Qc2 O-O Be2
8	d4 d5 c4 c6 Nf3 Nf6 Nc3 e6 Bg5 Nbd7 e3 Qa5 Nd2 dxc4 Bxf6 Nxf6 Nxc4 Qc7
10	d4 d5 c4 c6 Nf3 Nf6 Nc3 e6 Bg5 Nbd7 e3 Qa5 cxd5 Nxd5 Qd2 Bb4 Rc1 h6 Bh4 c5
8	d4 d5 c4 c6 Nf3 Nf6 Nc3 e6 Bg5 Nbd7 e3 Qa5 cxd5 Nxd5 Rc1 Nxc3 bxc3 Ba3 Rc2 b6 Be2 Ba6 O-O
13	d4 d5 c4 c6 Nf3 Nf6 Nc3 e6 Bg5 Nbd7 e3 h6 Bh4
11	d4 d5 c4 c6 Nf3 Nf6 Nc3 e6 Bg5 dxc4 e4 b5 e5 h6 Bh4 g5 Nxg5 hxg5 Bxg5 Nbd7 exf6 Bb7 g3 c5 d5 Qb6 Bg2 O-O-O O-O b4 Rb1 Qa6 dxe6 Bxg2 e7 Bxf1
8	d4 d5 c4 c6 Nf3 Nf6 Nc3 e6 Bg5 dxc4 e4 b5 e5 h6 Bh4 g5 Nxg5 hxg5 Bxg5 Nbd7 g3 Bb7 Bg2 Qb6 exf6 O-O-O
10	d4 d5 c4 c6 Nf3 Nf6 Nc3 e6 Bg5 h6 Bh4 dxc4 e4 g5 Bg3 b5 Be2 Bb7 Ne5
11	d4 d5 c4 c6 Nf3 Nf6 Nc3 e6 Bg5 h6 Bh4 dxc4 e4 g5 Bg3 b5 Be2 Bb7 O-O Nbd7 Ne5 Bg7 Nxd7 Nxd7 Bd6 a6 a4
8	d4 d5 c4 c6 Nf3 Nf6 Nc3 e6 Bg5 h6 Bh4 dxc4 e4 g5 Bg3 b5 Be2 Bb7 Qc2
10	d4 d5 c4 c6 Nf3 Nf6 Nc3 e6 Bg5 h6 Bh4 dxc4 e4 g5 Bg3 b5 Be2 Bb7 h4 g4 Ne5 Rg8
8	d4 d5 c4 c6 Nf3 Nf6 Nc3 e6 Bg5 h6 Bh4 dxc4 e4 g5 Bg3 b5 Ne5 Bb7 h4 g4 Nxg4 Nxg4 Qxg4 Qxd4
8	d4 d5 c4 c6 Nf3 Nf6 Nc3 e6 Bg5 h6 Bxf6 Qxf6 Qb3 dxc4 Qxc4 Nd7
9	d4 d5 c4 c6 Nf3 Nf6 Nc3 e6 Bg5 h6 Bxf6 Qxf6 e3 Nd7 Bd3 dxc4 Bxc4 Bd6 O-O Qe7
12	d4 d5 c4 c6 Nf3 Nf6 Nc3 e6 Bg5 h6 Bxf6 Qxf6 e3 Nd7 Bd3 dxc4 Bxc4 g6 O-O Bg7 Rc1 O-O
9	d4 d5 c4 c6 Nf3 Nf6 Nc3 e6 Bg5 h6 Bxf6 Qxf6 e3 Nd7 Bd3 dxc4 Bxc4 g6 O-O Bg7 e4 e5 d5 Nb6 Bb3
8	d4 d5 c4 c6 Nf3 Nf6 Nc3 e6 Bg5 h6 Bxf6 Qxf6 e3 Nd7 Be2
9	d4 d5 c4 c6 Nf3 Nf6 Nc3 e6 Bg5 h6 Bxf6 Qxf6 e3 Nd7 Qc2 g6
8	d4 d5 c4 c6 Nf3 Nf6 Nc3 e6 Bg5 h6 Bxf6 Qxf6 e3 g6 Bd3 Bg7 O-O O-O
8	d4 d5 c4 c6 Nf3 Nf6 Nc3 e6 Bg5 h6 Bxf6 Qxf6 e3 g6 Be2 Bg7 O-O O-O e4
10	d4 d5 c4 c6 Nf3 Nf6 Nc3 e6 Qb3
10	d4 d5 c4 c6 Nf3 Nf6 Nc3 e6 Qc2 dxc4 e4 b5 Be2 Bb7 O-O
18	d4 d5 c4 c6 Nf3 Nf6 Nc3 e6 Qd3
13	d4 d5 c4 c6 Nf3 Nf6 Nc3 e6 cxd5 exd5
9	d4 d5 c4 c6 Nf3 Nf6 Nc3 e6 e3 Nbd7 Bd3 dxc4 Bxc4 b5 Bd3 Bb7 O-O a6 e4 c5 d5 Qc7
10	d4 d5 c4 c6 Nf3 Nf6 Nc3 e6 e3 Nbd7 Bd3 dxc4 Bxc4 b5 Bd3 Bb7 a3 b4 Ne4
11	d4 d5 c4 c6 Nf3 Nf6 Nc3 e6 e3 Nbd7 Bd3 dxc4 Bxc4 b5 Bd3 Bb7 e4 b4 Na4 c5 e5 Nd5
8	d4 d5 c4 c6 Nf3 Nf6 Nc3 e6 e3 Nbd7 Bd3 dxc4 Bxc4 b5 Bd3 Bd6 O-O O-O Qc2 Bb7 a3
8	d4 d5 c4 c6 Nf3 Nf6 Nc3 e6 e3 Nbd7 Bd3 dxc4 Bxc4 b5 Bd3 a6 e4 c5 d5
10	d4 d5 c4 c6 Nf3 Nf6 Nc3 e6 e3 Nbd7 Bd3 dxc4 Bxc4 b5 Bd3 b4 Ne4 Nxe4 Bxe4 Bb7
8	d4 d5 c4 c6 Nf3 Nf6 Nc3 e6 e3 Nbd7 Bd3 dxc4 Bxc4 b5 Be2
10	d4 d5 c4 c6 Nf3 Nf6 Nc3 e6 e3 Nbd7 Be2 Bd6 O-O O-O b3
9	d4 d5 c4 c6 Nf3 Nf6 Nc3 e6 e3 Nbd7 Qc2 Bd6 Bd3 O-O O-O dxc4 Bxc4 a6 Rd1 b5 Be2 Qc7
8	d4 d5 c4 c6 Nf3 Nf6 Nc3 e6 e3 Nbd7 Qc2 Bd6 Bd3 O-O O-O dxc4 Bxc4 b5 Bd3 Bb7 e4 e5
10	d4 d5 c4 c6 Nf3 Nf6 Nc3 e6 e3 Nbd7 Qc2 Bd6 Bd3 O-O O-O e5 cxd5 cxd5 e4
8	d4 d5 c4 c6 Nf3 Nf6 Nc3 e6 e3 Nbd7 Qc2 Bd6 Bd3 dxc4 Bxc4
14	d4 d5 c4 c6 Nf3 Nf6 Nc3 e6 e3 Nbd7 Qc2 Bd6 Be2 O-O O-O dxc4 Bxc4
8	d4 d5 c4 c6 Nf3 Nf6 Nc3 e6 e3 Nbd7 Qc2 Bd6 b3 O-O Be2 b6 Bb2
12	d4 d5 c4 c6 Nf3 Nf6 Nc3 e6 e3 Nbd7 Qc2 Bd6 b3 O-O Be2 b6 O-O Bb7 Bb2 Qe7
12	d4 d5 c4 c6 Nf3 Nf6 Nc3 e6 e3 Nbd7 Qc2 Bd6 g4 h6
8	d4 d5 c4 c6 Nf3 Nf6 Nc3 e6 e3 Nbd7 Qc2 b6 Bd3 Bb7 O-O Be7 b3
8	d4 d5 c4 c6 Nf3 Nf6 Nc3 e6 e3 a6 b3 Bb4 Bd2 Nbd7 Bd3 O-O O-O
11	d4 d5 c4 c6 Nf3 Nf6 Nc3 e6 g3 Nbd7 Bg2 dxc4 O-O
14	d4 d5 c4 c6 Nf3 Nf6 Nc3 e6 g3 dxc4 Bg2 Nbd7 O-O
9	d4 d5 c4 c6 Nf3 Nf6 Nc3 e6 g3 dxc4 Bg2 b5 Ne5 a6 O-O Bb7
12	d4 d5 c4 c6 Nf3 Nf6 Qb3 dxc4 Qxc4 Bf5 g3 e6 Bg2 Be7 O-O O-O
8	d4 d5 c4 c6 Nf3 Nf6 Qb3 dxc4 Qxc4 Bf5 g3 e6 Bg2 Nbd7 O-O Be7 Nc3 O-O Re1
11	d4 d5 c4 c6 Nf3 Nf6 Qb3 dxc4 Qxc4 Bf5 g3 e6 Bg2 Nbd7 O-O Be7 e3 O-O
12	d4 d5 c4 c6 Nf3 Nf6 Qb3 dxc4 Qxc4 Bg4 Nbd2 Nbd7 g3 e6 Bg2 Be7 O-O O-O
8	d4 d5 c4 c6 Nf3 Nf6 Qb3 dxc4 Qxc4 Bg4 Nc3 Nbd7 e4
8	d4 d5 c4 c6 Nf3 Nf6 Qb3 e6 Bg5 h6
18	d4 d5 c4 c6 Nf3 Nf6 Qb3 e6 g3
14	d4 d5 c4 c6 Nf3 Nf6 Qc2 dxc4 Qxc4 Bf5 g3 e6 Bg2 Be7 O-O O-O
11	d4 d5 c4 c6 Nf3 Nf6 Qc2 dxc4 Qxc4 Bf5 g3 e6 Bg2 Nbd7 O-O Be7 e3 O-O
8	d4 d5 c4 c6 Nf3 Nf6 Qc2 dxc4 Qxc4 Bg4 Nbd2 Nbd7 g3 e6 Bg2
11	d4 d5 c4 c6 Nf3 Nf6 Qc2 e6
11	d4 d5 c4 c6 Nf3 Nf6 Qc2 g6 Bf4 Bg7 e3 O-O Nc3
14	d4 d5 c4 c6 Nf3 Nf6 Qc2 g6 Bf4 dxc4 Qxc4 Bg7
10	d4 d5 c4 c6 Nf3 Nf6 Qc2 g6 cxd5 cxd5 Bf4 Nc6
9	d4 d5 c4 c6 Nf3 Nf6 cxd5 cxd5 Nc3 Nc6 Bf4 Bf5 Qb3 Na5 Qa4+ Bd7 Qc2 e6 e3
8	d4 d5 c4 c6 Nf3 Nf6 cxd5 cxd5 Nc3 Nc6 Bf4 Bf5 e3 e6 Bd3 Bxd3 Qxd3 Bd6 Bxd6 Qxd6 O-O O-O Rfc1
10	d4 d5 c4 c6 Nf3 Nf6 cxd5 cxd5 Nc3 Nc6 Bf4 Bf5 e3 e6 Qb3 Bb4
10	d4 d5 c4 c6 Nf3 Nf6 cxd5 cxd5 Nc3 Nc6 Bf4 Nh5 Bd2
10	d4 d5 c4 c6 Nf3 Nf6 cxd5 cxd5 Nc3 Nc6 Bf4 a6 Rc1 Bf5 e3
12	d4 d5 c4 c6 Nf3 Nf6 e3 Bf5 Bd3 Bxd3 Qxd3 e6 O-O Nbd7
10	d4 d5 c4 c6 Nf3 Nf6 e3 Bf5 Nc3 a6 Bd2 e6
10	d4 d5 c4 c6 Nf3 Nf6 e3 Bf5 Nc3 a6 Bd3 Bxd3 Qxd3 e6 O-O
9	d4 d5 c4 c6 Nf3 Nf6 e3 Bf5 Nc3 a6 Ne5 Nbd7 Qb3 Qc7 cxd5 Nxe5 dxe5 Nxd5 Nxd5 cxd5 Bd2
8	d4 d5 c4 c6 Nf3 Nf6 e3 Bf5 Nc3 a6 Qb3
10	d4 d5 c4 c6 Nf3 Nf6 e3 Bf5 Nc3 e6 Bd3
8	d4 d5 c4 c6 Nf3 Nf6 e3 Bf5 Nc3 e6 Nh4 Be4 f3 Bg6 Bd2 Be7 Nxg6 hxg6 Qc2 Nbd7
10	d4 d5 c4 c6 Nf3 Nf6 e3 Bf5 Nc3 e6 Nh4 Be4 f3 Bg6 Nxg6 hxg6
9	d4 d5 c4 c6 Nf3 Nf6 e3 Bf5 Nc3 e6 Nh4 Be4 f3 Bg6 Qb3 Qb6 Nxg6 hxg6 Bd2 Nbd7 O-O-O Qxb3 axb3
11	d4 d5 c4 c6 Nf3 Nf6 e3 Bf5 Nc3 e6 Nh4 Be4 f3 Bg6 Qb3 Qc7 Bd2 Be7 Nxg6 hxg6 O-O-O dxc4
13	d4 d5 c4 c6 Nf3 Nf6 e3 Bf5 Nc3 e6 Nh4 Be4 f3 Bg6 Qb3 Qc7 Bd2 Be7 O-O-O
9	d4 d5 c4 c6 Nf3 Nf6 e3 Bf5 Nc3 e6 Nh4 Be4 f3 Bg6 Qb3 Qc7 Bd2 Be7 Rc1 Nbd7 g3
9	d4 d5 c4 c6 Nf3 Nf6 e3 Bf5 Nc3 e6 Nh4 Be4 f3 Bg6 Qb3 Qc7 Bd2 Be7 cxd5
8	d4 d5 c4 c6 Nf3 Nf6 e3 Bf5 Nc3 e6 Nh4 Be4 f3 Bg6 Qb3 Qc7 Bd2 Be7 g3 Bh5 Be2
10	d4 d5 c4 c6 Nf3 Nf6 e3 Bf5 Nc3 e6 Nh4 Be4 f3 Bg6 Qb3 Qc7 Bd2 Nbd7
9	d4 d5 c4 c6 Nf3 Nf6 e3 Bf5 Nc3 e6 Nh4 Be4 f3 Bg6 g3
8	d4 d5 c4 c6 Nf3 Nf6 e3 Bf5 Nc3 e6 Nh4 Bg6 Bd2 Nbd7 Nxg6 hxg6
8	d4 d5 c4 c6 Nf3 Nf6 e3 Bf5 Nc3 e6 Nh4 Bg6 Be2 Nbd7 O-O Bd6 g3 O-O Nxg6 hxg6 b3
12	d4 d5 c4 c6 Nf3 Nf6 e3 Bf5 Nc3 e6 Nh4 Bg6 Be2 Nbd7 g3 Bd6 O-O
10	d4 d5 c4 c6 Nf3 Nf6 e3 Bf5 Nc3 e6 Nh4 Bg6 Nxg6 hxg6 Bd2 Nbd7 Qc2
10	d4 d5 c4 c6 Nf3 Nf6 e3 Bf5 Nc3 e6 Nh4 Bg6 Nxg6 hxg6 Bd2 Nbd7 Rc1
9	d4 d5 c4 c6 Nf3 Nf6 e3 Bf5 Nc3 e6 Nh4 Bg6 Nxg6 hxg6 Bd3 Nbd7 O-O Bd6 h3
8	d4 d5 c4 c6 Nf3 Nf6 e3 Bf5 Nc3 e6 Nh4 Bg6 Nxg6 hxg6 Rb1
11	d4 d5 c4 c6 Nf3 Nf6 e3 Bf5 Nc3 e6 Nh4 Bg6 Nxg6 hxg6 a3 Nbd7 g3
8	d4 d5 c4 c6 Nf3 Nf6 e3 Bf5 Nc3 e6 Nh4 Bg6 Nxg6 hxg6 g3 Nbd7 Bd2
8	d4 d5 c4 c6 Nf3 Nf6 e3 Bf5 Nc3 e6 Nh4 Bg6 Nxg6 hxg6 g3 Nbd7 Bg2 dxc4 Qe2 Nb6 O-O
11	d4 d5 c4 c6 Nf3 Nf6 e3 Bf5 Nc3 e6 Nh4 Bg6 Qb3 Qc7 Nxg6 hxg6 g3 Nbd7 Bg2
9	d4 d5 c4 c6 Nf3 Nf6 e3 Bf5 cxd5 cxd5 Qb3 Qc7 Bd2 e6 Bb5+ Nc6
12	d4 d5 c4 c6 Nf3 Nf6 e3 Bg4 Nc3 e6 Qb3 Qb6 Nh4 Bh5 h3
9	d4 d5 c4 c6 Nf3 Nf6 e3 Bg4 Nc3 e6 h3 Bh5 g4 Bg6 Ne5 Nbd7 Nxg6 hxg6
9	d4 d5 c4 c6 Nf3 Nf6 e3 Bg4 Nc3 e6 h3 Bxf3 Qxf3 Nbd7 Bd2 Bd6
9	d4 d5 c4 c6 Nf3 Nf6 e3 Bg4 Nc3 e6 h3 Bxf3 Qxf3 Nbd7 Bd3
9	d4 d5 c4 c6 Nf3 Nf6 e3 Bg4 Qb3 Qb6 Nc3 e6 Nh4 Bh5 h3 Be7 g4 Bg6 Nxg6 hxg6 Bg2 g5
8	d4 d5 c4 c6 Nf3 Nf6 e3 Bg4 Qb3 Qb6 Nc3 e6 Nh4 Bh5 h3 g5 Nf3 h6
8	d4 d5 c4 c6 Nf3 Nf6 e3 Bg4 Qb3 Qb6 Ne5 Bf5 cxd5 Qxb3 axb3 Nxd5 Bd3 Bxd3 Nxd3
8	d4 d5 c4 c6 Nf3 Nf6 e3 Bg4 cxd5 Bxf3 Qxf3 cxd5
8	d4 d5 c4 c6 Nf3 Nf6 e3 Bg4 h3 Bh5 Nc3 e6 Qb3 Qb6
8	d4 d5 c4 c6 Nf3 Nf6 e3 Bg4 h3 Bh5 Nc3 e6 g4 Bg6 Ne5 Nbd7 Nxg6 hxg6 Bd2 Bb4 cxd5
9	d4 d5 c4 c6 Nf3 Nf6 e3 Bg4 h3 Bh5 Nc3 e6 g4 Bg6 Ne5 Nbd7 Nxg6 hxg6 a3
8	d4 d5 c4 c6 Nf3 Nf6 e3 Bg4 h3 Bh5 Nc3 e6 g4 Bg6 Ne5 Nbd7 h4
10	d4 d5 c4 c6 Nf3 Nf6 e3 Bg4 h3 Bh5 cxd5
11	d4 d5 c4 c6 Nf3 Nf6 e3 Bg4 h3 Bh5 g4 Bg6 Ne5 e6
10	d4 d5 c4 c6 Nf3 Nf6 e3 Bg4 h3 Bxf3 Qxf3 e6 Bd3 Nbd7 O-O Bd6 Nc3 O-O
8	d4 d5 c4 c6 Nf3 Nf6 e3 Bg4 h3 Bxf3 Qxf3 e6 Nc3 Nbd7 Bd2 Bb4 Bd3 O-O a3
8	d4 d5 c4 c6 Nf3 Nf6 e3 Bg4 h3 Bxf3 Qxf3 e6 Nc3 Nbd7 Bd2 Bd6
8	d4 d5 c4 c6 Nf3 Nf6 e3 Bg4 h3 Bxf3 Qxf3 e6 Nc3 Nbd7 Bd3 Bb4 Bd2 O-O a3 Ba5
12	d4 d5 c4 c6 Nf3 Nf6 e3 Bg4 h3 Bxf3 Qxf3 e6 Nc3 Nbd7 Bd3 Bb4 O-O O-O
12	d4 d5 c4 c6 Nf3 Nf6 e3 Bg4 h3 Bxf3 Qxf3 e6 Nc3 Nbd7 Bd3 Bd6
9	d4 d5 c4 c6 Nf3 Nf6 e3 a6 Bd2 e6 Qc2 Nbd7 Nc3 dxc4 Bxc4
9	d4 d5 c4 c6 Nf3 Nf6 e3 a6 Bd3 Bg4 Nbd2 Nbd7
8	d4 d5 c4 c6 Nf3 Nf6 e3 a6 Bd3 Bg4 Nbd2 e6 O-O Nbd7 b3
11	d4 d5 c4 c6 Nf3 Nf6 e3 a6 Bd3 Bg4 Nbd2 e6 Qc2
8	d4 d5 c4 c6 Nf3 Nf6 e3 a6 Bd3 Bg4 Qb3 Bxf3 gxf3 Qc7
9	d4 d5 c4 c6 Nf3 Nf6 e3 a6 Nbd2 Bf5 Nh4
9	d4 d5 c4 c6 Nf3 Nf6 e3 a6 Nbd2 Bf5 Qb3 Qc7
8	d4 d5 c4 c6 Nf3 Nf6 e3 a6 Nc3 b5 b3 Bg4 Be2 e6 O-O Nbd7
9	d4 d5 c4 c6 Nf3 Nf6 e3 a6 Nc3 b5 c5 Nbd7
11	d4 d5 c4 c6 Nf3 Nf6 e3 a6 Nc3 b5 c5 g6
10	d4 d5 c4 c6 Nf3 Nf6 e3 a6 Nc3 e6 b3 Bb4 Bd2
8	d4 d5 c4 c6 Nf3 Nf6 e3 a6 Qc2 Bg4 Ne5 Bh5
11	d4 d5 c4 c6 Nf3 Nf6 e3 e6 Bd3 Nbd7 O-O Bd6
8	d4 d5 c4 c6 Nf3 Nf6 e3 e6 Bd3 Nbd7 b3
13	d4 d5 c4 c6 Nf3 Nf6 e3 e6 Bd3 dxc4 Bxc4 Nbd7 O-O Bd6
12	d4 d5 c4 c6 Nf3 Nf6 e3 e6 Nbd2 Nbd7
8	d4 d5 c4 c6 Nf3 Nf6 e3 e6 Nc3 Nbd7 Qc2 Bd6
11	d4 d5 c4 c6 Nf3 Nf6 e3 e6 b3 Nbd7 Bd3
12	d4 d5 c4 c6 Nf3 Nf6 e3 g6 Nc3 Bg7 Bd3 O-O O-O
8	d4 d5 c4 c6 Nf3 Nf6 e3 g6 Nc3 Bg7 Be2 O-O O-O Bg4
8	d4 d5 c4 c6 Nf3 Nf6 e3 g6 Nc3 Bg7 Be2 O-O O-O Qb6
11	d4 d5 c4 c6 Nf3 Nf6 e3 g6 Nc3 Bg7 Be2 O-O O-O a6
18	d4 d5 c4 c6 Nf3 Nf6 g3 Bf5 Nc3 e6 Nh4
8	d4 d5 c4 c6 Nf3 Nf6 g3 Bg4 Ne5 Bf5 cxd5 cxd5
11	d4 d5 c4 c6 Nf3 Nf6 g3 dxc4 Bg2 g6
10	d4 d5 c4 c6 Nf3 Nf6 g3 g6 Bg2 Bg7 O-O O-O
9	d4 d5 c4 c6 Nf3 dxc4
12	d4 d5 c4 c6 Nf3 e6 Qc2 Nf6
18	d4 d5 c4 c6 Nf3 e6 e3
11	d4 d5 c4 c6 cxd5 cxd5 Bf4 Nc6 Nc3
8	d4 d5 c4 c6 cxd5 cxd5 Bf4 Nc6 e3 Bf5 Nc3
10	d4 d5 c4 c6 cxd5 cxd5 Bf4 Nc6 e3 Nf6 Nc3 Bf5 Qb3 Na5 Qa4+ Bd7 Qc2 e6
8	d4 d5 c4 c6 cxd5 cxd5 Bf4 Nc6 e3 Nf6 Nc3 Bg4 Qb3 Na5 Qa4+ Bd7
9	d4 d5 c4 c6 cxd5 cxd5 Bf4 Nc6 e3 Nf6 Nc3 a6 Bd3 Bg4 Nge2 e6 O-O
11	d4 d5 c4 c6 cxd5 cxd5 Bf4 Nc6 e3 Nf6 Nc3 a6 Be2
8	d4 d5 c4 c6 cxd5 cxd5 Bf4 Nf6 Nc3 Nc6 e3 Bg4
8	d4 d5 c4 c6 cxd5 cxd5 Bf4 Nf6 e3 Nc6
9	d4 d5 c4 c6 cxd5 cxd5 Bf4 e6 Nc3 Bd6
11	d4 d5 c4 c6 cxd5 cxd5 Bg5 Nc6 Nc3
8	d4 d5 c4 c6 cxd5 cxd5 Bg5 h6 Bh4 Qb6 Nc3 e6
9	d4 d5 c4 c6 cxd5 cxd5 Nc3 Nc6 Nf3 Nf6 Bf4 Bf5 e3 e6
12	d4 d5 c4 c6 cxd5 cxd5 Nc3 Nf6 Bf4 Nc6 Nf3
9	d4 d5 c4 c6 cxd5 cxd5 Nc3 Nf6 Bf4 Nc6 e3 Bf5 Qb3 Na5 Qa4+ Bd7
9	d4 d5 c4 c6 cxd5 cxd5 Nc3 Nf6 Bf4 Nc6 e3 a6 Bd3 Bg4 Nge2 e6
10	d4 d5 c4 c6 cxd5 cxd5 Nc3 Nf6 Nf3 Nc6 Bf4 Bf5 e3 e6 Bd3 Bxd3 Qxd3 Bd6 Bxd6 Qxd6 O-O O-O
11	d4 d5 c4 c6 cxd5 cxd5 Nc3 Nf6 Nf3 Nc6 Bf4 a6
14	d4 d5 c4 c6 cxd5 cxd5 Nf3 Nc6 Nc3 Nf6 Bf4
8	d4 d5 c4 c6 cxd5 cxd5 Nf3 Nf6 Nc3 Nc6 Bf4 Bf5 e3 e6 Bd3
9	d4 d5 c4 c6 cxd5 cxd5 Nf3 Nf6 Nc3 Nc6 Bf4 a6
12	d4 d5 c4 c6 e3 Bf5 Nc3 e6
10	d4 d5 c4 c6 e3 Nf6 Bd3 e5
10	d4 d5 c4 c6 e3 Nf6 Nc3 Bf5
12	d4 d5 c4 c6 e3 Nf6 Nc3 a6 Nf3 b5
8	d4 d5 c4 c6 e3 Nf6 Nc3 e6 Nf3 Nbd7 Bd3 dxc4 Bxc4 b5 Bd3
17	d4 d5 c4 c6 e3 Nf6 Nc3 e6 Nf3 Nbd7 Qc2 Bd6
10	d4 d5 c4 c6 e3 Nf6 Nc3 g6 Nf3 Bg7
8	d4 d5 c4 c6 e3 Nf6 Nf3 Bf5 Nc3
8	d4 d5 c4 dxc4 Nc3
10	d4 d5 c4 dxc4 Nf3 Nf6 Nc3 a6 e4 b5 e5 Nd5 a4 e6 axb5
11	d4 d5 c4 dxc4 Nf3 Nf6 Qa4+
10	d4 d5 c4 dxc4 Nf3 Nf6 e3 Bg4 Bxc4 e6 Nc3
10	d4 d5 c4 dxc4 Nf3 Nf6 e3 b5 a4 b4 Bxc4 e6 O-O Be7
11	d4 d5 c4 dxc4 Nf3 Nf6 e3 e6 Bxc4 a6 O-O c5 Bb3
9	d4 d5 c4 dxc4 Nf3 Nf6 e3 e6 Bxc4 a6 O-O c5 Be2
8	d4 d5 c4 dxc4 Nf3 Nf6 e3 e6 Bxc4 a6 O-O c5 Re1
8	d4 d5 c4 dxc4 Nf3 Nf6 e3 e6 Bxc4 a6 O-O c5 b3 cxd4 Nxd4 Be7 Bb2 O-O
11	d4 d5 c4 dxc4 Nf3 Nf6 e3 e6 Bxc4 a6 O-O c5 dxc5 Bxc5 Qxd8+ Kxd8 Be2 Ke7
8	d4 d5 c4 dxc4 Nf3 Nf6 e3 e6 Bxc4 a6 Qe2 c5
19	d4 d5 c4 dxc4 Nf3 Nf6 e3 e6 Bxc4 c5 O-O Nc6 Nc3 a6
8	d4 d5 c4 dxc4 Nf3 Nf6 e3 e6 Bxc4 c5 O-O Nc6 a3
8	d4 d5 c4 dxc4 Nf3 Nf6 e3 e6 Bxc4 c5 O-O a6 Bb3 Nc6 Nc3
8	d4 d5 c4 dxc4 Nf3 Nf6 e3 e6 Bxc4 c5 O-O a6 Bb3 b5
8	d4 d5 c4 dxc4 Nf3 Nf6 e3 e6 Bxc4 c5 O-O a6 Be2 Nbd7
8	d4 d5 c4 dxc4 Nf3 Nf6 e3 e6 Bxc4 c5 O-O a6 Qe2
9	d4 d5 c4 dxc4 Nf3 Nf6 e3 e6 Bxc4 c5 O-O a6 Re1
10	d4 d5 c4 dxc4 Nf3 Nf6 e3 e6 Bxc4 c5 O-O a6 a4
8	d4 d5 c4 dxc4 Nf3 Nf6 e3 e6 Bxc4 c5 O-O a6 b3 Nbd7 Bb2
8	d4 d5 c4 dxc4 Nf3 Nf6 e3 e6 Bxc4 c5 O-O a6 b3 cxd4 Nxd4 Be7
10	d4 d5 c4 dxc4 Nf3 Nf6 e3 e6 Bxc4 c5 O-O a6 dxc5 Bxc5 Qxd8+ Kxd8 Be2 Ke7
10	d4 d5 c4 dxc4 Nf3 Nf6 e3 e6 Bxc4 c5 O-O a6 dxc5 Bxc5 Qxd8+ Kxd8 Nbd2
12	d4 d5 c4 dxc4 Nf3 Nf6 e3 e6 Bxc4 c5 O-O a6 dxc5 Qxd1 Rxd1 Bxc5
9	d4 d5 c4 dxc4 Nf3 Nf6 e3 e6 Bxc4 c5 O-O a6 e4
9	d4 d5 c4 dxc4 Nf3 Nf6 e3 e6 Bxc4 c5 Qe2
9	d4 d5 c4 dxc4 Nf3 a6 e3 Bg4 Bxc4 e6 O-O
20	d4 d5 c4 dxc4 Nf3 a6 e3 Nf6 Bxc4 e6 O-O c5
8	d4 d5 c4 dxc4 Nf3 a6 e3 b5 a4 Bb7 b3 e6 axb5 axb5 Rxa8 Bxa8 bxc4 bxc4 Bxc4
9	d4 d5 c4 dxc4 Nf3 a6 e3 b5 a4 Bb7 b3 e6 bxc4 bxc4 Bxc4 Nf6 O-O
8	d4 d5 c4 dxc4 Nf3 a6 e3 e6 Bxc4 c5 O-O Nf6 Bb3
15	d4 d5 c4 dxc4 Nf3 c5
9	d4 d5 c4 dxc4 Nf3 e6 e3 Nf6 Bxc4 c5 O-O a6 Bb3
10	d4 d5 c4 dxc4 Nf3 e6 e3 c5 Bxc4 a6 O-O Nf6 Bb3
13	d4 d5 c4 dxc4 e3 Nf6 Bxc4 e6 Nf3 a6 O-O c5 dxc5
9	d4 d5 c4 dxc4 e3 Nf6 Bxc4 e6 Nf3 c5 O-O Nc6 Nc3 a6
11	d4 d5 c4 dxc4 e3 Nf6 Bxc4 e6 Nf3 c5 O-O a6 Bb3
9	d4 d5 c4 dxc4 e3 Nf6 Bxc4 e6 Nf3 c5 O-O a6 Bd3
9	d4 d5 c4 dxc4 e3 Nf6 Bxc4 e6 Nf3 c5 O-O a6 Qe2 b5
8	d4 d5 c4 dxc4 e3 Nf6 Bxc4 e6 Nf3 c5 O-O a6 a4
9	d4 d5 c4 dxc4 e3 Nf6 Bxc4 e6 Nf3 c5 O-O a6 b3
12	d4 d5 c4 dxc4 e3 Nf6 Bxc4 e6 Nf3 c5 O-O a6 dxc5 Bxc5 Qxd8+ Kxd8
10	d4 d5 c4 dxc4 e3 Nf6 Bxc4 e6 Nf3 c5 O-O a6 dxc5 Qxd1 Rxd1 Bxc5
8	d4 d5 c4 dxc4 e3 Nf6 Bxc4 e6 Nf3 c5 Qe2 a6 dxc5 Bxc5 O-O
8	d4 d5 c4 dxc4 e3 Nf6 Nf3 e6 Bxc4
10	d4 d5 c4 dxc4 e3 e5 Bxc4 Nc6 Nf3 e4 Nfd2 Qg5
10	d4 d5 c4 dxc4 e3 e5 Bxc4 exd4 exd4 Bd6 Nf3 Nf6 O-O O-O
12	d4 d5 c4 dxc4 e3 e5 Bxc4 exd4 exd4 Nf6 Nf3
8	d4 d5 c4 dxc4 e3 e6 Bxc4 Nf6 Nf3 c5 O-O
9	d4 d5 c4 dxc4 e3 e6 Bxc4 c5 Nf3 a6 O-O Nf6
8	d4 d5 c4 dxc4 e4 Nc6 Be3 Nf6 Nc3 e5 d5
8	d4 d5 c4 dxc4 e4 Nc6 Nf3 Bg4 d5 Ne5 Bf4 Ng6 Be3 Nf6 Nc3
9	d4 d5 c4 dxc4 e4 Nf6 e5 Nd5 Bxc4 Bf5 Ne2 e6 O-O
8	d4 d5 c4 dxc4 e4 Nf6 e5 Nd5 Bxc4 Nb6 Bb3 Nc6 Be3 Bf5
9	d4 d5 c4 dxc4 e4 Nf6 e5 Nd5 Bxc4 Nb6 Bb3 Nc6 Ne2 Bf5 Nbc3 e6 O-O Qd7 Be3 O-O-O
8	d4 d5 c4 dxc4 e4 Nf6 e5 Nd5 Bxc4 Nb6 Bb3 Nc6 Nf3 Bg4
8	d4 d5 c4 dxc4 e4 Nf6 e5 Nd5 Bxc4 Nb6 Bd3 Nc6 Be3 Be6 Nc3 Qd7
8	d4 d5 c4 dxc4 e4 Nf6 e5 Nd5 Bxc4 Nb6 Bd3 Nc6 Be3 Nb4 Be4 f5 exf6 exf6 Nc3 f5 Bb1 N4d5 Nf3
8	d4 d5 c4 dxc4 e4 Nf6 e5 Nd5 Bxc4 Nb6 Bd3 Nc6 Be3 Nb4 Be4 f5 exf6 exf6 Nc3 f5 Bf3
12	d4 d5 c4 dxc4 e4 Nf6 e5 Nd5 Bxc4 Nb6 Bd3 Nc6 Ne2 Bg4 Be3
9	d4 d5 c4 dxc4 e4 Nf6 e5 Nd5 Bxc4 Nb6 Bd3 Nc6 Ne2 Bg4 f3 Be6 Nbc3 Qd7 Ne4 Bd5 Nc5 Qc8
12	d4 d5 c4 dxc4 e4 Nf6 e5 Nd5 Bxc4 Nb6 Bd3 Nc6 Ne2 Bg4 f3 Bh5
8	d4 d5 c4 dxc4 e4 Nf6 e5 Nd5 Bxc4 Nc6 Nc3 Nb6 Bb5
10	d4 d5 c4 dxc4 e4 Nf6 e5 Nd5 Bxc4 Nc6 Ne2
8	d4 d5 c4 dxc4 e4 b5 a4 c6 Nc3 b4
8	d4 d5 c4 dxc4 e4 b5 a4 c6 axb5 cxb5 Nc3 Qb6 b3 e6 bxc4 Bb4
8	d4 d5 c4 dxc4 e4 c5 d5 Nf6 Nc3 b5 Bf4 Qa5
17	d4 d5 c4 dxc4 e4 e5 Nf3 Bb4+ Bd2 Bxd2+ Nbxd2 exd4 Bxc4 Nc6 O-O
10	d4 d5 c4 dxc4 e4 e5 Nf3 Bb4+ Bd2 Bxd2+ Qxd2 exd4 Nxd4
11	d4 d5 c4 dxc4 e4 e5 Nf3 Bb4+ Bd2 Bxd2+ Qxd2 exd4 Qxd4
8	d4 d5 c4 dxc4 e4 e5 Nf3 Bb4+ Nc3 Nf6 Nxe5 b5 f3 O-O
10	d4 d5 c4 dxc4 e4 e5 Nf3 Bb4+ Nc3 exd4 Nxd4 Nd7 Bxc4 Ngf6
14	d4 d5 c4 dxc4 e4 e5 Nf3 Bb4+ Nc3 exd4 Nxd4 Ne7 Bxc4 Nbc6 Be3 O-O
8	d4 d5 c4 dxc4 e4 e5 Nf3 Bb4+ Nc3 exd4 Qxd4 Qxd4 Nxd4
9	d4 d5 c4 dxc4 e4 e5 Nf3 Nf6
11	d4 d5 c4 dxc4 e4 e5 Nf3 exd4 Bxc4 Bb4+ Bd2 Bxd2+ Nbxd2 Qf6
11	d4 d5 c4 dxc4 e4 e5 Nf3 exd4 Bxc4 Bb4+ Nbd2 Nc6 O-O Nf6 e5 Nd5 Nb3 Nb6 Bb5 Qd5
8	d4 d5 c4 dxc4 e4 e5 Nf3 exd4 Bxc4 Bb4+ Nbd2 Nc6 O-O Nf6 e5 Nd5 Nb3 Nb6 Bg5 Be7 Bxe7 Qxe7 Bb5 Bd7 Bxc6 Bxc6 Nfxd4 Bd5 Qg4
9	d4 d5 c4 dxc4 e4 e5 Nf3 exd4 Bxc4 Nc6 O-O Bc5
9	d4 d5 c4 dxc4 e4 e5 Nf3 exd4 Bxc4 Nc6 O-O Be6 Bb5 Bc5 b4 Bb6 a4 a6 Bxc6+ bxc6
8	d4 d5 c4 dxc4 e4 e5 Nf3 exd4 Bxc4 Nc6 O-O Be6 Bxe6 fxe6 Qb3 Qd7 Qxb7 Rb8 Qa6 Nf6 Nbd2 Bd6 b3 O-O
8	d4 d5 c4 e5 dxe5 d4 Nf3 Nc6 a3 Nge7
12	d4 d5 c4 e6 Nc3 Bb4 Nf3 Nf6 Bg5
8	d4 d5 c4 e6 Nc3 Bb4 Nf3 Nf6 cxd5 exd5 Bg5
9	d4 d5 c4 e6 Nc3 Bb4 a3 Bxc3+ bxc3 Nf6 e3 c6
8	d4 d5 c4 e6 Nc3 Bb4 a3 Bxc3+ bxc3 c5
10	d4 d5 c4 e6 Nc3 Bb4 cxd5 exd5 Bf4 c5
8	d4 d5 c4 e6 Nc3 Bb4 cxd5 exd5 Nf3
8	d4 d5 c4 e6 Nc3 Bb4 e3 Nf6 a3 Bxc3+ bxc3
10	d4 d5 c4 e6 Nc3 Bb4 e3 c5
14	d4 d5 c4 e6 Nc3 Be7 Bf4 Nf6 e3 O-O Nf3
9	d4 d5 c4 e6 Nc3 Be7 Bf4 Nf6 e3 O-O Rc1
10	d4 d5 c4 e6 Nc3 Be7 Bf4 Nf6 e3 O-O a3
9	d4 d5 c4 e6 Nc3 Be7 Nf3 Nf6 Bf4 O-O e3 Nbd7 a3 c5 cxd5 Nxd5 Nxd5 exd5 dxc5 Nxc5 Be5
11	d4 d5 c4 e6 Nc3 Be7 Nf3 Nf6 Bf4 O-O e3 Nbd7 c5 Nh5
11	d4 d5 c4 e6 Nc3 Be7 Nf3 Nf6 Bf4 O-O e3 b6
8	d4 d5 c4 e6 Nc3 Be7 Nf3 Nf6 Bf4 O-O e3 c5 dxc5 Bxc5 Qc2 Nc6 a3
9	d4 d5 c4 e6 Nc3 Be7 Nf3 Nf6 Bf4 O-O e3 c5 dxc5 Bxc5 a3 Nc6
10	d4 d5 c4 e6 Nc3 Be7 Nf3 Nf6 Bg5 O-O e3 Nbd7 Rc1
9	d4 d5 c4 e6 Nc3 Be7 Nf3 Nf6 Bg5 O-O e3 h6 Bh4
8	d4 d5 c4 e6 Nc3 Be7 Nf3 Nf6 Bg5 h6 Bh4 O-O e3 Ne4 Bxe7 Qxe7 Rc1 c6 Bd3 Nxc3
10	d4 d5 c4 e6 Nc3 Be7 Nf3 Nf6 Bg5 h6 Bh4 O-O e3 b6 Bd3 Bb7 O-O Nbd7
10	d4 d5 c4 e6 Nc3 Be7 Nf3 Nf6 Bg5 h6 Bh4 O-O e3 b6 Be2 Bb7 Bxf6 Bxf6 cxd5 exd5
9	d4 d5 c4 e6 Nc3 Be7 Nf3 Nf6 Bg5 h6 Bxf6 Bxf6 e3 O-O Rc1 c6 Bd3 Nd7 O-O dxc4 Bxc4
8	d4 d5 c4 e6 Nc3 Be7 Nf3 Nf6 cxd5 exd5
8	d4 d5 c4 e6 Nc3 Be7 Nf3 Nf6 g3 O-O Bg2 dxc4 Ne5
11	d4 d5 c4 e6 Nc3 Be7 cxd5 exd5 Bf4 Nf6 e3 Bf5 Nge2 O-O Ng3 Be6 Bd3 c5 dxc5 Bxc5 O-O Nc6 Rc1
8	d4 d5 c4 e6 Nc3 Be7 cxd5 exd5 Bf4 Nf6 e3 Bf5 Qb3 Nc6 g4 Nxg4
14	d4 d5 c4 e6 Nc3 Be7 cxd5 exd5 Bf4 Nf6 e3 O-O Bd3 c5
8	d4 d5 c4 e6 Nc3 Be7 cxd5 exd5 Bf4 c6 Qc2 Bd6 Bxd6 Qxd6 e3 Ne7 Bd3
9	d4 d5 c4 e6 Nc3 Be7 cxd5 exd5 Bf4 c6 Qc2 Nf6 e3
14	d4 d5 c4 e6 Nc3 Be7 cxd5 exd5 Bf4 c6 e3 Bd6
8	d4 d5 c4 e6 Nc3 Be7 cxd5 exd5 Bf4 c6 e3 Bf5 Nge2 Nd7 Ng3 Bg6 Be2
10	d4 d5 c4 e6 Nc3 Be7 cxd5 exd5 Bf4 c6 e3 Bf5 g4 Be6 h4 Nd7
8	d4 d5 c4 e6 Nc3 Nf6 Bg5 Be7 Nf3 h6
8	d4 d5 c4 e6 Nc3 Nf6 Bg5 Be7 e3 O-O Nf3 h6 Bh4 b6
10	d4 d5 c4 e6 Nc3 Nf6 Bg5 Be7 e3 h6 Bh4 O-O Nf3 b6
8	d4 d5 c4 e6 Nc3 Nf6 Bg5 Be7 e3 h6 Bh4 O-O Rc1 b6
12	d4 d5 c4 e6 Nc3 Nf6 Nf3 Be7 Bf4 O-O e3
14	d4 d5 c4 e6 Nc3 Nf6 Nf3 Be7 Bg5
23	d4 d5 c4 e6 Nc3 Nf6 Nf3 Nbd7
9	d4 d5 c4 e6 Nc3 Nf6 Nf3 c5 cxd5 Nxd5 e4 Nxc3 bxc3 cxd4 cxd4 Bb4+ Bd2 Bxd2+ Qxd2 O-O
8	d4 d5 c4 e6 Nc3 Nf6 Nf3 c6 Bg5
10	d4 d5 c4 e6 Nc3 Nf6 cxd5 Nxd5 e4 Nxc3 bxc3 c5 Nf3 cxd4 cxd4 Bb4+ Bd2 Bxd2+ Qxd2 O-O
16	d4 d5 c4 e6 Nc3 Nf6 cxd5 Nxd5 e4 Nxc3 bxc3 c5 Rb1 Be7
9	d4 d5 c4 e6 Nc3 Nf6 cxd5 exd5 Bf4 Bd6
17	d4 d5 c4 e6 Nc3 Nf6 cxd5 exd5 Bg5 Bb4
13	d4 d5 c4 e6 Nc3 Nf6 cxd5 exd5 Bg5 Be7 e3 O-O Bd3 Re8
8	d4 d5 c4 e6 Nc3 Nf6 cxd5 exd5 Bg5 Be7 e3 c6 Bd3
12	d4 d5 c4 e6 Nc3 Nf6 cxd5 exd5 Bg5 Be7 e3 h6 Bh4
9	d4 d5 c4 e6 Nc3 Nf6 cxd5 exd5 Bg5 c6 Qc2 Be7 e3 Nbd7 Bd3
10	d4 d5 c4 e6 Nc3 Nf6 cxd5 exd5 Bg5 c6 Qc2 h6 Bh4
12	d4 d5 c4 e6 Nc3 Nf6 cxd5 exd5 Bg5 c6 e3 Bd6 Bd3 O-O
13	d4 d5 c4 e6 Nc3 Nf6 cxd5 exd5 Bg5 c6 e3 Be7 Bd3 Nbd7
8	d4 d5 c4 e6 Nc3 Nf6 cxd5 exd5 Bg5 c6 e3 Be7 Bd3 O-O
9	d4 d5 c4 e6 Nc3 Nf6 cxd5 exd5 Bg5 c6 e3 Bf5 Qf3 Bg6 Bxf6 Qxf6 Qxf6 gxf6 Nf3 Nd7 Nh4 Be7
13	d4 d5 c4 e6 Nc3 Nf6 cxd5 exd5 Bg5 c6 e3 h6 Bh4 Be7 Bd3 O-O Nge2 Re8 O-O
9	d4 d5 c4 e6 Nc3 Nf6 cxd5 exd5 Bg5 c6 e3 h6 Bh4 Bf5 Qf3
9	d4 d5 c4 e6 Nc3 a6 cxd5 exd5 Bf4 Nf6 e3 Bd6 Bg5
8	d4 d5 c4 e6 Nc3 a6 cxd5 exd5 Bf4 Nf6 e3 c5
8	d4 d5 c4 e6 Nc3 a6 cxd5 exd5 Nf3 Nf6 Bg5 Be6 e3 Nbd7 Bd3 Bd6
8	d4 d5 c4 e6 Nc3 a6 cxd5 exd5 Nf3 Nf6 Bg5 Be6 e3 Nbd7 Bd3 h6
8	d4 d5 c4 e6 Nc3 a6 cxd5 exd5 Nf3 c6 Bf4 Bd6
11	d4 d5 c4 e6 Nc3 a6 cxd5 exd5 Nf3 h6 Bf4 Nf6 e3 Bd6
13	d4 d5 c4 e6 Nc3 a6 cxd5 exd5 Qb3
9	d4 d5 c4 e6 Nc3 c5 cxd5 cxd4 Qa4+ Bd7 Qxd4 exd5 Qxd5 Nf6 Qd1 Bc5 Nf3 O-O e3
9	d4 d5 c4 e6 Nc3 c5 cxd5 exd5 Nf3 Nc6 dxc5 d4 Na4 Bxc5 Nxc5 Qa5+
9	d4 d5 c4 e6 Nc3 c5 cxd5 exd5 Nf3 Nc6 g3 Nf6 Bg2 Be7 O-O O-O Bg5 c4 Ne5 Be6
12	d4 d5 c4 e6 Nc3 c5 cxd5 exd5 Nf3 Nc6 g3 Nf6 Bg2 Be7 O-O O-O Bg5 cxd4 Nxd4 h6
11	d4 d5 c4 e6 Nc3 c5 cxd5 exd5 Nf3 Nc6 g3 Nf6 Bg2 Be7 O-O O-O dxc5 Bxc5
9	d4 d5 c4 e6 Nc3 c5 cxd5 exd5 Nf3 Nc6 g3 Nf6 Bg2 cxd4 Nxd4 Bc5 Nb3 Bb6 O-O d4 Na4 O-O
8	d4 d5 c4 e6 Nc3 c5 cxd5 exd5 Nf3 Nf6 Bg5 Be6
12	d4 d5 c4 e6 Nc3 c5 e3 Nf6 Nf3 Nc6 a3
8	d4 d5 c4 e6 Nc3 c5 e3 Nf6 Nf3 a6
15	d4 d5 c4 e6 Nc3 c6 Nf3 Nf6 Bg5
8	d4 d5 c4 e6 Nc3 c6 Nf3 Nf6 e3 Nbd7
8	d4 d5 c4 e6 Nc3 c6 Nf3 dxc4 a4 Bb4
8	d4 d5 c4 e6 Nc3 c6 cxd5 exd5 Bf4 Bd6
12	d4 d5 c4 e6 Nc3 c6 e3 Bd6 Bd3 f5
9	d4 d5 c4 e6 Nc3 c6 e3 Nd7 Qc2
8	d4 d5 c4 e6 Nc3 c6 e3 Nf6 Nf3 Nbd7 Bd3 dxc4 Bxc4 b5 Bd3 Bb7
8	d4 d5 c4 e6 Nc3 c6 e3 Nf6 Nf3 Nbd7 Qc2 Bd6 Bd3 O-O O-O dxc4 Bxc4 a6
9	d4 d5 c4 e6 Nc3 c6 e3 Nf6 Nf3 Nbd7 Qc2 Bd6 Bd3 O-O O-O dxc4 Bxc4 b5
10	d4 d5 c4 e6 Nc3 c6 e3 Nf6 Nf3 Nbd7 Qc2 Bd6 b3 O-O Be2
8	d4 d5 c4 e6 Nc3 c6 e3 Nf6 Nf3 a6
9	d4 d5 c4 e6 Nc3 c6 e3 Nf6 b3
11	d4 d5 c4 e6 Nc3 c6 e3 f5
8	d4 d5 c4 e6 Nc3 c6 e4 Bb4
11	d4 d5 c4 e6 Nc3 c6 e4 dxe4 Nxe4 Bb4+ Bd2 Qxd4 Bxb4 Qxe4+ Be2 Na6 Bd6
8	d4 d5 c4 e6 Nc3 c6 e4 dxe4 Nxe4 Bb4+ Bd2 Qxd4 Bxb4 Qxe4+ Ne2
11	d4 d5 c4 e6 Nc3 c6 e4 dxe4 Nxe4 Bb4+ Nc3
8	d4 d5 c4 e6 Nc3 h6 Bf4
21	d4 d5 c4 e6 Nc3 h6 Nf3 Nf6
8	d4 d5 c4 e6 Nc3 h6 cxd5 exd5 Bf4 c6 e3 Bf5
11	d4 d5 c4 e6 Nf3 Be7 Nc3 Nf6
8	d4 d5 c4 e6 Nf3 Nd7
9	d4 d5 c4 e6 Nf3 Nf6 Bg5 Be7 Nc3 h6
9	d4 d5 c4 e6 Nf3 Nf6 Bg5 Be7 e3
9	d4 d5 c4 e6 Nf3 Nf6 Bg5 dxc4
8	d4 d5 c4 e6 Nf3 Nf6 Bg5 h6 Bxf6 Qxf6
9	d4 d5 c4 e6 Nf3 Nf6 Nc3 Bb4 Bg5 h6 Bxf6 Qxf6 e3
8	d4 d5 c4 e6 Nf3 Nf6 Nc3 Bb4 Qa4+ Nc6 e3 O-O
10	d4 d5 c4 e6 Nf3 Nf6 Nc3 Bb4 cxd5 exd5 Bg5
8	d4 d5 c4 e6 Nf3 Nf6 Nc3 Be7 Bf4 O-O e3 Nbd7 Be2 dxc4
9	d4 d5 c4 e6 Nf3 Nf6 Nc3 Be7 Bf4 O-O e3 Nbd7 c5 c6
8	d4 d5 c4 e6 Nf3 Nf6 Nc3 Be7 Bf4 O-O e3 c5 dxc5 Bxc5 a3 Nc6
9	d4 d5 c4 e6 Nf3 Nf6 Nc3 Be7 Bg5 O-O e3 h6
8	d4 d5 c4 e6 Nf3 Nf6 Nc3 Be7 Bg5 h6 Bh4 O-O e3 Ne4 Bxe7 Qxe7 Rc1 c6
11	d4 d5 c4 e6 Nf3 Nf6 Nc3 Be7 Bg5 h6 Bh4 O-O e3 b6
9	d4 d5 c4 e6 Nf3 Nf6 Nc3 Be7 Bg5 h6 Bxf6 Bxf6
9	d4 d5 c4 e6 Nf3 Nf6 Nc3 Be7 cxd5 exd5
10	d4 d5 c4 e6 Nf3 Nf6 Nc3 Nbd7 Bf4 dxc4 e3
13	d4 d5 c4 e6 Nf3 Nf6 Nc3 Nbd7 Bg5
9	d4 d5 c4 e6 Nf3 Nf6 Nc3 Nbd7 Qc2
8	d4 d5 c4 e6 Nf3 Nf6 Nc3 Nbd7 cxd5 exd5 Bg5 c6 e3
9	d4 d5 c4 e6 Nf3 Nf6 Nc3 a6 cxd5 exd5 Bg5 Be6
10	d4 d5 c4 e6 Nf3 Nf6 Nc3 c5 cxd5 Nxd5 e4 Nxc3 bxc3 cxd4 cxd4 Bb4+ Bd2 Bxd2+ Qxd2 O-O Bc4 Nd7 O-O b6
12	d4 d5 c4 e6 Nf3 Nf6 Nc3 c5 cxd5 cxd4 Qxd4 exd5
10	d4 d5 c4 e6 Nf3 Nf6 Nc3 c5 e3
10	d4 d5 c4 e6 Nf3 Nf6 Nc3 c6 Bg5 Nbd7 e3
10	d4 d5 c4 e6 Nf3 Nf6 Nc3 c6 Bg5 h6 Bxf6 Qxf6 e3
8	d4 d5 c4 e6 Nf3 Nf6 Nc3 c6 e3 Nbd7 Bd3 dxc4 Bxc4 b5
24	d4 d5 c4 e6 Nf3 Nf6 Nc3 c6 e3 Nbd7 Qc2 Bd6
11	d4 d5 c4 e6 Nf3 Nf6 Nc3 dxc4 e3 a6
8	d4 d5 c4 e6 Nf3 Nf6 Nc3 dxc4 e4 b5 e5 Nd5 Nxb5 Nb6 Be2
10	d4 d5 c4 e6 Nf3 Nf6 Nc3 h6
13	d4 d5 c4 e6 Nf3 Nf6 e3 Be7
9	d4 d5 c4 e6 Nf3 Nf6 g3 Bb4+ Bd2 Bd6 Bg2
13	d4 d5 c4 e6 Nf3 Nf6 g3 Bb4+ Bd2 Be7 Bg2 O-O O-O Nbd7 Qc2 c6
15	d4 d5 c4 e6 Nf3 Nf6 g3 Bb4+ Bd2 Be7 Bg2 O-O O-O c6 Qc2 Nbd7
8	d4 d5 c4 e6 Nf3 Nf6 g3 Bb4+ Bd2 Be7 Bg2 O-O O-O c6 Qc2 b6
11	d4 d5 c4 e6 Nf3 Nf6 g3 Bb4+ Bd2 Be7 Bg2 c6
8	d4 d5 c4 e6 Nf3 Nf6 g3 Bb4+ Bd2 a5 Bg2 O-O Qc2 Be7 O-O
8	d4 d5 c4 e6 Nf3 Nf6 g3 Bb4+ Nbd2 O-O Bg2 b6
8	d4 d5 c4 e6 Nf3 Nf6 g3 Bb4+ Nbd2 dxc4
8	d4 d5 c4 e6 Nf3 Nf6 g3 Bd6 Bg2
10	d4 d5 c4 e6 Nf3 Nf6 g3 Be7 Bg2 O-O Nc3
12	d4 d5 c4 e6 Nf3 Nf6 g3 Be7 Bg2 O-O O-O Nbd7
9	d4 d5 c4 e6 Nf3 Nf6 g3 Be7 Bg2 O-O O-O c6 Qc2
11	d4 d5 c4 e6 Nf3 Nf6 g3 Be7 Bg2 O-O O-O dxc4 Qc2 a6 Qxc4 b5 Qc2 Bb7 Bd2 Be4 Qc1
9	d4 d5 c4 e6 Nf3 Nf6 g3 Be7 Bg2 O-O O-O dxc4 Qc2 a6 a4 Bd7 Qxc4 Bc6 Bf4 Bd6
10	d4 d5 c4 e6 Nf3 Nf6 g3 Be7 Bg2 O-O O-O dxc4 Qc2 a6 a4 Bd7 Qxc4 Bc6 Bg5
8	d4 d5 c4 e6 Nf3 Nf6 g3 Be7 Bg2 O-O Qc2
9	d4 d5 c4 e6 Nf3 Nf6 g3 Nc6 Bg2 Bd6 O-O O-O
8	d4 d5 c4 e6 Nf3 Nf6 g3 c5
12	d4 d5 c4 e6 Nf3 Nf6 g3 dxc4 Bg2 Bb4+ Bd2 a5
10	d4 d5 c4 e6 Nf3 Nf6 g3 dxc4 Bg2 Nc6 Qa4 Bb4+ Bd2
14	d4 d5 c4 e6 Nf3 Nf6 g3 dxc4 Bg2 a6 O-O Nc6
9	d4 d5 c4 e6 Nf3 Nf6 g3 dxc4 Bg2 c5 O-O Nc6 Qa4 Bd7 Qxc4
12	d4 d5 c4 e6 Nf3 Nf6 g3 dxc4 Bg2 c5 O-O Nc6 dxc5 Qxd1 Rxd1 Bxc5 Nbd2 c3 bxc3 O-O Nb3 Be7
10	d4 d5 c4 e6 Nf3 Nf6 g3 dxc4 Bg2 c6
9	d4 d5 c4 e6 Nf3 a6 Bg5 Be7 Bxe7 Qxe7 Nbd2 Nf6 g3
9	d4 d5 c4 e6 Nf3 a6 cxd5 exd5 Nc3 Nf6 Bg5 Be6 e3 Nbd7
18	d4 d5 c4 e6 Nf3 a6 cxd5 exd5 Nc3 c6
10	d4 d5 c4 e6 Nf3 a6 cxd5 exd5 Nc3 h6
8	d4 d5 c4 e6 Nf3 a6 g3 dxc4 Bg2
8	d4 d5 c4 e6 Nf3 c5 cxd5 exd5 Nc3 Nc6 g3 Nf6 Bg2
16	d4 d5 c4 e6 Nf3 c5 cxd5 exd5 g3 Nc6 Bg2 Nf6 O-O Be7
8	d4 d5 c4 e6 Nf3 c5 cxd5 exd5 g3 Nf6 Bg2 Be7 O-O O-O
9	d4 d5 c4 e6 Nf3 c6 Bg5
10	d4 d5 c4 e6 Nf3 c6 Nbd2 Nf6
8	d4 d5 c4 e6 Nf3 c6 Nbd2 f5 g3 Nf6 Bg2 Bd6 O-O O-O
11	d4 d5 c4 e6 Nf3 c6 Nc3
12	d4 d5 c4 e6 Nf3 c6 Qc2 Nf6 Bg5
8	d4 d5 c4 e6 Nf3 c6 Qc2 Nf6 g3 dxc4 Qxc4 b5
9	d4 d5 c4 e6 Nf3 c6 e3 Bd6 Bd3 f5 O-O
9	d4 d5 c4 e6 Nf3 c6 e3 Nf6
9	d4 d5 c4 e6 Nf3 c6 e3 f5 Bd3 Nf6 O-O Bd6 b3 Qe7 Bb2
9	d4 d5 c4 e6 Nf3 c6 g3 dxc4 Bg2 b5
9	d4 d5 c4 e6 Nf3 dxc4 e3 Nf6 Bxc4 c5 O-O
11	d4 d5 c4 e6 g3
8	d4 d6 Bg5
12	d4 d6 Nf3 Bg4 c4 Bxf3 exf3
13	d4 d6 Nf3 Bg4 c4 Nd7
9	d4 d6 Nf3 Bg4 e4 Nf6 Nc3 e6
8	d4 d6 Nf3 Nf6 Bg5 Nbd7
10	d4 d6 Nf3 Nf6 Nc3
8	d4 d6 Nf3 Nf6 c4 g6 Nc3 Bf5 Qb3 Qc8
12	d4 d6 Nf3 Nf6 c4 g6 Nc3 Bf5 d5
12	d4 d6 Nf3 Nf6 c4 g6 Nc3 Bf5 g3
8	d4 d6 Nf3 Nf6 c4 g6 Nc3 Bf5 h3
12	d4 d6 Nf3 Nf6 c4 g6 Nc3 Bg7 e4 O-O Be2 e5 O-O
12	d4 d6 Nf3 Nf6 c4 g6 g3 Bg7 Bg2 O-O O-O
10	d4 d6 Nf3 Nf6 g3 g6 Bg2 Bg7 O-O O-O c4
12	d4 d6 Nf3 f5
13	d4 d6 Nf3 g6 c4 Bg7 Nc3 Bg4 e3 Nf6
10	d4 d6 Nf3 g6 c4 Bg7 Nc3 Nc6
21	d4 d6 Nf3 g6 c4 Bg7 Nc3 Nf6 e4 O-O Be2
8	d4 d6 Nf3 g6 c4 Bg7 Nc3 e5 e4 Nc6
9	d4 d6 Nf3 g6 c4 Bg7 Nc3 e5 e4 exd4 Nxd4
8	d4 d6 Nf3 g6 c4 Bg7 e4
8	d4 d6 Nf3 g6 c4 f5 Nc3 Nf6 g3 Bg7 Bg2 O-O O-O
8	d4 d6 Nf3 g6 c4 f5 g3 Bg7 Bg2 Nf6 O-O O-O
24	d4 d6 Nf3 g6 e4 Bg7
10	d4 d6 Nf3 g6 e4 Nf6
12	d4 d6 Nf3 g6 g3 Bg7 Bg2 Nd7 O-O e5
10	d4 d6 Nf3 g6 g3 Bg7 Bg2 Nf6 O-O O-O c4 Nc6 Nc3
8	d4 d6 c4 e5 Nc3 exd4 Qxd4 Nc6 Qd2 g6
12	d4 d6 c4 e5 Nf3 e4 Ng5 f5 Nc3
9	d4 d6 c4 g6 Nc3 Bg7 e4
8	d4 d6 e4 Nf6 Bd3 e5 c3
9	d4 d6 e4 Nf6 Nc3 Nbd7 Nf3 e5 Bc4 Be7 O-O
8	d4 d6 e4 Nf6 Nc3 Nbd7 f4 e5 Nf3 exd4 Qxd4
8	d4 d6 e4 Nf6 Nc3 e5 Nf3 Nbd7 Bc4 Be7 O-O O-O Re1 c6 a4
8	d4 d6 e4 Nf6 Nc3 e5 Nf3 Nbd7 Bc4 Be7 O-O O-O a4
8	d4 d6 e4 Nf6 Nc3 e5 Nf3 Nbd7 Bc4 Be7 O-O c6
9	d4 d6 e4 Nf6 Nc3 e5 Nf3 Nbd7 Rg1
12	d4 d6 e4 Nf6 Nc3 e5 dxe5 dxe5 Qxd8+ Kxd8 Bc4 Ke8
13	d4 d6 e4 Nf6 Nc3 g6 Be3 c6
8	d4 d6 e4 Nf6 Nc3 g6 Bg5
20	d4 d6 e4 Nf6 Nc3 g6 Nf3 Bg7 Be2 O-O O-O
17	d4 d6 e4 Nf6 Nc3 g6 f4 Bg7 Nf3 O-O
9	d4 d6 e4 Nf6 Nc3 g6 g3 Bg7 Bg2 O-O
9	d4 d6 e4 Nf6 f3 c5
15	d4 d6 e4 Nf6 f3 e5
10	d4 d6 e4 e5
11	d4 d6 e4 g6 Nc3 Bg7 Be3 a6
14	d4 d6 e4 g6 Nc3 Bg7 f4
12	d4 d6 e4 g6 Nf3 Bg7
9	d4 d6 e4 g6 c4 Bg7 Nc3
10	d4 d6 g3 g6 Bg2 Bg7 Nf3 Nf6 O-O O-O
8	d4 e6 Bf4 Nf6 e3
8	d4 e6 Bf4 c5 e3 Qb6
8	d4 e6 Nf3 Nf6 Bf4 b6 e3
12	d4 e6 Nf3 Nf6 c4 Bb4+ Bd2
8	d4 e6 Nf3 Nf6 c4 Bb4+ Nbd2
9	d4 e6 Nf3 Nf6 c4 b6 g3
11	d4 e6 Nf3 Nf6 c4 d5 Nc3 Be7
8	d4 e6 Nf3 Nf6 c4 d5 g3
8	d4 e6 Nf3 Nf6 g3
11	d4 e6 Nf3 b6
9	d4 e6 Nf3 c5 c4 cxd4 Nxd4 Nf6 Nc3
9	d4 e6 Nf3 c5 e3 Nf6
15	d4 e6 Nf3 c5 e4 cxd4 Nxd4
8	d4 e6 Nf3 c5 g3 cxd4 Nxd4
11	d4 e6 Nf3 d5 c4
13	d4 e6 Nf3 f5 g3 Nf6 Bg2
9	d4 e6 c4 Bb4+ Bd2 Bxd2+ Qxd2 Nf6 Nc3
8	d4 e6 c4 Bb4+ Bd2 Qe7 g3
10	d4 e6 c4 Bb4+ Bd2 a5 Nc3
14	d4 e6 c4 Bb4+ Bd2 a5 Nf3
13	d4 e6 c4 Bb4+ Bd2 a5 g3
14	d4 e6 c4 Bb4+ Nc3
9	d4 e6 c4 Bb4+ Nd2 c5 a3 Bxd2+ Qxd2 cxd4 Nf3 Nf6
8	d4 e6 c4 Bb4+ Nd2 d5 Qa4+ Nc6
10	d4 e6 c4 Nf6 Nc3 Bb4 Nf3
8	d4 e6 c4 Nf6 Nc3 Bb4 Qc2 O-O a3 Bxc3+ Qxc3
8	d4 e6 c4 Nf6 Nc3 Bb4 Qc2 c5 dxc5
13	d4 e6 c4 Nf6 Nc3 Bb4 e3 O-O Bd3
8	d4 e6 c4 Nf6 Nc3 d5 cxd5 exd5 Bg5 c6 e3
10	d4 e6 c4 Nf6 Nf3 Bb4+
8	d4 e6 c4 Nf6 Nf3 b6 a3
9	d4 e6 c4 Nf6 Nf3 b6 g3 Ba6
8	d4 e6 c4 Nf6 Nf3 b6 g3 Bb7 Bg2 Be7
8	d4 e6 c4 Nf6 Nf3 d5 Nc3 Bb4 Bg5
8	d4 e6 c4 Nf6 Nf3 d5 Nc3 Be7 Bf4 O-O e3
8	d4 e6 c4 Nf6 Nf3 d5 Nc3 Be7 Bg5
12	d4 e6 c4 Nf6 Nf3 d5 g3
10	d4 e6 c4 Nf6 g3
14	d4 e6 c4 b6 Nc3 Bb4
9	d4 e6 c4 b6 Nc3 Bb7 a3
8	d4 e6 c4 b6 Nf3 Bb7 Nc3 Bb4
11	d4 e6 c4 b6 Nf3 Bb7 g3 Bb4+ Bd2
8	d4 e6 c4 b6 a3 Bb7 Nc3 Nf6 d5
11	d4 e6 c4 b6 a3 Bb7 Nc3 f5 d5 Nf6 g3
11	d4 e6 c4 b6 e4 Bb4+ Bd2 Bxd2+ Qxd2 d5
8	d4 e6 c4 b6 e4 Bb7 Bd3 Bb4+ Bd2
11	d4 e6 c4 b6 e4 Bb7 Bd3 Nc6 Ne2 Nb4 Nbc3 Nxd3+ Qxd3
8	d4 e6 c4 b6 e4 Bb7 Nc3
8	d4 e6 c4 c5 Nf3
10	d4 e6 c4 c5 d5 exd5 cxd5 d6 Nc3 g6 e4 Bg7
8	d4 e6 c4 c5 d5 exd5 cxd5 d6 e4 g6
9	d4 e6 c4 d5 Nc3 Be7 Nf3 Nf6 Bf4 O-O e3
8	d4 e6 c4 d5 Nc3 Nf6
9	d4 e6 c4 d5 Nf3 Nf6 Nc3
14	d4 e6 c4 f5 Nc3 Nf6
10	d4 e6 c4 f5 Nf3 Nf6
8	d4 e6 c4 f5 g3 Nf6 Bg2 Be7 Nf3 d5
11	d4 e6 c4 f5 g3 Nf6 Bg2 c6 Nf3 d5 O-O Bd6
8	d4 e6 c4 f5 g3 Nf6 Bg2 d5 Nf3 Bd6
13	d4 e6 e4 d5 Nc3 Bb4 e5
8	d4 e6 e4 d5 Nc3 Nf6 e5 Nfd7 f4 c5 Nf3 Nc6 Be3 cxd4 Nxd4
8	d4 e6 e4 d5 Nc3 dxe4 Nxe4 Nd7
12	d4 e6 e4 d5 Nd2 c5 exd5
8	d4 e6 e4 d5 Nd2 dxe4 Nxe4
9	d4 e6 e4 d5 e5 c5 c3 Nc6 Nf3 Bd7
16	d4 e6 e4 d5 exd5 exd5 Nf3
8	d4 e6 g3
10	d4 f5 Bf4 Nf6 e3 e6
10	d4 f5 Bg5 c6
8	d4 f5 Bg5 g6 Nc3 Bg7
8	d4 f5 Bg5 h6 Bh4 g5 e3 Nf6 Bg3 d6
11	d4 f5 Nc3 Nf6 Bg5 d5 Bxf6 exf6 e3 Be6
8	d4 f5 Nc3 Nf6 Bg5 d5 e3 e6 Nf3 Be7 Bd3 O-O O-O
8	d4 f5 Nc3 d5 Bf4 Nf6 e3
12	d4 f5 Nf3 Nf6 Bg5 e6 Nbd2
9	d4 f5 Nf3 Nf6 c4 e6
17	d4 f5 Nf3 Nf6 c4 g6
9	d4 f5 Nf3 Nf6 e3
9	d4 f5 Nf3 Nf6 g3 g6 Bg2 Bg7 O-O O-O c4 d6 Nc3 c6
11	d4 f5 c4 Nf6 Nc3 d6 Bg5 Nbd7 Qc2 g6
10	d4 f5 c4 Nf6 Nc3 d6 Bg5 Nbd7 e3
11	d4 f5 c4 Nf6 Nc3 d6 Nf3 g6
16	d4 f5 c4 Nf6 Nc3 e6
9	d4 f5 c4 Nf6 Nc3 g6 h4
12	d4 f5 c4 Nf6 Nf3 g6
10	d4 f5 c4 Nf6 g3 g6 Bg2 Bg7
8	d4 f5 g3 Nf6 Bg2 d6 Nf3 g6 O-O Bg7 c4 O-O Nc3
8	d4 f5 g3 Nf6 Bg2 e6 Nf3 d5 O-O Bd6 c4 c6
17	d4 f5 g3 Nf6 Bg2 e6 c4 c6
8	d4 f5 g3 Nf6 Bg2 g6 Nd2 Bg7
16	d4 f5 g3 Nf6 Bg2 g6 Nf3 Bg7 O-O O-O b3 d6 Bb2
9	d4 f5 g3 Nf6 Bg2 g6 Nf3 Bg7 O-O O-O c4 d6 Nc3 Qe8
13	d4 f5 g3 Nf6 Bg2 g6 Nf3 Bg7 O-O O-O c4 d6 Nc3 c6 b3
8	d4 f5 g3 Nf6 Bg2 g6 Nf3 Bg7 c4
11	d4 f5 g3 Nf6 Bg2 g6 Nh3 Bg7
12	d4 f5 g3 Nf6 Bg2 g6 c3 Bg7
11	d4 f5 g3 Nf6 Bg2 g6 c4 Bg7 Nc3 O-O Nf3 d6 O-O
9	d4 g6 Nc3
9	d4 g6 Nf3 Bg7 Bf4 d6 e3
14	d4 g6 Nf3 Bg7 c4
24	d4 g6 Nf3 Bg7 e4 d6
10	d4 g6 Nf3 Bg7 g3 c5
17	d4 g6 Nf3 Bg7 g3 d6 Bg2
8	d4 g6 Nf3 Nf6
12	d4 g6 c4 Bg7 Nc3 c5 d5
11	d4 g6 c4 Bg7 Nc3 d6 Nf3
10	d4 g6 c4 Bg7 Nc3 d6 e4 Nc6
9	d4 g6 c4 Bg7 Nc3 d6 e4 Nf6
21	d4 g6 c4 Bg7 Nf3 d6 Nc3
8	d4 g6 c4 Bg7 e4 c5
9	d4 g6 c4 Bg7 e4 d6 Nc3 Nf6
8	d4 g6 c4 Bg7 e4 d6 Nc3 e5
9	d4 g6 c4 Bg7 e4 d6 Nf3
17	d4 g6 e4 Bg7 Nc3 a6
14	d4 g6 e4 Bg7 Nc3 c6
20	d4 g6 e4 Bg7 Nc3 d6 Be3 a6
10	d4 g6 e4 Bg7 Nc3 d6 f4
8	d4 g6 e4 Bg7 Nf3 d6 Bc4 Nf6 Qe2
10	d4 g6 e4 Bg7 Nf3 d6 Bd3
11	d4 g6 e4 Bg7 Nf3 d6 Be3
8	d4 g6 e4 Bg7 Nf3 d6 Nc3
11	d4 g6 e4 Bg7 Nf3 d6 c3 Nf6 Bd3 O-O O-O
11	d4 g6 e4 Bg7 c3 d6
10	d4 g6 e4 Bg7 c4 d6 Nc3 e5
12	d4 g6 e4 d6 Nc3
10	d4 g6 e4 d6 Nf3
12	d4 g6 g3 Bg7 Bg2
10	e3 Nf6 Nf3
10	e3 d5 c4
12	e3 e5
11	e4 Nc6 Nf3 d5 exd5 Qxd5 Nc3
11	e4 Nc6 Nf3 d6 d4 Nf6 Nc3 g6 d5 Nb8
8	e4 Nc6 Nf3 d6 d4 Nf6 Nc3 g6 h3 Bg7 Be3
11	e4 Nc6 Nf3 e5 Bb5
9	e4 Nc6 d4 d5 e5 Bf5 c3 e6
9	e4 Nf6 Nc3 d5 e5 Nfd7 d4 c5
8	e4 Nf6 Nc3 d5 exd5 Nxd5 Bc4
8	e4 Nf6 Nc3 d5 exd5 Nxd5 Nf3
9	e4 Nf6 Nc3 e5 Nf3 Nc6
9	e4 Nf6 e5 Nd5 Nc3 Nxc3
8	e4 Nf6 e5 Nd5 Nf3 d6 d4 dxe5 Nxe5 c6
10	e4 Nf6 e5 Nd5 c4 Nb6 d4 d6 f4
13	e4 Nf6 e5 Nd5 d4 d6 Nf3 Bg4 Be2 e6 O-O Be7
11	e4 Nf6 e5 Nd5 d4 d6 Nf3 dxe5 Nxe5 c6 Bc4 Nd7 Nf3 N7f6
9	e4 Nf6 e5 Nd5 d4 d6 Nf3 dxe5 Nxe5 c6 Bd3 Nd7 Nf3 N7f6
9	e4 Nf6 e5 Nd5 d4 d6 Nf3 dxe5 Nxe5 c6 Be2 Bf5 O-O Nd7 Nf3 e6 c4 N5f6 Nc3 Bd6 Nh4 Bg6 g3 O-O Be3
9	e4 Nf6 e5 Nd5 d4 d6 Nf3 dxe5 Nxe5 c6 Be2 Bf5 O-O Nd7 Nf3 e6 c4 N5f6 Nh4
9	e4 Nf6 e5 Nd5 d4 d6 Nf3 dxe5 Nxe5 c6 Be2 Nd7 Nf3
8	e4 Nf6 e5 Nd5 d4 d6 Nf3 dxe5 Nxe5 c6 h3
8	e4 Nf6 e5 Nd5 d4 d6 Nf3 dxe5 Nxe5 g6 Bc4 c6 O-O
27	e4 Nf6 e5 Nd5 d4 d6 Nf3 g6 Bc4 Nb6 Bb3 Bg7
12	e4 Nf6 e5 Nd5 d4 d6 Nf3 g6 Bc4 c6 O-O Bg7
8	e4 Nf6 e5 Nd5 d4 d6 c4 Nb6 exd6 cxd6 Nc3 g6 Be3 Bg7 Rc1 O-O b3
14	e4 Nf6 e5 Nd5 d4 d6 c4 Nb6 exd6 exd6 Nc3 Be7 Bd3 O-O Nge2
8	e4 Nf6 e5 Nd5 d4 d6 c4 Nb6 exd6 exd6 h3 Be7 Nf3 O-O Bd3 Nc6
8	e4 Nf6 e5 Nd5 d4 d6 c4 Nb6 f4 dxe5 fxe5 Bf5 Nc3 e6 Nf3 Bb4 Be2 c5
8	e4 Nf6 e5 Nd5 d4 d6 exd6
9	e4 Nf6 e5 Ng8 d4 d6 Nf3
12	e4 a5 d4
9	e4 a6 d4 b5
8	e4 a6 d4 c6 Bd3 d5 e5 c5
20	e4 a6 d4 e6
15	e4 b6 d4 Bb7 Bd3 e6 Nf3
11	e4 b6 d4 Bb7 Nc3 e6
8	e4 c5 Be2 Nc6 d3 g6 f4 Bg7 Nf3 d6
14	e4 c5 Be2 Nc6 f4
10	e4 c5 Na3 Nc6 Bb5
9	e4 c5 Nc3 Nc6 Bb5 Nd4 Bc4 e6 Nf3
12	e4 c5 Nc3 Nc6 Bb5 Nd4 Bc4 e6 Nge2
9	e4 c5 Nc3 Nc6 Bb5 Nd4 Nf3 a6 Bd3 Nc6 O-O
8	e4 c5 Nc3 Nc6 Bb5 Nd4 Nf3 a6 Bd3 g6
26	e4 c5 Nc3 Nc6 Bb5 Nd4 Nf3 e6 O-O a6 Bd3 Nc6
10	e4 c5 Nc3 Nc6 Bb5 Nd4 a4
10	e4 c5 Nc3 Nc6 Bb5 g6 Bxc6
8	e4 c5 Nc3 Nc6 Nf3 Nf6 Bb5 Qc7
10	e4 c5 Nc3 Nc6 Nf3 d6 d4 cxd4 Nxd4 Nf6 Bg5 e6 Qd2
9	e4 c5 Nc3 Nc6 Nf3 e5 Bc4 Be7 d3 d6
8	e4 c5 Nc3 Nc6 Nf3 e5 Bc4 d6 d3 Be7
9	e4 c5 Nc3 Nc6 Nf3 e6 d4 cxd4 Nxd4 Qc7
8	e4 c5 Nc3 Nc6 Nf3 g6 Bb5 Bg7 O-O
8	e4 c5 Nc3 Nc6 Nf3 g6 d4 cxd4 Nxd4 Bg7 Be3 Nf6 Bc4 O-O Bb3 d6
8	e4 c5 Nc3 Nc6 Nge2 Nf6 d4 cxd4 Nxd4 e5 Ndb5 d6 Bg5 a6 Na3 b5
8	e4 c5 Nc3 Nc6 Nge2 e5
9	e4 c5 Nc3 Nc6 Nge2 g6 d4 cxd4 Nxd4 Bg7 Be3 Nf6
12	e4 c5 Nc3 Nc6 f4 e6 Nf3
10	e4 c5 Nc3 Nc6 f4 g6 Nf3 Bg7 Bb5 Nd4 O-O
8	e4 c5 Nc3 Nc6 g3 g6 Bg2 Bg7 d3 d6 Be3 Rb8 Qd2 b5
9	e4 c5 Nc3 Nc6 g3 g6 Bg2 Bg7 d3 d6 Nge2
10	e4 c5 Nc3 Nc6 g3 g6 Bg2 Bg7 d3 d6 f4
9	e4 c5 Nc3 Nc6 g3 g6 Bg2 Bg7 d3 e6
10	e4 c5 Nc3 a6 Nf3 d6
11	e4 c5 Nc3 a6 Nge2 d6 g3
8	e4 c5 Nc3 a6 f4
8	e4 c5 Nc3 a6 g3 b5 Bg2 Bb7 Nge2
10	e4 c5 Nc3 a6 g3 b5 Bg2 Bb7 d3
14	e4 c5 Nc3 d6 Bb5+ Bd7 Bxd7+ Qxd7 d4 cxd4 Qxd4 Nc6 Qd3 g6 Nf3 Bg7 O-O Nf6 Nd5 O-O Bg5
13	e4 c5 Nc3 d6 Bc4
8	e4 c5 Nc3 d6 Nf3 Nf6 d4 cxd4 Nxd4 a6 Be3
8	e4 c5 Nc3 d6 Nf3 Nf6 e5 dxe5 Nxe5
11	e4 c5 Nc3 d6 Nf3 a6
8	e4 c5 Nc3 d6 Nge2 Nc6
10	e4 c5 Nc3 d6 Nge2 Nf6 d4 cxd4 Nxd4 a6
17	e4 c5 Nc3 d6 Nge2 Nf6 g3 Nc6 Bg2 g6
8	e4 c5 Nc3 d6 Nge2 Nf6 g3 g6 Bg2 Bg7 O-O O-O d3 Nc6
9	e4 c5 Nc3 d6 Nge2 Nf6 g3 g6 Bg2 Bg7 d3 Nc6
9	e4 c5 Nc3 d6 Nge2 Nf6 g3 g6 Bg2 Nc6
9	e4 c5 Nc3 d6 Nge2 Nf6 h3 Nc6
10	e4 c5 Nc3 d6 Nge2 a6
9	e4 c5 Nc3 d6 d4 cxd4 Qxd4 Nc6 Bb5 Bd7 Bxc6 Bxc6
8	e4 c5 Nc3 d6 d4 cxd4 Qxd4 Nc6 Qd2 Nf6 b3 e6 Bb2 d5 exd5 exd5 O-O-O Be6
13	e4 c5 Nc3 d6 d4 cxd4 Qxd4 Nc6 Qd2 g6 b3 Bh6 f4 Nf6 Bb2
9	e4 c5 Nc3 d6 d4 cxd4 Qxd4 Nc6 Qd2 g6 b3 Bh6 f4 f5 Bb2 Nf6
8	e4 c5 Nc3 d6 d4 cxd4 Qxd4 Nf6
8	e4 c5 Nc3 d6 f4 Nc6 Nf3 g6 Bb5 Bd7 O-O
8	e4 c5 Nc3 d6 f4 Nc6 Nf3 g6 Bc4 Bg7 O-O e6
8	e4 c5 Nc3 d6 f4 g6 Nf3 Bg7 Bb5+ Bd7 Bc4 Nc6 d3 Na5
8	e4 c5 Nc3 d6 f4 g6 Nf3 Bg7 Bb5+ Bd7 Bc4 Nc6 d3 e6
12	e4 c5 Nc3 d6 f4 g6 Nf3 Bg7 Bc4 Nc6 O-O e6
12	e4 c5 Nc3 d6 g3 Nc6 Bg2 g6 d3 Bg7 Be3
8	e4 c5 Nc3 d6 g3 g6 Bg2 Bg7 d3 Nc6
14	e4 c5 Nc3 e6 Nf3 Nc6 d4 cxd4 Nxd4 Nf6
8	e4 c5 Nc3 e6 Nf3 Nc6 d4 cxd4 Nxd4 Qc7 Be3 a6 Qd2 Nf6
10	e4 c5 Nc3 e6 Nf3 a6 d4 cxd4 Nxd4 Qc7 Bd3 Nf6
8	e4 c5 Nc3 e6 Nf3 a6 d4 cxd4 Nxd4 b5 Bd3 Bb7 O-O
8	e4 c5 Nc3 e6 Nf3 a6 d4 cxd4 Nxd4 d6
8	e4 c5 Nc3 e6 Nf3 a6 g3 b5 Bg2 Bb7 d3
11	e4 c5 Nc3 e6 Nf3 d6 d4 cxd4 Nxd4
13	e4 c5 Nc3 e6 Nge2 Nc6
15	e4 c5 Nc3 e6 d4 cxd4 Qxd4 Nc6
8	e4 c5 Nc3 e6 f4 d5
8	e4 c5 Nc3 e6 g3 Nc6 Bg2 Nf6
9	e4 c5 Nc3 e6 g3 d5
8	e4 c5 Nc3 g6 Nf3 Bg7 d4 cxd4 Nxd4 Nc6 Be3 Nf6 Bc4
9	e4 c5 Nc3 g6 d4 cxd4 Qxd4 Nf6
21	e4 c5 Ne2 Nc6 Nbc3
8	e4 c5 Ne2 Nc6 d4 cxd4 Nxd4
8	e4 c5 Ne2 Nf6 Nbc3 d6 d4 cxd4 Nxd4 a6
8	e4 c5 Ne2 Nf6 Nbc3 d6 g3 Nc6 Bg2 g6
8	e4 c5 Ne2 d6 g3 Nf6 Bg2
10	e4 c5 Ne2 e6
8	e4 c5 Nf3 Nc6 Bb5 Nf6 Bxc6 dxc6 d3 Bg4 Nbd2 Nd7
13	e4 c5 Nf3 Nc6 Bb5 Nf6 Bxc6 dxc6 d3 Bg4 h3 Bh5
9	e4 c5 Nf3 Nc6 Bb5 Nf6 Bxc6 dxc6 d3 Qc7 Nbd2 e5
18	e4 c5 Nf3 Nc6 Bb5 Nf6 Nc3 Qc7 O-O Nd4 Re1 a6 Bf1
9	e4 c5 Nf3 Nc6 Bb5 Nf6 Nc3 g6 O-O Bg7
10	e4 c5 Nf3 Nc6 Bb5 Nf6 Nc3 g6 e5 Ng4 Bxc6 dxc6
8	e4 c5 Nf3 Nc6 Bb5 Nf6 e5 Nd5
10	e4 c5 Nf3 Nc6 Bb5 d6 Bxc6+ bxc6 O-O Bg4
8	e4 c5 Nf3 Nc6 Bb5 d6 Bxc6+ bxc6 O-O e5 c3
12	e4 c5 Nf3 Nc6 Bb5 d6 O-O Bd7 Re1 Nf6 c3 a6 Ba4 b5 Bc2
8	e4 c5 Nf3 Nc6 Bb5 d6 O-O Bd7 Re1 Nf6 c3 a6 Bc4 Bg4
14	e4 c5 Nf3 Nc6 Bb5 d6 O-O Bd7 Re1 Nf6 c3 a6 Bf1 Bg4 d3 e6 Nbd2
11	e4 c5 Nf3 Nc6 Bb5 d6 O-O Bd7 Re1 Nf6 c3 a6 Bf1 Bg4 d4 cxd4 cxd4
9	e4 c5 Nf3 Nc6 Bb5 d6 O-O Bd7 Re1 Nf6 c3 a6 Bf1 Bg4 h3 Bxf3 Qxf3 e6 d3 Be7 Nd2 O-O
10	e4 c5 Nf3 Nc6 Bb5 d6 O-O Bd7 Re1 Nf6 c3 a6 Bf1 Bg4 h3 Bxf3 Qxf3 g6 d3 Bg7 Be3
19	e4 c5 Nf3 Nc6 Bb5 d6 O-O Bd7 Re1 Nf6 h3
8	e4 c5 Nf3 Nc6 Bb5 d6 O-O Bd7 Re1 a6 Bf1 Bg4
8	e4 c5 Nf3 Nc6 Bb5 d6 O-O Bd7 Re1 a6 Bxc6 Bxc6
12	e4 c5 Nf3 Nc6 Bb5 d6 O-O Bd7 c3 Nf6 Re1 a6 Ba4 b5 Bc2
8	e4 c5 Nf3 Nc6 Bb5 d6 O-O Bd7 c3 a6 Ba4 Nf6
10	e4 c5 Nf3 Nc6 Bb5 d6 c3
10	e4 c5 Nf3 Nc6 Bb5 d6 d4 cxd4 Qxd4
13	e4 c5 Nf3 Nc6 Bb5 e5 O-O Bd6 c3 a6 Ba4 b5 Bc2 Nge7
9	e4 c5 Nf3 Nc6 Bb5 e5 O-O Bd6 d3 Nf6
15	e4 c5 Nf3 Nc6 Bb5 e5 O-O Nge7
9	e4 c5 Nf3 Nc6 Bb5 e6 Bxc6 bxc6 b3 Ne7
12	e4 c5 Nf3 Nc6 Bb5 e6 Bxc6 bxc6 b3 d6 e5
10	e4 c5 Nf3 Nc6 Bb5 e6 Bxc6 bxc6 b3 f6 O-O
8	e4 c5 Nf3 Nc6 Bb5 e6 Bxc6 bxc6 d3 Ne7 Nbd2 d6
10	e4 c5 Nf3 Nc6 Bb5 e6 Bxc6 bxc6 d3 Ne7 Qe2 Qc7
8	e4 c5 Nf3 Nc6 Bb5 e6 Bxc6 bxc6 d3 Ne7 h4 d6 h5 e5
9	e4 c5 Nf3 Nc6 Bb5 e6 Bxc6 bxc6 d3 Qc7 O-O Ne7
9	e4 c5 Nf3 Nc6 Bb5 e6 O-O Nd4 Nxd4 cxd4 c3 a6
8	e4 c5 Nf3 Nc6 Bb5 e6 O-O Nge7 Nc3 a6 Bxc6
8	e4 c5 Nf3 Nc6 Bb5 e6 O-O Nge7 Re1 Nd4 Nxd4 cxd4 c3 a6 Bf1 Nc6 b4 Bd6
9	e4 c5 Nf3 Nc6 Bb5 e6 O-O Nge7 Re1 Nd4 Nxd4 cxd4 d3 a6 Ba4
11	e4 c5 Nf3 Nc6 Bb5 e6 O-O Nge7 Re1 Ng6 c3
8	e4 c5 Nf3 Nc6 Bb5 e6 O-O Nge7 Re1 a6 Bf1 Ng6
12	e4 c5 Nf3 Nc6 Bb5 e6 O-O Nge7 Re1 a6 Bf1 d5 d3 d4 e5
10	e4 c5 Nf3 Nc6 Bb5 e6 O-O Nge7 Re1 a6 Bf1 d5 exd5 Nxd5 d4 Nf6 Be3 Be7 c4 O-O Nc3 cxd4 Nxd4 Ne5 h3 Bd7
13	e4 c5 Nf3 Nc6 Bb5 e6 O-O Nge7 Re1 a6 Bf1 d5 exd5 Nxd5 d4 Nf6 Be3 cxd4 Nxd4 Bd7 c4
12	e4 c5 Nf3 Nc6 Bb5 e6 O-O Nge7 Re1 a6 Bxc6 Nxc6 d4 cxd4 Nxd4
9	e4 c5 Nf3 Nc6 Bb5 e6 O-O Nge7 Re1 b6
8	e4 c5 Nf3 Nc6 Bb5 e6 O-O Nge7 Re1 h6
9	e4 c5 Nf3 Nc6 Bb5 e6 O-O Nge7 b3 a6 Bxc6 Nxc6 Bb2
10	e4 c5 Nf3 Nc6 Bb5 e6 O-O Nge7 c3 a6 Ba4 b5 Bc2 Bb7 Qe2 d5 e5 d4 Be4
8	e4 c5 Nf3 Nc6 Bb5 e6 O-O Nge7 c3 a6 Ba4 b5 Bc2 Bb7 Re1 Ng6 d4 cxd4 cxd4 Rc8
8	e4 c5 Nf3 Nc6 Bb5 e6 O-O Nge7 c3 a6 Ba4 b5 Bc2 Bb7 Re1 Rc8 a4
9	e4 c5 Nf3 Nc6 Bb5 e6 O-O Nge7 c3 a6 Ba4 b5 Bc2 d5
12	e4 c5 Nf3 Nc6 Bb5 e6 O-O Nge7 c3 a6 Be2 d5 exd5 Nxd5 d4
8	e4 c5 Nf3 Nc6 Bb5 e6 O-O Nge7 d4 cxd4 Nxd4 Ng6 Be2 Be7 c4
8	e4 c5 Nf3 Nc6 Bb5 e6 O-O Nge7 d4 cxd4 Nxd4 Ng6 Be3 Be7 Be2 O-O
13	e4 c5 Nf3 Nc6 Bb5 e6 O-O Nge7 d4 cxd4 Nxd4 Ng6 Be3 Be7 c3 O-O Nd2
8	e4 c5 Nf3 Nc6 Bb5 e6 O-O Nge7 d4 cxd4 Nxd4 Qb6 Nxc6 bxc6 Bd3 Ng6 c4
8	e4 c5 Nf3 Nc6 Bb5 e6 c3 Nge7 d4 cxd4 cxd4
11	e4 c5 Nf3 Nc6 Bb5 e6 c3 d5
8	e4 c5 Nf3 Nc6 Bb5 g6 Bxc6 bxc6 O-O Bg7 Re1 Nf6 e5 Nd5 c4 Nc7 d4 cxd4 Qxd4 Ne6 Qh4
9	e4 c5 Nf3 Nc6 Bb5 g6 Bxc6 bxc6 O-O Bg7 Re1 Nf6 e5 Nd5 c4 Nc7 d4 cxd4 Qxd4 O-O Qh4
12	e4 c5 Nf3 Nc6 Bb5 g6 Bxc6 bxc6 O-O Bg7 Re1 Nh6 c3 O-O d4 cxd4 cxd4 d5 e5 f6
8	e4 c5 Nf3 Nc6 Bb5 g6 Bxc6 bxc6 O-O Bg7 Re1 Nh6 c3 O-O h3 d5 d3 c4
8	e4 c5 Nf3 Nc6 Bb5 g6 Bxc6 bxc6 O-O Bg7 Re1 Nh6 c3 O-O h3 f5 e5 Nf7 d3 d6 Bf4 Ba6
9	e4 c5 Nf3 Nc6 Bb5 g6 Bxc6 bxc6 O-O Bg7 Re1 Nh6 c3 O-O h3 f5 e5 Nf7 d4 cxd4 cxd4
14	e4 c5 Nf3 Nc6 Bb5 g6 Bxc6 bxc6 O-O Bg7 Re1 Qc7
8	e4 c5 Nf3 Nc6 Bb5 g6 Bxc6 bxc6 O-O Bg7 c3 Nf6
9	e4 c5 Nf3 Nc6 Bb5 g6 Bxc6 bxc6 d4 cxd4 Qxd4 f6
12	e4 c5 Nf3 Nc6 Bb5 g6 Bxc6 dxc6 d3 Bg7 O-O
11	e4 c5 Nf3 Nc6 Bb5 g6 Bxc6 dxc6 d3 Bg7 h3 Nf6 Nc3 Nd7 Be3 e5 Qd2 h6 O-O Qe7 Nh2 Nf8 f4 exf4
9	e4 c5 Nf3 Nc6 Bb5 g6 Bxc6 dxc6 d3 Bg7 h3 Nf6 Nc3 O-O Be3 b6 Qd2 e5 Bh6 Qd6 O-O-O
9	e4 c5 Nf3 Nc6 Bb5 g6 Bxc6 dxc6 d3 Bg7 h3 Nh6
10	e4 c5 Nf3 Nc6 Bb5 g6 Bxc6 dxc6 d3 Bg7 h3 b6 Nc3
9	e4 c5 Nf3 Nc6 Bb5 g6 Bxc6 dxc6 d3 Bg7 h3 b6 O-O e5
8	e4 c5 Nf3 Nc6 Bb5 g6 Bxc6 dxc6 d3 Bg7 h3 e5 Be3
8	e4 c5 Nf3 Nc6 Bb5 g6 Bxc6 dxc6 d3 Qc7 O-O
8	e4 c5 Nf3 Nc6 Bb5 g6 Bxc6 dxc6 h3
8	e4 c5 Nf3 Nc6 Bb5 g6 O-O Bg7 Bxc6 bxc6 Re1 Nh6 c3 O-O
8	e4 c5 Nf3 Nc6 Bb5 g6 O-O Bg7 Bxc6 dxc6 d3 Nf6
8	e4 c5 Nf3 Nc6 Bb5 g6 O-O Bg7 Nc3 e5
8	e4 c5 Nf3 Nc6 Bb5 g6 O-O Bg7 Re1 Nf6 c3 O-O
11	e4 c5 Nf3 Nc6 Bb5 g6 O-O Bg7 Re1 Nf6 e5 Nd5 Nc3 Nc7 Bxc6 dxc6 Ne4 b6
10	e4 c5 Nf3 Nc6 Bb5 g6 O-O Bg7 Re1 e5 Bxc6 dxc6 a4
11	e4 c5 Nf3 Nc6 Bb5 g6 O-O Bg7 Re1 e5 Bxc6 dxc6 d3 Qe7 Nbd2 Nf6 Nc4 Nd7
11	e4 c5 Nf3 Nc6 Bb5 g6 O-O Bg7 Re1 e5 Bxc6 dxc6 d3 Qe7 a4 Nf6
8	e4 c5 Nf3 Nc6 Bb5 g6 O-O Bg7 c3 Nf6 Qe2 O-O d4
8	e4 c5 Nf3 Nc6 Bb5 g6 O-O Bg7 c3 Nf6 Re1 O-O d4 d5 e5 Ne4 Be3 Qb6
9	e4 c5 Nf3 Nc6 Bb5 g6 O-O Bg7 c3 Nf6 Re1 O-O d4 d5 e5 Ne4 Be3 cxd4 cxd4 Qb6 Bxc6 Qxc6
11	e4 c5 Nf3 Nc6 Bb5 g6 O-O Bg7 c3 Nf6 Re1 O-O d4 d5 e5 Ne4 Bxc6 bxc6 Be3
8	e4 c5 Nf3 Nc6 Bb5 g6 O-O Bg7 c3 Nf6 Re1 O-O h3 Qb6
8	e4 c5 Nf3 Nc6 Bb5 g6 O-O Bg7 c3 Nf6 Re1 O-O h3 e5 d4 cxd4 cxd4
8	e4 c5 Nf3 Nc6 Bb5 g6 O-O Bg7 c3 Nf6 e5 Nd5 d4
8	e4 c5 Nf3 Nc6 Bb5 g6 O-O Bg7 c3 a6 Bxc6
8	e4 c5 Nf3 Nc6 Bb5 g6 O-O Bg7 c3 e5 d4 cxd4 cxd4 exd4
9	e4 c5 Nf3 Nc6 Bb5 g6 O-O Bg7 d3 Nf6 Nc3 O-O e5
8	e4 c5 Nf3 Nc6 Bb5 g6 O-O Bg7 d3 e5
9	e4 c5 Nf3 Nc6 Bb5 g6 c3 Nf6 Qe2 Bg7
12	e4 c5 Nf3 Nc6 Bc4 e6 O-O
11	e4 c5 Nf3 Nc6 Nc3 Nf6 Bb5 Qc7 O-O Nd4 Re1 a6 Bf1
8	e4 c5 Nf3 Nc6 Nc3 Nf6 Bb5 g6
8	e4 c5 Nf3 Nc6 Nc3 Nf6 d4 cxd4 Nxd4 e5 Ndb5 d6 Bg5 a6 Na3 b5 Nd5 Be7 Bxf6 Bxf6
13	e4 c5 Nf3 Nc6 Nc3 d6 d4 cxd4 Nxd4 Nf6 Bg5 e6 Qd2 a6 O-O-O
9	e4 c5 Nf3 Nc6 Nc3 e5 Bc4 Be7 d3 Nf6 Nd2 d6 Nf1
9	e4 c5 Nf3 Nc6 Nc3 e5 Bc4 Be7 d3 d6 Nd2 Bg5 h4
8	e4 c5 Nf3 Nc6 Nc3 e5 Bc4 Be7 d3 d6 Nd2 Nf6 Nf1 Bg4 f3 Be6 Ne3 O-O O-O
10	e4 c5 Nf3 Nc6 Nc3 e5 Bc4 Be7 d3 d6 Nd2 Nf6 Nf1 Nd7
10	e4 c5 Nf3 Nc6 Nc3 e5 Bc4 Be7 d3 d6 O-O Nf6 Ng5 O-O f4 Bg4 Qe1 exf4 Bxf4 Nd4
8	e4 c5 Nf3 Nc6 Nc3 e5 Bc4 d6 d3 Be7 Nd2 Bg5 h4 Bxd2+ Bxd2 Nf6
10	e4 c5 Nf3 Nc6 Nc3 e5 Bc4 d6 d3 Be7 Nd2 Nf6 Nf1
9	e4 c5 Nf3 Nc6 Nc3 e5 Bc4 d6 d3 Be7 O-O Nf6 Ng5 O-O f4
8	e4 c5 Nf3 Nc6 Nc3 e5 Bc4 g6
10	e4 c5 Nf3 Nc6 Nc3 e6 d4 cxd4 Nxd4 Nf6 Nxc6 bxc6 e5 Nd5 Ne4
8	e4 c5 Nf3 Nc6 Nc3 e6 d4 cxd4 Nxd4 Qc7 Be2
10	e4 c5 Nf3 Nc6 Nc3 e6 d4 cxd4 Nxd4 Qc7 Be3 a6
10	e4 c5 Nf3 Nc6 Nc3 e6 d4 cxd4 Nxd4 a6
14	e4 c5 Nf3 Nc6 Nc3 g6 Bb5 Bg7 O-O
9	e4 c5 Nf3 Nc6 Nc3 g6 d4 cxd4 Nxd4 Bg7 Be3 Nf6 Bc4 O-O Bb3 Re8 f3
8	e4 c5 Nf3 Nc6 Nc3 g6 d4 cxd4 Nxd4 Bg7 Be3 Nf6 Bc4 O-O Bb3 a5 O-O
8	e4 c5 Nf3 Nc6 Nc3 g6 d4 cxd4 Nxd4 Bg7 Be3 Nf6 Bc4 O-O Bb3 d6 f3 Bd7 Qd2 Nxd4 Bxd4 b5 a4
8	e4 c5 Nf3 Nc6 Nc3 g6 d4 cxd4 Nxd4 Bg7 Be3 Nf6 Bc4 O-O Bb3 d6 h3 Na5 O-O
11	e4 c5 Nf3 Nc6 Nc3 g6 d4 cxd4 Nxd4 Bg7 Be3 Nf6 Bc4 Qa5 O-O O-O Bb3 d6 h3 Bd7 Re1
9	e4 c5 Nf3 Nc6 Nc3 g6 d4 cxd4 Nxd4 Bg7 Nb3 Nf6
13	e4 c5 Nf3 Nc6 b4
12	e4 c5 Nf3 Nc6 c3 Nf6 Bd3
15	e4 c5 Nf3 Nc6 c3 Nf6 e5 Nd5 Bc4 Nb6 Bb3 c4 Bc2
9	e4 c5 Nf3 Nc6 c3 Nf6 e5 Nd5 Bc4 Nb6 Bb3 d5 exd6 Qxd6 O-O
10	e4 c5 Nf3 Nc6 c3 Nf6 e5 Nd5 d4 cxd4 cxd4 d6 Bc4 Nb6 Bb5
28	e4 c5 Nf3 Nc6 c3 d5 exd5 Qxd5 d4
8	e4 c5 Nf3 Nc6 c3 e6 d4 d5
9	e4 c5 Nf3 Nc6 d3 g6 g3 Bg7 Bg2
16	e4 c5 Nf3 Nc6 d4 cxd4 Nxd4 Nf6 Nc3 d6 Bc4 Qb6
10	e4 c5 Nf3 Nc6 d4 cxd4 Nxd4 Nf6 Nc3 d6 Be2 e5
9	e4 c5 Nf3 Nc6 d4 cxd4 Nxd4 Nf6 Nc3 d6 Bg5 Bd7 Qd2 Rc8
8	e4 c5 Nf3 Nc6 d4 cxd4 Nxd4 Nf6 Nc3 d6 Bg5 e6 Qd2 Be7 O-O-O Nxd4 Qxd4
9	e4 c5 Nf3 Nc6 d4 cxd4 Nxd4 Nf6 Nc3 d6 Bg5 e6 Qd2 Be7 O-O-O O-O Nb3
8	e4 c5 Nf3 Nc6 d4 cxd4 Nxd4 Nf6 Nc3 d6 Bg5 e6 Qd2 Be7 O-O-O O-O f4 Nxd4 Qxd4 Qa5 Bc4 Bd7 e5 dxe5 fxe5 Bc6
21	e4 c5 Nf3 Nc6 d4 cxd4 Nxd4 Nf6 Nc3 d6 Bg5 e6 Qd2 a6 O-O-O Bd7 f3
10	e4 c5 Nf3 Nc6 d4 cxd4 Nxd4 Nf6 Nc3 d6 Bg5 e6 Qd2 a6 O-O-O Bd7 f4 Be7 Nf3 b5
11	e4 c5 Nf3 Nc6 d4 cxd4 Nxd4 Nf6 Nc3 d6 Bg5 e6 Qd2 a6 O-O-O Bd7 f4 b5 Bxf6 gxf6 Kb1 Qb6
11	e4 c5 Nf3 Nc6 d4 cxd4 Nxd4 Nf6 Nc3 d6 Bg5 e6 Qd2 a6 O-O-O Be7 f4
8	e4 c5 Nf3 Nc6 d4 cxd4 Nxd4 Nf6 Nc3 d6 Bg5 e6 Qd2 a6 O-O-O h6 Be3 Be7 f3 Nxd4
8	e4 c5 Nf3 Nc6 d4 cxd4 Nxd4 Nf6 Nc3 d6 Bg5 e6 Qd2 a6 O-O-O h6 Be3 Be7 f4
8	e4 c5 Nf3 Nc6 d4 cxd4 Nxd4 Nf6 Nc3 d6 f3 e5 Nb3 Be7 Be3 O-O Qd2
8	e4 c5 Nf3 Nc6 d4 cxd4 Nxd4 Nf6 Nc3 d6 g3 g6
13	e4 c5 Nf3 Nc6 d4 cxd4 Nxd4 Nf6 Nc3 e5 Ndb5 d6 Bg5 a6 Na3 b5 Bxf6 gxf6 Nd5 Bg7 Bd3 Ne7 Nxe7 Qxe7 O-O O-O
8	e4 c5 Nf3 Nc6 d4 cxd4 Nxd4 Nf6 Nc3 e5 Ndb5 d6 Bg5 a6 Na3 b5 Bxf6 gxf6 Nd5 Bg7 Bd3 Ne7 Nxe7 Qxe7 c4 f5 O-O O-O Qf3
11	e4 c5 Nf3 Nc6 d4 cxd4 Nxd4 Nf6 Nc3 e5 Ndb5 d6 Bg5 a6 Na3 b5 Bxf6 gxf6 Nd5 Bg7 c3 f5 exf5 Bxf5 Nc2 O-O Nce3 Be6 Bd3 f5
9	e4 c5 Nf3 Nc6 d4 cxd4 Nxd4 Nf6 Nc3 e5 Ndb5 d6 Bg5 a6 Na3 b5 Bxf6 gxf6 Nd5 f5 Bd3 Be6 O-O Bxd5 exd5 Ne7 Qh5 e4 Be2 Bg7 c3
12	e4 c5 Nf3 Nc6 d4 cxd4 Nxd4 Nf6 Nc3 e5 Ndb5 d6 Bg5 a6 Na3 b5 Bxf6 gxf6 Nd5 f5 Bd3 Be6 O-O Bxd5 exd5 Ne7 Re1 Bg7 c3 O-O
9	e4 c5 Nf3 Nc6 d4 cxd4 Nxd4 Nf6 Nc3 e5 Ndb5 d6 Bg5 a6 Na3 b5 Bxf6 gxf6 Nd5 f5 Bd3 Be6 O-O Bxd5 exd5 Ne7 c3 Bg7 Qh5 e4 Bc2 O-O Rae1 Qc8
10	e4 c5 Nf3 Nc6 d4 cxd4 Nxd4 Nf6 Nc3 e5 Ndb5 d6 Bg5 a6 Na3 b5 Bxf6 gxf6 Nd5 f5 Bd3 Be6 c3 Bg7 Nxb5 axb5 Bxb5 Bd7 exf5
11	e4 c5 Nf3 Nc6 d4 cxd4 Nxd4 Nf6 Nc3 e5 Ndb5 d6 Bg5 a6 Na3 b5 Bxf6 gxf6 Nd5 f5 c3 Bg7 Bd3 Be6
10	e4 c5 Nf3 Nc6 d4 cxd4 Nxd4 Nf6 Nc3 e5 Ndb5 d6 Bg5 a6 Na3 b5 Bxf6 gxf6 Nd5 f5 c3 Bg7 exf5 Bxf5 Nc2 O-O Nce3 Be6 Bd3 f5 O-O Ra7
11	e4 c5 Nf3 Nc6 d4 cxd4 Nxd4 Nf6 Nc3 e5 Ndb5 d6 Bg5 a6 Na3 b5 Bxf6 gxf6 Nd5 f5 g3 fxe4 Bg2
8	e4 c5 Nf3 Nc6 d4 cxd4 Nxd4 Nf6 Nc3 e5 Ndb5 d6 Bg5 a6 Na3 b5 Nd5 Be7 Bxf6 Bxf6 c3 Bg5 Nc2 Ne7 Ncb4 O-O a4 bxa4
12	e4 c5 Nf3 Nc6 d4 cxd4 Nxd4 Nf6 Nc3 e5 Ndb5 d6 Bg5 a6 Na3 b5 Nd5 Be7 Bxf6 Bxf6 c3 Bg5 Nc2 Ne7 h4 Bh6 a4 bxa4 Ncb4 O-O Qxa4
8	e4 c5 Nf3 Nc6 d4 cxd4 Nxd4 Nf6 Nc3 e5 Ndb5 d6 Bg5 a6 Na3 b5 Nd5 Be7 Bxf6 Bxf6 c3 Bg5 Nc2 O-O a4 bxa4 Rxa4 a5 Bc4 Bd7
8	e4 c5 Nf3 Nc6 d4 cxd4 Nxd4 Nf6 Nc3 e5 Ndb5 d6 Bg5 a6 Na3 b5 Nd5 Be7 Bxf6 Bxf6 c3 Bg5 Nc2 O-O a4 bxa4 Rxa4 a5 Bc4 Rb8 b3 Kh8 Nce3
9	e4 c5 Nf3 Nc6 d4 cxd4 Nxd4 Nf6 Nc3 e5 Ndb5 d6 Bg5 a6 Na3 b5 Nd5 Be7 Bxf6 Bxf6 c3 Bg5 Nc2 Rb8 a4 bxa4 Ncb4 Nxb4
10	e4 c5 Nf3 Nc6 d4 cxd4 Nxd4 Nf6 Nc3 e5 Ndb5 d6 Bg5 a6 Na3 b5 Nd5 Be7 Bxf6 Bxf6 c3 O-O Nc2 Bg5 a4 bxa4 Rxa4 a5 Bc4 Rb8 b3 Kh8 O-O
12	e4 c5 Nf3 Nc6 d4 cxd4 Nxd4 Nf6 Nc3 e5 Ndb5 d6 Bg5 a6 Na3 b5 Nd5 Be7 Bxf6 Bxf6 c3 O-O Nc2 Rb8 h4 Be7
8	e4 c5 Nf3 Nc6 d4 cxd4 Nxd4 Nf6 Nc3 e5 Ndb5 d6 Bg5 a6 Na3 b5 Nd5 Be7 Bxf6 Bxf6 c3 Rb8 Nc2 Bg5 a3
10	e4 c5 Nf3 Nc6 d4 cxd4 Nxd4 Nf6 Nc3 e5 Ndb5 d6 Bg5 a6 Na3 b5 Nd5 Be7 Bxf6 Bxf6 c3 Rb8 Nc2 Bg5 a4 bxa4 Ncb4 Nxb4 cxb4 O-O
8	e4 c5 Nf3 Nc6 d4 cxd4 Nxd4 Nf6 Nc3 e5 Ndb5 d6 Bg5 a6 Na3 b5 Nd5 Be7 Bxf6 Bxf6 c4 b4 Nc2 O-O g3 Bg5 Bg2
9	e4 c5 Nf3 Nc6 d4 cxd4 Nxd4 Nf6 Nc3 e5 Ndb5 d6 Bg5 a6 Na3 b5 Nd5 Be7 Bxf6 Bxf6 c4 b4 Nc2 O-O g3 a5 Bg2 Bg5 O-O
8	e4 c5 Nf3 Nc6 d4 cxd4 Nxd4 Nf6 Nc3 e5 Ndb5 d6 Bg5 a6 Na3 b5 Nd5 Be7 Bxf6 Bxf6 c4 b4 Nc2 O-O h4 a5
12	e4 c5 Nf3 Nc6 d4 cxd4 Nxd4 Nf6 Nc3 e5 Ndb5 d6 Bg5 a6 Na3 b5 Nd5 Be7 Bxf6 Bxf6 c4 b4 Nc2 a5 Qf3
9	e4 c5 Nf3 Nc6 d4 cxd4 Nxd4 Nf6 Nc3 e5 Ndb5 d6 Bg5 a6 Na3 b5 Nd5 Be7 Bxf6 Bxf6 c4 b4 Nc2 a5 g3 O-O
10	e4 c5 Nf3 Nc6 d4 cxd4 Nxd4 Nf6 Nc3 e5 Ndb5 d6 Bg5 a6 Na3 b5 Nd5 Be7 Nxe7 Nxe7 Bd3
8	e4 c5 Nf3 Nc6 d4 cxd4 Nxd4 Nf6 Nc3 e5 Ndb5 d6 Bg5 a6 Na3 b5 Nd5 Qa5+ Bd2 Qd8
9	e4 c5 Nf3 Nc6 d4 cxd4 Nxd4 Nf6 Nc3 e5 Ndb5 d6 Nd5 Nxd5 exd5 Nb8 a4 Be7 Bd2
8	e4 c5 Nf3 Nc6 d4 cxd4 Nxd4 Nf6 Nc3 e5 Ndb5 d6 Nd5 Nxd5 exd5 Nb8 a4 Be7 Be2 O-O O-O Nd7 Bd2 a6 Na3 a5
13	e4 c5 Nf3 Nc6 d4 cxd4 Nxd4 Nf6 Nc3 e5 Ndb5 d6 Nd5 Nxd5 exd5 Nb8 c4 Be7 Bd3
11	e4 c5 Nf3 Nc6 d4 cxd4 Nxd4 Nf6 Nc3 e5 Ndb5 d6 Nd5 Nxd5 exd5 Ne7 c4 Ng6 Qa4 Bd7 Qb4 Qb8 h4 h5
8	e4 c5 Nf3 Nc6 d4 cxd4 Nxd4 Nf6 Nc3 e6 Ndb5 Bb4 a3 Bxc3+ Nxc3 d5 exd5
8	e4 c5 Nf3 Nc6 d4 cxd4 Nxd4 Nf6 Nc3 e6 Ndb5 d6 Bf4 e5 Bg5 a6 Na3 b5
8	e4 c5 Nf3 Nc6 d4 cxd4 Nxd4 Nf6 Nc3 g6 Nxc6
8	e4 c5 Nf3 Nc6 d4 cxd4 Nxd4 Qb6 Nb3 Nf6 Nc3 e6 Bd3 d6
9	e4 c5 Nf3 Nc6 d4 cxd4 Nxd4 Qb6 Nb3 Nf6 Nc3 e6 Qe2 Bb4 Bd2 O-O
10	e4 c5 Nf3 Nc6 d4 cxd4 Nxd4 Qb6 Nb3 e6
11	e4 c5 Nf3 Nc6 d4 cxd4 Nxd4 Qc7 Nc3 e6 Be2 a6 O-O Nf6 Be3
9	e4 c5 Nf3 Nc6 d4 cxd4 Nxd4 Qc7 Nc3 e6 Be3 a6 Qd2 Nf6 O-O-O Bb4 f3
10	e4 c5 Nf3 Nc6 d4 cxd4 Nxd4 Qc7 Nc3 e6 g3 a6 Bg2
12	e4 c5 Nf3 Nc6 d4 cxd4 Nxd4 e5 Nb5 a6 Nd6+ Bxd6 Qxd6
8	e4 c5 Nf3 Nc6 d4 cxd4 Nxd4 e5 Nb5 d6 N1c3 a6 Na3 Be6 Nc4 Rb8 Ne3 Nf6
10	e4 c5 Nf3 Nc6 d4 cxd4 Nxd4 e5 Nb5 d6 N1c3 a6 Na3 Be6 Nc4 b5 Ne3 Nf6
10	e4 c5 Nf3 Nc6 d4 cxd4 Nxd4 e5 Nb5 d6 N1c3 a6 Na3 Be7 Nc4 b5 Ne3 Nf6 g3
8	e4 c5 Nf3 Nc6 d4 cxd4 Nxd4 e5 Nb5 d6 N1c3 a6 Na3 b5 Nd5 Nf6 Bg5 Be7 Bxf6 Bxf6
8	e4 c5 Nf3 Nc6 d4 cxd4 Nxd4 e5 Nb5 d6 N1c3 a6 Na3 b5 Nd5 Nge7 c4
8	e4 c5 Nf3 Nc6 d4 cxd4 Nxd4 e5 Nb5 d6 c4 Be6
10	e4 c5 Nf3 Nc6 d4 cxd4 Nxd4 e5 Nb5 d6 c4 Be7 N1c3 a6 Na3 Be6 Nc2 Rc8
8	e4 c5 Nf3 Nc6 d4 cxd4 Nxd4 e5 Nb5 d6 c4 Be7 N1c3 a6 Na3 f5 exf5 Bxf5 Bd3 Be6
11	e4 c5 Nf3 Nc6 d4 cxd4 Nxd4 e5 Nb5 d6 c4 g6 N1c3 a6 Na3
9	e4 c5 Nf3 Nc6 d4 cxd4 Nxd4 e6 Nb5 d6 c4
9	e4 c5 Nf3 Nc6 d4 cxd4 Nxd4 e6 Nc3 Qc7 Be2 a6 O-O Nf6 Be3
8	e4 c5 Nf3 Nc6 d4 cxd4 Nxd4 e6 Nc3 Qc7 Be3 a6 Qd2 Nf6 O-O-O
11	e4 c5 Nf3 Nc6 d4 cxd4 Nxd4 e6 Nc3 a6 Be2
8	e4 c5 Nf3 Nc6 d4 cxd4 Nxd4 e6 Nc3 a6 Nxc6 bxc6 Bd3 d5 O-O Nf6
19	e4 c5 Nf3 Nc6 d4 cxd4 Nxd4 e6 Nc3 d6 Be3 Nf6
9	e4 c5 Nf3 Nc6 d4 cxd4 Nxd4 g6 Nc3 Bg7 Be3 Nf6 Bc4 O-O Bb3 a5
8	e4 c5 Nf3 Nc6 d4 cxd4 Nxd4 g6 Nc3 Bg7 Be3 Nf6 Bc4 O-O Bb3 d6 f3 Bd7 Qd2 Nxd4 Bxd4 b5 h4 a5
11	e4 c5 Nf3 Nc6 d4 cxd4 Nxd4 g6 Nc3 Bg7 Be3 Nf6 Bc4 Qa5 O-O O-O Bb3 d6 h3 Bd7
9	e4 c5 Nf3 Nc6 d4 cxd4 Nxd4 g6 c4 Bg7 Be3 Nf6 Nc3 O-O Be2 d6 O-O
9	e4 c5 Nf3 Nc6 d4 cxd4 Nxd4 g6 c4 Bg7 Be3 Qb6
14	e4 c5 Nf3 Nc6 d4 cxd4 Nxd4 g6 c4 Nf6 Nc3 Nxd4 Qxd4 d6 Be2 Bg7 Be3 O-O Qd2
9	e4 c5 Nf3 Nc6 d4 cxd4 Nxd4 g6 c4 Nf6 Nc3 d6 Be2 Nxd4 Qxd4 Bg7 Be3 O-O Qd2 Be6 O-O Qa5
8	e4 c5 Nf3 Nc6 d4 cxd4 Nxd4 g6 c4 Nf6 Nc3 d6 Be2 Nxd4 Qxd4 Bg7 Be3 O-O Qd2 Be6 Rc1 Qa5 f3 Rfc8 b3 a6
8	e4 c5 Nf3 Nc6 d4 cxd4 Nxd4 g6 c4 Nf6 Nc3 d6 Be2 Nxd4 Qxd4 Bg7 Be3 O-O Qd2 Qa5
10	e4 c5 Nf3 Nc6 d4 cxd4 Nxd4 g6 c4 Nf6 Nc3 d6 Be2 Nxd4 Qxd4 Bg7 Be3 O-O Qd2 a5 O-O a4
10	e4 c5 Nf3 Nc6 d4 cxd4 Nxd4 g6 c4 Nf6 Nc3 d6 Be2 Nxd4 Qxd4 Bg7 Be3 O-O Qd2 a5 f3 a4
8	e4 c5 Nf3 Nc6 d4 cxd4 Nxd4 g6 c4 Nf6 Nc3 d6 Be2 Nxd4 Qxd4 Bg7 Bg5 O-O Qd2 Be6 Rc1 Qa5 f3 Rfc8 b3 a6 Na4 Qxd2+ Kxd2
10	e4 c5 Nf3 Nc6 d4 cxd4 Nxd4 g6 c4 Nf6 Nc3 d6 Be2 Nxd4 Qxd4 Bg7 O-O O-O
8	e4 c5 Nf3 Nc6 d4 cxd4 Nxd4 g6 c4 Nf6 Nc3 d6 Nc2 Bg7 Be2 Nd7
9	e4 c5 Nf3 Nc6 d4 cxd4 Nxd4 g6 c4 Nf6 Nc3 d6 f3
9	e4 c5 Nf3 Nf6 Nc3 d5 exd5 Nxd5 Bb5+ Bd7 Ne5
11	e4 c5 Nf3 Nf6 e5 Nd5 Nc3 Nxc3 dxc3 Nc6 Bf4 Qb6 b3
8	e4 c5 Nf3 Nf6 e5 Nd5 Nc3 e6 Ne4 f5
9	e4 c5 Nf3 Nf6 e5 Nd5 Nc3 e6 Nxd5 exd5 d4 Nc6 dxc5 Bxc5
12	e4 c5 Nf3 a6 c3 d5 exd5 Qxd5 d4 Nf6
9	e4 c5 Nf3 a6 c3 e6 d4 d5 e5 Bd7
8	e4 c5 Nf3 a6 c3 e6 d4 d5 exd5 exd5
10	e4 c5 Nf3 a6 c4 Nc6 d4 cxd4 Nxd4 e5 Nf5
9	e4 c5 Nf3 a6 c4 e6
15	e4 c5 Nf3 a6 g3
11	e4 c5 Nf3 b6 d4 cxd4 Nxd4 Bb7 Nc3
15	e4 c5 Nf3 d6 Bb5+ Bd7 Bxd7+ Nxd7 O-O Ngf6 Qe2 Rc8
16	e4 c5 Nf3 d6 Bb5+ Bd7 Bxd7+ Nxd7 O-O Ngf6 Qe2 e6 b3 Be7 Bb2 O-O c4
8	e4 c5 Nf3 d6 Bb5+ Bd7 Bxd7+ Nxd7 O-O Ngf6 Qe2 e6 c3 Be7 d4 O-O
8	e4 c5 Nf3 d6 Bb5+ Bd7 Bxd7+ Nxd7 O-O Ngf6 Qe2 e6 c4
14	e4 c5 Nf3 d6 Bb5+ Bd7 Bxd7+ Nxd7 O-O Ngf6 Qe2 e6 d4 cxd4 Nxd4
8	e4 c5 Nf3 d6 Bb5+ Bd7 Bxd7+ Nxd7 O-O Ngf6 Re1 e6 c3 Be7 d4 O-O
11	e4 c5 Nf3 d6 Bb5+ Bd7 Bxd7+ Nxd7 O-O Ngf6 d3
10	e4 c5 Nf3 d6 Bb5+ Bd7 Bxd7+ Nxd7 O-O e6 c3 Ngf6 Qe2 Be7
8	e4 c5 Nf3 d6 Bb5+ Bd7 Bxd7+ Nxd7 c3 Ngf6 Qe2 e6 d4
9	e4 c5 Nf3 d6 Bb5+ Bd7 Bxd7+ Nxd7 c4
9	e4 c5 Nf3 d6 Bb5+ Bd7 Bxd7+ Qxd7 O-O Nc6 c3 Nf6 Re1 e6 d4 cxd4 cxd4 d5 e5 Ne4
8	e4 c5 Nf3 d6 Bb5+ Bd7 Bxd7+ Qxd7 O-O Nc6 c3 Nf6 d4
16	e4 c5 Nf3 d6 Bb5+ Bd7 Bxd7+ Qxd7 O-O Nc6 c3 d5
18	e4 c5 Nf3 d6 Bb5+ Bd7 Bxd7+ Qxd7 O-O Nf6 Qe2 Nc6 Rd1
14	e4 c5 Nf3 d6 Bb5+ Bd7 Bxd7+ Qxd7 O-O Nf6 Qe2 Nc6 c3 e6 d4 cxd4 cxd4 d5 e5 Ne4
8	e4 c5 Nf3 d6 Bb5+ Bd7 Bxd7+ Qxd7 O-O Nf6 Re1 Nc6 c3 e6 d4 cxd4 cxd4 d5 e5 Ne4 Nbd2 Nxd2 Bxd2 Be7
9	e4 c5 Nf3 d6 Bb5+ Bd7 Bxd7+ Qxd7 O-O Nf6 e5 dxe5 Nxe5 Qc8
13	e4 c5 Nf3 d6 Bb5+ Bd7 Bxd7+ Qxd7 c4 Nc6 Nc3 Nf6
8	e4 c5 Nf3 d6 Bb5+ Bd7 Bxd7+ Qxd7 c4 Nc6 Nc3 g6 d4 cxd4 Nxd4 Bg7 Be3 Nf6 f3 O-O O-O
9	e4 c5 Nf3 d6 Bb5+ Bd7 Bxd7+ Qxd7 c4 Nc6 Nc3 g6 d4 cxd4 Nxd4 Bg7 Nde2 Nf6
8	e4 c5 Nf3 d6 Bb5+ Bd7 Bxd7+ Qxd7 c4 Nc6 d4 cxd4 Nxd4
8	e4 c5 Nf3 d6 Bb5+ Bd7 Bxd7+ Qxd7 c4 Nf6 Nc3 Nc6 O-O g6 d4 cxd4 Nxd4 Bg7 Nde2
8	e4 c5 Nf3 d6 Bb5+ Bd7 Bxd7+ Qxd7 c4 Nf6 Nc3 Nc6 d4 cxd4 Nxd4 g6 f3 Bg7 Be3 O-O O-O
8	e4 c5 Nf3 d6 Bb5+ Bd7 Bxd7+ Qxd7 c4 Nf6 Nc3 g6 O-O Bg7 d4 cxd4 Nxd4 O-O
15	e4 c5 Nf3 d6 Bb5+ Bd7 Bxd7+ Qxd7 c4 Nf6 Nc3 g6 d4 cxd4 Nxd4 Bg7 f3 O-O Be3 Nc6 O-O a6 Qd3
8	e4 c5 Nf3 d6 Bb5+ Bd7 Bxd7+ Qxd7 c4 Nf6 Nc3 g6 d4 cxd4 Nxd4 Bg7 f3 O-O Be3 Nc6 O-O a6 a4
9	e4 c5 Nf3 d6 Bb5+ Bd7 Bxd7+ Qxd7 c4 Nf6 Nc3 g6 d4 cxd4 Nxd4 Bg7 f3 O-O Be3 Rc8 b3
11	e4 c5 Nf3 d6 Bb5+ Bd7 Bxd7+ Qxd7 c4 Nf6 Nc3 g6 d4 cxd4 Nxd4 Bg7 f3 Qc7 b3 Qa5
8	e4 c5 Nf3 d6 Bb5+ Bd7 Bxd7+ Qxd7 c4 Nf6 Nc3 g6 d4 cxd4 Nxd4 Bg7 h3 O-O Be3
9	e4 c5 Nf3 d6 Bb5+ Bd7 Bxd7+ Qxd7 c4 Nf6 Nc3 g6 d4 cxd4 Nxd4 Bg7 h3 Qc7 b3 Qa5 Bd2 Nxe4 Nxe4 Qe5 Qb1 f5 Bc3 Qxe4+ Qxe4 fxe4 Nb5 Bxc3+ Nxc3
9	e4 c5 Nf3 d6 Bb5+ Bd7 Bxd7+ Qxd7 c4 e5 Nc3 Nc6 d3
11	e4 c5 Nf3 d6 Bb5+ Bd7 Bxd7+ Qxd7 c4 g6
8	e4 c5 Nf3 d6 Bb5+ Bd7 Qe2
10	e4 c5 Nf3 d6 Bb5+ Bd7 a4 Nf6
9	e4 c5 Nf3 d6 Bb5+ Bd7 c4 Nc6 Nc3 e5 d3 Nge7
8	e4 c5 Nf3 d6 Bb5+ Bd7 c4 Nc6 d4 cxd4 Nxd4
8	e4 c5 Nf3 d6 Bb5+ Bd7 c4 Nf6 Nc3 g6 O-O Bg7 d4 cxd4 Nxd4
13	e4 c5 Nf3 d6 Bb5+ Bd7 c4 Nf6 Nc3 g6 d4 cxd4 Nxd4 Bg7
9	e4 c5 Nf3 d6 Bb5+ Bd7 c4 g6
8	e4 c5 Nf3 d6 Bb5+ Nc6 Bxc6+ bxc6 O-O
8	e4 c5 Nf3 d6 Bb5+ Nc6 O-O Bd7 Re1 Nf6 c3 a6 Ba4
8	e4 c5 Nf3 d6 Bb5+ Nc6 O-O Bd7 Re1 Nf6 c3 a6 Bf1 Bg4 d3 e6
8	e4 c5 Nf3 d6 Bb5+ Nc6 O-O Bd7 Re1 Nf6 c3 a6 Bf1 Bg4 h3 Bxf3 Qxf3 e6
10	e4 c5 Nf3 d6 Bb5+ Nc6 O-O Bd7 Re1 Nf6 c3 a6 Bf1 Bg4 h3 Bxf3 Qxf3 g6 d3 Bg7
9	e4 c5 Nf3 d6 Bb5+ Nc6 O-O Bd7 Re1 Nf6 h3
8	e4 c5 Nf3 d6 Bb5+ Nc6 O-O Bd7 Re1 a6 Bxc6 Bxc6 d4 cxd4 Nxd4
10	e4 c5 Nf3 d6 Bb5+ Nd7 Ba4 Nf6 O-O a6 c4 g6 Nc3 Bg7
10	e4 c5 Nf3 d6 Bb5+ Nd7 Ba4 Nf6 O-O e6 Re1 a6
10	e4 c5 Nf3 d6 Bb5+ Nd7 Ba4 Nf6 O-O e6 d3 Be7 c4 O-O Nc3
8	e4 c5 Nf3 d6 Bb5+ Nd7 O-O Nf6 Re1 a6 Bd3
8	e4 c5 Nf3 d6 Bb5+ Nd7 O-O Nf6 Re1 a6 Bf1 b6 c3 Bb7
9	e4 c5 Nf3 d6 Bb5+ Nd7 O-O Nf6 Re1 a6 Bf1 b6 d4 cxd4 Nxd4 Bb7
8	e4 c5 Nf3 d6 Bb5+ Nd7 O-O Nf6 d4
13	e4 c5 Nf3 d6 Bb5+ Nd7 O-O a6 Bd3 Ngf6 Re1 b5 c4
8	e4 c5 Nf3 d6 Bb5+ Nd7 O-O a6 Bd3 Ngf6 Re1 e6 Bf1 b6 c4 Bb7 Nc3
8	e4 c5 Nf3 d6 Bb5+ Nd7 O-O a6 Bd3 Ngf6 Re1 e6 a4
9	e4 c5 Nf3 d6 Bb5+ Nd7 O-O a6 Bd3 Ngf6 Re1 e6 c3 b5 Bc2 c4 a4 Bb7 d4 cxd3
12	e4 c5 Nf3 d6 Bb5+ Nd7 O-O a6 Bd3 Ngf6 Re1 g6 c3
9	e4 c5 Nf3 d6 Bb5+ Nd7 O-O a6 Bd3 Ngf6 c3 b5 Bc2 Bb7 Qe2
8	e4 c5 Nf3 d6 Bb5+ Nd7 O-O a6 Bd3 Ngf6 c3 b5 Bc2 Bb7 Re1 c4 a4
11	e4 c5 Nf3 d6 Bb5+ Nd7 O-O a6 Bd3 Ngf6 c3 b5 a4
9	e4 c5 Nf3 d6 Bb5+ Nd7 O-O a6 Bd3 Ngf6 c3 e6
8	e4 c5 Nf3 d6 Bb5+ Nd7 O-O a6 Bd3 g6 c3 Bg7 Bc2
9	e4 c5 Nf3 d6 Bb5+ Nd7 O-O a6 Be2 Ngf6 d3 e6 a4 b6
9	e4 c5 Nf3 d6 Bb5+ Nd7 O-O a6 Be2 Ngf6 d3 g6
11	e4 c5 Nf3 d6 Bb5+ Nd7 O-O a6 Bxd7+ Bxd7 c3 Nf6 Re1
9	e4 c5 Nf3 d6 Bb5+ Nd7 O-O a6 Bxd7+ Bxd7 d4 cxd4 Qxd4 e5 Qd3
9	e4 c5 Nf3 d6 Bb5+ Nd7 a4 Nf6 Nc3 a6 Be2 b6 d4 cxd4 Qxd4 Bb7 O-O e6 Rd1
13	e4 c5 Nf3 d6 Bb5+ Nd7 a4 Nf6 Nc3 a6 Be2 g6
8	e4 c5 Nf3 d6 Bb5+ Nd7 a4 Nf6 Nc3 e6
8	e4 c5 Nf3 d6 Bb5+ Nd7 a4 Nf6 Nc3 g6 a5 Bg7 O-O a6 Be2 O-O d3
9	e4 c5 Nf3 d6 Bb5+ Nd7 a4 a6
20	e4 c5 Nf3 d6 Bb5+ Nd7 c3 Nf6 Bd3
8	e4 c5 Nf3 d6 Bb5+ Nd7 c3 Nf6 Qe2 a6 Ba4 b5 Bc2 Bb7 O-O e6 d4 Be7
11	e4 c5 Nf3 d6 Bb5+ Nd7 c4 Nf6 Nc3 g6 O-O Bg7
9	e4 c5 Nf3 d6 Bb5+ Nd7 d4 Nf6 Nc3 cxd4 Qxd4 e5 Qd3 h6 Be3
9	e4 c5 Nf3 d6 Bb5+ Nd7 d4 Nf6 O-O cxd4 Qxd4
10	e4 c5 Nf3 d6 Bb5+ Nd7 d4 cxd4 Nxd4 Nf6 Bd3 Nc5 Nc3
8	e4 c5 Nf3 d6 Bb5+ Nd7 d4 cxd4 Nxd4 Nf6 O-O a6 Bd3
10	e4 c5 Nf3 d6 Bb5+ Nd7 d4 cxd4 Qxd4 Nf6
10	e4 c5 Nf3 d6 Bb5+ Nd7 d4 cxd4 Qxd4 a6 Be2 Ngf6 O-O e5 Qe3 Nc5 Nfd2
8	e4 c5 Nf3 d6 Bb5+ Nd7 d4 cxd4 Qxd4 a6 Be2 Ngf6 c4
10	e4 c5 Nf3 d6 Bb5+ Nd7 d4 cxd4 Qxd4 a6 Bxd7+ Bxd7 Nc3 Rc8
9	e4 c5 Nf3 d6 Bb5+ Nd7 d4 cxd4 Qxd4 a6 Bxd7+ Bxd7 Nc3 e5 Qd3 Rc8 O-O h6 Nd2
10	e4 c5 Nf3 d6 Bb5+ Nd7 d4 cxd4 Qxd4 a6 Bxd7+ Bxd7 Nc3 e5 Qd3 h6 Nd2
19	e4 c5 Nf3 d6 Bb5+ Nd7 d4 cxd4 Qxd4 a6 Bxd7+ Bxd7 O-O
14	e4 c5 Nf3 d6 Bb5+ Nd7 d4 cxd4 Qxd4 a6 Bxd7+ Bxd7 c4 Nf6
10	e4 c5 Nf3 d6 Bb5+ Nd7 d4 cxd4 Qxd4 a6 Bxd7+ Bxd7 c4 e5 Qd3 b5 Nc3
9	e4 c5 Nf3 d6 Bb5+ Nd7 d4 cxd4 Qxd4 a6 Bxd7+ Qxd7
14	e4 c5 Nf3 d6 Bc4 Nc6
14	e4 c5 Nf3 d6 Bc4 Nf6 d3 Nc6 O-O g6
13	e4 c5 Nf3 d6 Bc4 Nf6 d3 Nc6 c3 g6
14	e4 c5 Nf3 d6 Bc4 Nf6 d3 a6
9	e4 c5 Nf3 d6 Bc4 Nf6 d3 e6 Bb3
24	e4 c5 Nf3 d6 Bc4 Nf6 d3 e6 O-O Be7
14	e4 c5 Nf3 d6 Bc4 Nf6 d3 g6
9	e4 c5 Nf3 d6 Bd3 Nf6
10	e4 c5 Nf3 d6 Nc3 Nc6 d4 cxd4 Nxd4 Nf6
8	e4 c5 Nf3 d6 Nc3 Nf6 Bb5+
9	e4 c5 Nf3 d6 Nc3 Nf6 Be2
19	e4 c5 Nf3 d6 Nc3 Nf6 d4 cxd4 Nxd4 a6
8	e4 c5 Nf3 d6 Nc3 Nf6 d4 cxd4 Qxd4 Nc6 Bb5 Bd7 Bxc6 Bxc6 Bg5 e6
11	e4 c5 Nf3 d6 Nc3 Nf6 d4 cxd4 Qxd4 Nc6 Qd3 g6 Nd5 Bg7 c3 O-O Bg5
9	e4 c5 Nf3 d6 Nc3 Nf6 d4 cxd4 Qxd4 Nc6 Qe3 g6
8	e4 c5 Nf3 d6 Nc3 Nf6 e5 dxe5 Nxe5 a6 g3 Qd6
14	e4 c5 Nf3 d6 Nc3 Nf6 g3
9	e4 c5 Nf3 d6 Nc3 Nf6 h3 a6 a4
9	e4 c5 Nf3 d6 Nc3 a6 d4 cxd4 Nxd4 Nf6
8	e4 c5 Nf3 d6 Nc3 a6 g3 Nc6
9	e4 c5 Nf3 d6 c3 Nf6 Bd3 Bg4
11	e4 c5 Nf3 d6 c3 Nf6 Bd3 Nc6 Bc2 Bg4 d3
10	e4 c5 Nf3 d6 c3 Nf6 Bd3 Nc6 Bc2 Bg4 h3
8	e4 c5 Nf3 d6 c3 Nf6 Bd3 g6 Bc2
12	e4 c5 Nf3 d6 c3 Nf6 Be2 Bd7 Qc2
15	e4 c5 Nf3 d6 c3 Nf6 Be2 Bd7 d3
8	e4 c5 Nf3 d6 c3 Nf6 Be2 Bg4
11	e4 c5 Nf3 d6 c3 Nf6 Be2 Nbd7 d3
19	e4 c5 Nf3 d6 c3 Nf6 Be2 g6 O-O Bg7 Bb5+ Bd7 Bxd7+
17	e4 c5 Nf3 d6 c3 Nf6 Be2 g6 O-O Bg7 Bb5+ Nc6 d4
13	e4 c5 Nf3 d6 c3 Nf6 Be2 g6 O-O Bg7 d3 O-O Be3 Nc6 Nbd2 e5 a3
9	e4 c5 Nf3 d6 c3 Nf6 h3 Bd7
8	e4 c5 Nf3 d6 c3 Nf6 h3 Nc6 Bd3 d5
8	e4 c5 Nf3 d6 c3 Nf6 h3 Nc6 Bd3 e5 Bc2
8	e4 c5 Nf3 d6 c3 Nf6 h3 g6 Bd3 Bg7 Bc2 O-O d4
10	e4 c5 Nf3 d6 c3 Nf6 h3 g6 Bd3 Bg7 Bc2 e5 O-O
8	e4 c5 Nf3 d6 d4 Nf6 Bb5+ Bd7 Bxd7+ Qxd7
8	e4 c5 Nf3 d6 d4 Nf6 Nc3 cxd4 Nxd4 Nc6 Bg5 Bd7 Qd2 Rc8
8	e4 c5 Nf3 d6 d4 Nf6 Nc3 cxd4 Nxd4 Nc6 Bg5 e6 Qd2
9	e4 c5 Nf3 d6 d4 Nf6 Nc3 cxd4 Nxd4 a6 Be2 e5 Nb3 Be7
10	e4 c5 Nf3 d6 d4 Nf6 Nc3 cxd4 Nxd4 a6 Be3 Ng4
10	e4 c5 Nf3 d6 d4 Nf6 Nc3 cxd4 Nxd4 a6 Be3 e5 Nb3 Be6
8	e4 c5 Nf3 d6 d4 Nf6 Nc3 cxd4 Nxd4 a6 Bg5
8	e4 c5 Nf3 d6 d4 Nf6 Nc3 cxd4 Nxd4 a6 g3
8	e4 c5 Nf3 d6 d4 Nf6 Nc3 cxd4 Nxd4 a6 h3
9	e4 c5 Nf3 d6 d4 Nf6 Nc3 cxd4 Nxd4 g6 Be3 Bg7 f3 Nc6 Qd2 O-O O-O-O d5
11	e4 c5 Nf3 d6 d4 Nf6 dxc5 Nxe4 cxd6 Nc6
8	e4 c5 Nf3 d6 d4 cxd4 Nxd4 Nc6
8	e4 c5 Nf3 d6 d4 cxd4 Nxd4 Nf6 Bc4 e6
9	e4 c5 Nf3 d6 d4 cxd4 Nxd4 Nf6 Bd3 Nc6 Be3 g6 h3 Bg7 c4
12	e4 c5 Nf3 d6 d4 cxd4 Nxd4 Nf6 Nc3 Bd7 Bg5 e6
9	e4 c5 Nf3 d6 d4 cxd4 Nxd4 Nf6 Nc3 Nc6 Bc4 Bd7
8	e4 c5 Nf3 d6 d4 cxd4 Nxd4 Nf6 Nc3 Nc6 Bc4 Qb6 Nb3 e6 Bf4 Ne5
10	e4 c5 Nf3 d6 d4 cxd4 Nxd4 Nf6 Nc3 Nc6 Bc4 e6 Be3 Be7 Qe2
13	e4 c5 Nf3 d6 d4 cxd4 Nxd4 Nf6 Nc3 Nc6 Bc4 e6 Be3 a6
8	e4 c5 Nf3 d6 d4 cxd4 Nxd4 Nf6 Nc3 Nc6 Be2 e5 Nb3 Be7
12	e4 c5 Nf3 d6 d4 cxd4 Nxd4 Nf6 Nc3 Nc6 Be2 g6
11	e4 c5 Nf3 d6 d4 cxd4 Nxd4 Nf6 Nc3 Nc6 Bg5 Bd7 Qd2 Rc8
13	e4 c5 Nf3 d6 d4 cxd4 Nxd4 Nf6 Nc3 Nc6 Bg5 Bd7 Qd2 a6 O-O-O e6
15	e4 c5 Nf3 d6 d4 cxd4 Nxd4 Nf6 Nc3 Nc6 Bg5 Qb6 Nb3 e6
8	e4 c5 Nf3 d6 d4 cxd4 Nxd4 Nf6 Nc3 Nc6 Bg5 e6 Qd2 Be7 O-O-O Nxd4 Qxd4 O-O f4 Qa5 Bc4 Bd7
10	e4 c5 Nf3 d6 d4 cxd4 Nxd4 Nf6 Nc3 Nc6 Bg5 e6 Qd2 Be7 O-O-O O-O Nb3
8	e4 c5 Nf3 d6 d4 cxd4 Nxd4 Nf6 Nc3 Nc6 Bg5 e6 Qd2 Be7 O-O-O O-O f4 Nxd4 Qxd4 Qa5 Bc4 Bd7 e5 dxe5 fxe5 Bc6 Bd2 Nd7 Nd5
9	e4 c5 Nf3 d6 d4 cxd4 Nxd4 Nf6 Nc3 Nc6 Bg5 e6 Qd2 Be7 O-O-O O-O f4 h6 Bh4
9	e4 c5 Nf3 d6 d4 cxd4 Nxd4 Nf6 Nc3 Nc6 Bg5 e6 Qd2 Be7 O-O-O a6 f4
8	e4 c5 Nf3 d6 d4 cxd4 Nxd4 Nf6 Nc3 Nc6 Bg5 e6 Qd2 Qb6 Nb3
8	e4 c5 Nf3 d6 d4 cxd4 Nxd4 Nf6 Nc3 Nc6 Bg5 e6 Qd2 a6 Nxc6 bxc6 O-O-O Be7 Bxf6 gxf6 Bc4
14	e4 c5 Nf3 d6 d4 cxd4 Nxd4 Nf6 Nc3 Nc6 Bg5 e6 Qd2 a6 O-O-O Bd7 Kb1 Nxd4 Qxd4 Be7
8	e4 c5 Nf3 d6 d4 cxd4 Nxd4 Nf6 Nc3 Nc6 Bg5 e6 Qd2 a6 O-O-O Bd7 Nxc6 Bxc6
8	e4 c5 Nf3 d6 d4 cxd4 Nxd4 Nf6 Nc3 Nc6 Bg5 e6 Qd2 a6 O-O-O Bd7 f3 Be7 Be3
13	e4 c5 Nf3 d6 d4 cxd4 Nxd4 Nf6 Nc3 Nc6 Bg5 e6 Qd2 a6 O-O-O Bd7 f3 Be7 Kb1
9	e4 c5 Nf3 d6 d4 cxd4 Nxd4 Nf6 Nc3 Nc6 Bg5 e6 Qd2 a6 O-O-O Bd7 f3 Nxd4 Qxd4 Be7 Kb1 Qc7
8	e4 c5 Nf3 d6 d4 cxd4 Nxd4 Nf6 Nc3 Nc6 Bg5 e6 Qd2 a6 O-O-O Bd7 f3 Nxd4 Qxd4 Be7 h4
18	e4 c5 Nf3 d6 d4 cxd4 Nxd4 Nf6 Nc3 Nc6 Bg5 e6 Qd2 a6 O-O-O Bd7 f4 Be7 Nf3 b5 Bxf6 gxf6
10	e4 c5 Nf3 d6 d4 cxd4 Nxd4 Nf6 Nc3 Nc6 Bg5 e6 Qd2 a6 O-O-O Bd7 f4 b5 Bxf6 gxf6 Kb1 Qb6 Nxc6 Bxc6
8	e4 c5 Nf3 d6 d4 cxd4 Nxd4 Nf6 Nc3 Nc6 Bg5 e6 Qd2 a6 O-O-O Bd7 f4 h6 Bh4
9	e4 c5 Nf3 d6 d4 cxd4 Nxd4 Nf6 Nc3 Nc6 Bg5 e6 Qd2 a6 O-O-O Be7 f4 Nxd4 Qxd4 b5
8	e4 c5 Nf3 d6 d4 cxd4 Nxd4 Nf6 Nc3 Nc6 Bg5 e6 Qd2 a6 O-O-O Nxd4 Qxd4 Be7
9	e4 c5 Nf3 d6 d4 cxd4 Nxd4 Nf6 Nc3 Nc6 Bg5 e6 Qd2 a6 O-O-O h6 Be3 Be7 f4
8	e4 c5 Nf3 d6 d4 cxd4 Nxd4 Nf6 Nc3 Nc6 Bg5 e6 Qd3 Bd7 Ndb5 Nb4 Qd1
13	e4 c5 Nf3 d6 d4 cxd4 Nxd4 Nf6 Nc3 Nc6 Bg5 g6 Bxf6 exf6 Bb5 Bd7
13	e4 c5 Nf3 d6 d4 cxd4 Nxd4 Nf6 Nc3 Nc6 f3 e5 Nb3 Be7 Be3 O-O Qd2 a5 Bb5
13	e4 c5 Nf3 d6 d4 cxd4 Nxd4 Nf6 Nc3 Nc6 g3 g6
9	e4 c5 Nf3 d6 d4 cxd4 Nxd4 Nf6 Nc3 a6 Bc4 e6 Bb3 Nbd7 Bg5 Qa5
8	e4 c5 Nf3 d6 d4 cxd4 Nxd4 Nf6 Nc3 a6 Bc4 e6 Bb3 Nbd7 O-O Nc5
12	e4 c5 Nf3 d6 d4 cxd4 Nxd4 Nf6 Nc3 a6 Bc4 e6 Bb3 Nbd7 f4 Nc5
8	e4 c5 Nf3 d6 d4 cxd4 Nxd4 Nf6 Nc3 a6 Bc4 e6 Bb3 Nc6 Be3 Be7
9	e4 c5 Nf3 d6 d4 cxd4 Nxd4 Nf6 Nc3 a6 Bc4 e6 Bb3 b5 O-O Be7 Qf3 Qb6 Be3 Qb7 Qg3
9	e4 c5 Nf3 d6 d4 cxd4 Nxd4 Nf6 Nc3 a6 Bc4 e6 Bb3 b5 O-O Be7 Qf3 Qc7 Qg3 O-O Bh6 Ne8 Rad1 Bd7
8	e4 c5 Nf3 d6 d4 cxd4 Nxd4 Nf6 Nc3 a6 Bc4 e6 Be3 Be7 Bb3 b5
8	e4 c5 Nf3 d6 d4 cxd4 Nxd4 Nf6 Nc3 a6 Bc4 e6 Be3 b5 Bb3 Be7 a3 O-O
8	e4 c5 Nf3 d6 d4 cxd4 Nxd4 Nf6 Nc3 a6 Bc4 e6 O-O Be7 Bb3 O-O f4
10	e4 c5 Nf3 d6 d4 cxd4 Nxd4 Nf6 Nc3 a6 Bc4 e6 O-O b5 Bb3 Be7 Qf3
12	e4 c5 Nf3 d6 d4 cxd4 Nxd4 Nf6 Nc3 a6 Bc4 e6 a4
8	e4 c5 Nf3 d6 d4 cxd4 Nxd4 Nf6 Nc3 a6 Bd3 Nc6 Nxc6 bxc6
10	e4 c5 Nf3 d6 d4 cxd4 Nxd4 Nf6 Nc3 a6 Bd3 e5 Nde2 Be7 O-O Be6 f4 exf4 Nxf4 Nc6
10	e4 c5 Nf3 d6 d4 cxd4 Nxd4 Nf6 Nc3 a6 Bd3 e5 Nde2 Be7 O-O O-O Ng3 Be6 Nd5
9	e4 c5 Nf3 d6 d4 cxd4 Nxd4 Nf6 Nc3 a6 Bd3 e5 Nde2 Nc6 O-O Be6
8	e4 c5 Nf3 d6 d4 cxd4 Nxd4 Nf6 Nc3 a6 Bd3 g6 Be2 Bg7 Be3
9	e4 c5 Nf3 d6 d4 cxd4 Nxd4 Nf6 Nc3 a6 Bd3 g6 Be3
17	e4 c5 Nf3 d6 d4 cxd4 Nxd4 Nf6 Nc3 a6 Bd3 g6 f3 Bg7 Be3
9	e4 c5 Nf3 d6 d4 cxd4 Nxd4 Nf6 Nc3 a6 Bd3 g6 f3 Qb6 a3
8	e4 c5 Nf3 d6 d4 cxd4 Nxd4 Nf6 Nc3 a6 Be2 e5 Nb3 Be7 Be3 Be6 Nd5 Nbd7 Qd3 Bxd5 exd5 Rc8
10	e4 c5 Nf3 d6 d4 cxd4 Nxd4 Nf6 Nc3 a6 Be2 e5 Nb3 Be7 Be3 Be6 Nd5 Nbd7 Qd3 O-O
16	e4 c5 Nf3 d6 d4 cxd4 Nxd4 Nf6 Nc3 a6 Be2 e5 Nb3 Be7 Be3 Be6 O-O O-O
11	e4 c5 Nf3 d6 d4 cxd4 Nxd4 Nf6 Nc3 a6 Be2 e5 Nb3 Be7 Be3 Be6 Qd3
10	e4 c5 Nf3 d6 d4 cxd4 Nxd4 Nf6 Nc3 a6 Be2 e5 Nb3 Be7 Bg5 Be6 Bxf6 Bxf6 Qd3 Be7
8	e4 c5 Nf3 d6 d4 cxd4 Nxd4 Nf6 Nc3 a6 Be2 e5 Nb3 Be7 Bg5 Be6 Bxf6 Bxf6 Qd3 Nc6 O-O-O Qb6
15	e4 c5 Nf3 d6 d4 cxd4 Nxd4 Nf6 Nc3 a6 Be2 e5 Nb3 Be7 O-O Be6 f4 Qc7
9	e4 c5 Nf3 d6 d4 cxd4 Nxd4 Nf6 Nc3 a6 Be2 e5 Nb3 Be7 O-O O-O Be3 Be6 Nd5 Nbd7 Qd3 Bxd5 exd5
9	e4 c5 Nf3 d6 d4 cxd4 Nxd4 Nf6 Nc3 a6 Be2 e5 Nb3 Be7 O-O O-O Be3 Be6 Qd2 Nbd7 a4 Nb6 a5 Nc4 Bxc4 Bxc4 Rfd1 Rc8
8	e4 c5 Nf3 d6 d4 cxd4 Nxd4 Nf6 Nc3 a6 Be2 e5 Nb3 Be7 O-O O-O Be3 Be6 Qd2 Nbd7 a4 Rc8 a5 Qc7
8	e4 c5 Nf3 d6 d4 cxd4 Nxd4 Nf6 Nc3 a6 Be2 e5 Nb3 Be7 O-O O-O Be3 Be6 Qd3 Nbd7
13	e4 c5 Nf3 d6 d4 cxd4 Nxd4 Nf6 Nc3 a6 Be2 e5 Nb3 Be7 O-O O-O Be3 Be6 Re1
8	e4 c5 Nf3 d6 d4 cxd4 Nxd4 Nf6 Nc3 a6 Be2 e5 Nb3 Be7 O-O O-O Bf3
8	e4 c5 Nf3 d6 d4 cxd4 Nxd4 Nf6 Nc3 a6 Be2 e5 Nb3 Be7 O-O O-O Kh1 Nc6 Be3 Be6
16	e4 c5 Nf3 d6 d4 cxd4 Nxd4 Nf6 Nc3 a6 Be2 e5 Nb3 Be7 O-O O-O Kh1 Nc6 f3
10	e4 c5 Nf3 d6 d4 cxd4 Nxd4 Nf6 Nc3 a6 Be2 e5 Nb3 Be7 O-O O-O Kh1 Nc6 f4 b5
8	e4 c5 Nf3 d6 d4 cxd4 Nxd4 Nf6 Nc3 a6 Be2 e5 Nb3 Be7 O-O O-O Kh1 b6 Be3 Bb7 f3
10	e4 c5 Nf3 d6 d4 cxd4 Nxd4 Nf6 Nc3 a6 Be2 e5 Nb3 Be7 O-O O-O Qd3 Be6 Bd2 Nbd7 Nd5 Bxd5 exd5
8	e4 c5 Nf3 d6 d4 cxd4 Nxd4 Nf6 Nc3 a6 Be2 e5 Nb3 Be7 O-O O-O Re1 Be6 Bf3 Nbd7 a4 Rc8
9	e4 c5 Nf3 d6 d4 cxd4 Nxd4 Nf6 Nc3 a6 Be2 e5 Nb3 Be7 O-O O-O Re1 Be6 Bf3 Qc7 a4
9	e4 c5 Nf3 d6 d4 cxd4 Nxd4 Nf6 Nc3 a6 Be2 e5 Nb3 Be7 O-O O-O Re1 Be6 Bf3 a5
14	e4 c5 Nf3 d6 d4 cxd4 Nxd4 Nf6 Nc3 a6 Be2 e5 Nb3 Be7 O-O O-O a4 Be6
10	e4 c5 Nf3 d6 d4 cxd4 Nxd4 Nf6 Nc3 a6 Be2 e5 Nb3 Be7 Qd3
9	e4 c5 Nf3 d6 d4 cxd4 Nxd4 Nf6 Nc3 a6 Be2 e5 Nf3 Be7 Bg5 Be6 Bxf6 Bxf6 O-O O-O
10	e4 c5 Nf3 d6 d4 cxd4 Nxd4 Nf6 Nc3 a6 Be2 e5 Nf3 Be7 Bg5 Nbd7 a4 h6 Be3 Ng4 Bc1 Ngf6
9	e4 c5 Nf3 d6 d4 cxd4 Nxd4 Nf6 Nc3 a6 Be2 e6 Be3 Be7
9	e4 c5 Nf3 d6 d4 cxd4 Nxd4 Nf6 Nc3 a6 Be2 e6 Be3 Qc7 Qd2 b5
15	e4 c5 Nf3 d6 d4 cxd4 Nxd4 Nf6 Nc3 a6 Be2 e6 O-O Be7 a4 Nc6 Be3 O-O f4 Qc7 Kh1 Re8 Bf3
9	e4 c5 Nf3 d6 d4 cxd4 Nxd4 Nf6 Nc3 a6 Be2 e6 O-O Be7 f4 O-O Be3 Nc6
8	e4 c5 Nf3 d6 d4 cxd4 Nxd4 Nf6 Nc3 a6 Be2 e6 O-O Be7 f4 O-O Kh1 Qc7 a4 Nc6 Be3 Re8 Bf3 Rb8
8	e4 c5 Nf3 d6 d4 cxd4 Nxd4 Nf6 Nc3 a6 Be2 e6 O-O Be7 f4 O-O a4
10	e4 c5 Nf3 d6 d4 cxd4 Nxd4 Nf6 Nc3 a6 Be2 e6 O-O Be7 f4 Qc7
9	e4 c5 Nf3 d6 d4 cxd4 Nxd4 Nf6 Nc3 a6 Be2 e6 a4 Be7
9	e4 c5 Nf3 d6 d4 cxd4 Nxd4 Nf6 Nc3 a6 Be2 e6 a4 Nc6 O-O Be7 Be3 O-O f4 Qc7 Kh1 Re8
12	e4 c5 Nf3 d6 d4 cxd4 Nxd4 Nf6 Nc3 a6 Be2 e6 f4 Be7 Be3
10	e4 c5 Nf3 d6 d4 cxd4 Nxd4 Nf6 Nc3 a6 Be2 e6 f4 Be7 O-O
19	e4 c5 Nf3 d6 d4 cxd4 Nxd4 Nf6 Nc3 a6 Be2 g6
10	e4 c5 Nf3 d6 d4 cxd4 Nxd4 Nf6 Nc3 a6 Be3 Nc6
8	e4 c5 Nf3 d6 d4 cxd4 Nxd4 Nf6 Nc3 a6 Be3 Ng4 Bc1 Nc6
12	e4 c5 Nf3 d6 d4 cxd4 Nxd4 Nf6 Nc3 a6 Be3 Ng4 Bc1 Nf6 Be2 e5 Nb3 Be7
10	e4 c5 Nf3 d6 d4 cxd4 Nxd4 Nf6 Nc3 a6 Be3 Ng4 Bc1 Nf6 Be3 Ng4 Bc1
9	e4 c5 Nf3 d6 d4 cxd4 Nxd4 Nf6 Nc3 a6 Be3 Ng4 Bc1 Nf6 Be3 Ng4 Bg5 h6 Bh4 g5 Bg3 Bg7 h3 Ne5
10	e4 c5 Nf3 d6 d4 cxd4 Nxd4 Nf6 Nc3 a6 Be3 Ng4 Bc1 Nf6 f3 Qb6
10	e4 c5 Nf3 d6 d4 cxd4 Nxd4 Nf6 Nc3 a6 Be3 Ng4 Bc1 Nf6 f3 e5 Nb3 Be6 Be3 Be7 Qd2
8	e4 c5 Nf3 d6 d4 cxd4 Nxd4 Nf6 Nc3 a6 Be3 Ng4 Bc1 Nf6 f3 e5 Nb3 Be6 Be3 h5 Qd2 Nbd7
8	e4 c5 Nf3 d6 d4 cxd4 Nxd4 Nf6 Nc3 a6 Be3 Ng4 Bc1 Nf6 f3 e6 Be3 b5 Qd2 Nbd7
12	e4 c5 Nf3 d6 d4 cxd4 Nxd4 Nf6 Nc3 a6 Be3 Ng4 Bg5 h6 Bc1 Nf6
9	e4 c5 Nf3 d6 d4 cxd4 Nxd4 Nf6 Nc3 a6 Be3 Ng4 Bg5 h6 Bh4 g5 Bg3 Bg7 Be2 h5 Bxg4 Bxg4 f3 Bd7 Bf2 Nc6
9	e4 c5 Nf3 d6 d4 cxd4 Nxd4 Nf6 Nc3 a6 Be3 Ng4 Bg5 h6 Bh4 g5 Bg3 Bg7 Be2 h5 Bxg4 hxg4 O-O
8	e4 c5 Nf3 d6 d4 cxd4 Nxd4 Nf6 Nc3 a6 Be3 Ng4 Bg5 h6 Bh4 g5 Bg3 Bg7 Be2 h5 h4
8	e4 c5 Nf3 d6 d4 cxd4 Nxd4 Nf6 Nc3 a6 Be3 Ng4 Bg5 h6 Bh4 g5 Bg3 Bg7 Qd2 Nc6 Nb3 b5
12	e4 c5 Nf3 d6 d4 cxd4 Nxd4 Nf6 Nc3 a6 Be3 Ng4 Bg5 h6 Bh4 g5 Bg3 Bg7 h3 Ne5 Nf5 Bxf5 exf5 Nbc6 Nd5 e6 fxe6 fxe6 Ne3
13	e4 c5 Nf3 d6 d4 cxd4 Nxd4 Nf6 Nc3 a6 Be3 Ng4 Bg5 h6 Bh4 g5 Bg3 Bg7 h3 Ne5 f3 Nbc6 Bf2 Be6 Qd2
10	e4 c5 Nf3 d6 d4 cxd4 Nxd4 Nf6 Nc3 a6 Be3 Ng4 Bg5 h6 Bh4 g5 Bg3 Bg7 h3 Ne5 f3 Nbc6 Bf2 Ng6
8	e4 c5 Nf3 d6 d4 cxd4 Nxd4 Nf6 Nc3 a6 Be3 Ng4 Bg5 h6 Bh4 g5 Bg3 Bg7 h3 Nf6 Qf3 Qb6 O-O-O Nc6 Nxc6 Qxc6
8	e4 c5 Nf3 d6 d4 cxd4 Nxd4 Nf6 Nc3 a6 Be3 e5 Nb3 Be6 Be2 Be7
8	e4 c5 Nf3 d6 d4 cxd4 Nxd4 Nf6 Nc3 a6 Be3 e5 Nb3 Be6 Qd2 Be7 f3 O-O O-O-O
11	e4 c5 Nf3 d6 d4 cxd4 Nxd4 Nf6 Nc3 a6 Be3 e5 Nb3 Be6 Qd2 Nbd7 O-O-O Be7 f4
11	e4 c5 Nf3 d6 d4 cxd4 Nxd4 Nf6 Nc3 a6 Be3 e5 Nb3 Be6 Qd2 Nbd7 O-O-O b5
11	e4 c5 Nf3 d6 d4 cxd4 Nxd4 Nf6 Nc3 a6 Be3 e5 Nb3 Be6 Qd2 Nbd7 f3 b5
12	e4 c5 Nf3 d6 d4 cxd4 Nxd4 Nf6 Nc3 a6 Be3 e5 Nb3 Be6 Qd2 Nbd7 f3 h5
10	e4 c5 Nf3 d6 d4 cxd4 Nxd4 Nf6 Nc3 a6 Be3 e5 Nb3 Be6 Qd2 Nbd7 f4
8	e4 c5 Nf3 d6 d4 cxd4 Nxd4 Nf6 Nc3 a6 Be3 e5 Nb3 Be6 f3 Be7 Qd2 Nbd7 g4 h6
8	e4 c5 Nf3 d6 d4 cxd4 Nxd4 Nf6 Nc3 a6 Be3 e5 Nb3 Be6 f3 Be7 Qd2 O-O O-O-O Nbd7 g4 b5 g5 Nh5 Kb1 Nb6 Na5
9	e4 c5 Nf3 d6 d4 cxd4 Nxd4 Nf6 Nc3 a6 Be3 e5 Nb3 Be6 f3 Be7 Qd2 O-O O-O-O Nbd7 g4 b5 g5 b4 Ne2 Ne8 f4 a5 f5 a4
8	e4 c5 Nf3 d6 d4 cxd4 Nxd4 Nf6 Nc3 a6 Be3 e5 Nb3 Be6 f3 Nbd7 Qd2 Be7
16	e4 c5 Nf3 d6 d4 cxd4 Nxd4 Nf6 Nc3 a6 Be3 e5 Nb3 Be6 f3 Nbd7 Qd2 b5 O-O-O
11	e4 c5 Nf3 d6 d4 cxd4 Nxd4 Nf6 Nc3 a6 Be3 e5 Nb3 Be6 f3 Nbd7 Qd2 b5 a4 b4 Nd5 Bxd5 exd5 Nb6 Bxb6 Qxb6 a5 Qb7 Bc4
8	e4 c5 Nf3 d6 d4 cxd4 Nxd4 Nf6 Nc3 a6 Be3 e5 Nb3 Be6 f3 Nbd7 Qd2 b5 g4
9	e4 c5 Nf3 d6 d4 cxd4 Nxd4 Nf6 Nc3 a6 Be3 e5 Nb3 Be6 f3 Nbd7 g4 Nb6 g5 Nh5 Qd2 Be7 O-O-O O-O
8	e4 c5 Nf3 d6 d4 cxd4 Nxd4 Nf6 Nc3 a6 Be3 e5 Nb3 Be6 f3 Nbd7 g4 b5 g5 b4 Nd5 Nxd5 exd5 Bf5 Bd3 Bxd3 Qxd3 Be7
8	e4 c5 Nf3 d6 d4 cxd4 Nxd4 Nf6 Nc3 a6 Be3 e5 Nb3 Be6 f3 Nbd7 g4 h6
10	e4 c5 Nf3 d6 d4 cxd4 Nxd4 Nf6 Nc3 a6 Be3 e5 Nb3 Be6 f3 h5 Nd5 Bxd5 exd5 Nbd7 Qd2 g6 O-O-O Nb6
8	e4 c5 Nf3 d6 d4 cxd4 Nxd4 Nf6 Nc3 a6 Be3 e5 Nb3 Be6 f3 h5 Qd2 Nbd7 Nd5 Bxd5 exd5 g6 O-O-O Nb6 Kb1 Nbxd5 Bg5 Be7
12	e4 c5 Nf3 d6 d4 cxd4 Nxd4 Nf6 Nc3 a6 Be3 e5 Nb3 Be6 f3 h5 Qd2 Nbd7 O-O-O Be7 Kb1
10	e4 c5 Nf3 d6 d4 cxd4 Nxd4 Nf6 Nc3 a6 Be3 e5 Nb3 Be6 f4 exf4 Bxf4 Nc6 Qe2
9	e4 c5 Nf3 d6 d4 cxd4 Nxd4 Nf6 Nc3 a6 Be3 e5 Nb3 Be6 h3 Be7 Qf3
20	e4 c5 Nf3 d6 d4 cxd4 Nxd4 Nf6 Nc3 a6 Be3 e5 Nb3 Be7 Qd2
10	e4 c5 Nf3 d6 d4 cxd4 Nxd4 Nf6 Nc3 a6 Be3 e5 Nb3 Be7 f3 Be6 Qd2 Nbd7 g4
8	e4 c5 Nf3 d6 d4 cxd4 Nxd4 Nf6 Nc3 a6 Be3 e5 Nb3 Be7 f3 Be6 Qd2 O-O O-O-O Nbd7 g4 b5 g5 Nh5
8	e4 c5 Nf3 d6 d4 cxd4 Nxd4 Nf6 Nc3 a6 Be3 e5 Nb3 Be7 f3 Be6 Qd2 O-O O-O-O Nbd7 g4 b5 g5 b4
15	e4 c5 Nf3 d6 d4 cxd4 Nxd4 Nf6 Nc3 a6 Be3 e5 Nb3 Be7 f3 Be6 Qd2 O-O O-O-O a5
8	e4 c5 Nf3 d6 d4 cxd4 Nxd4 Nf6 Nc3 a6 Be3 e5 Nb3 Be7 f3 Be6 Qd2 h5 Nd5 Nxd5 exd5 Bf5
8	e4 c5 Nf3 d6 d4 cxd4 Nxd4 Nf6 Nc3 a6 Be3 e5 Nb3 Be7 f3 O-O
10	e4 c5 Nf3 d6 d4 cxd4 Nxd4 Nf6 Nc3 a6 Be3 e5 Nb3 Be7 h3 Be6
8	e4 c5 Nf3 d6 d4 cxd4 Nxd4 Nf6 Nc3 a6 Be3 e5 Nde2 Be6
14	e4 c5 Nf3 d6 d4 cxd4 Nxd4 Nf6 Nc3 a6 Be3 e5 Nf3 Be7 Bc4 Be6 Bb3
9	e4 c5 Nf3 d6 d4 cxd4 Nxd4 Nf6 Nc3 a6 Be3 e5 Nf3 Be7 Bc4 O-O O-O Be6 Bb3 Nc6 Qe2 Na5 Rfd1
9	e4 c5 Nf3 d6 d4 cxd4 Nxd4 Nf6 Nc3 a6 Be3 e5 Nf3 Be7 Bc4 O-O O-O Be6 Bb3 b5
8	e4 c5 Nf3 d6 d4 cxd4 Nxd4 Nf6 Nc3 a6 Be3 e5 Nf3 Be7 Bc4 O-O O-O Be6 Bxe6 fxe6 Na4 Ng4 Qd3
12	e4 c5 Nf3 d6 d4 cxd4 Nxd4 Nf6 Nc3 a6 Be3 e5 Nf3 Be7 Bc4 O-O O-O Nc6 Bb3
9	e4 c5 Nf3 d6 d4 cxd4 Nxd4 Nf6 Nc3 a6 Be3 e5 Nf3 Be7 Bc4 O-O O-O Nc6 Bg5 Be6 Bb3 Nd7 Bxe7 Qxe7 Nd5 Qd8 Qe2
12	e4 c5 Nf3 d6 d4 cxd4 Nxd4 Nf6 Nc3 a6 Be3 e5 Nf3 Be7 Bc4 O-O O-O Nc6 Qe2 Na5
11	e4 c5 Nf3 d6 d4 cxd4 Nxd4 Nf6 Nc3 a6 Be3 e5 Nf3 Be7 Bc4 O-O O-O Nc6 Re1 Be6
8	e4 c5 Nf3 d6 d4 cxd4 Nxd4 Nf6 Nc3 a6 Be3 e5 Nf3 Be7 Bc4 O-O O-O Nc6 Re1 b5 Bf1 Rb8 Bg5 Ng4 Bc1
18	e4 c5 Nf3 d6 d4 cxd4 Nxd4 Nf6 Nc3 a6 Be3 e5 Nf3 Be7 Bc4 O-O O-O Qc7 Bb3 Be6
8	e4 c5 Nf3 d6 d4 cxd4 Nxd4 Nf6 Nc3 a6 Be3 e5 Nf3 Qc7 a4 Be7 Be2 O-O O-O b6
13	e4 c5 Nf3 d6 d4 cxd4 Nxd4 Nf6 Nc3 a6 Be3 e5 Nf3 Qc7 a4 Be7 a5 O-O Be2
8	e4 c5 Nf3 d6 d4 cxd4 Nxd4 Nf6 Nc3 a6 Be3 e5 Nf3 Qc7 a4 h6
8	e4 c5 Nf3 d6 d4 cxd4 Nxd4 Nf6 Nc3 a6 Be3 e6 Be2 Be7 f4
10	e4 c5 Nf3 d6 d4 cxd4 Nxd4 Nf6 Nc3 a6 Be3 e6 Be2 Nbd7
9	e4 c5 Nf3 d6 d4 cxd4 Nxd4 Nf6 Nc3 a6 Be3 e6 Be2 Qc7 Qd2 b5 a3 Bb7 f3
9	e4 c5 Nf3 d6 d4 cxd4 Nxd4 Nf6 Nc3 a6 Be3 e6 Be2 Qc7 a4 b6 f4
12	e4 c5 Nf3 d6 d4 cxd4 Nxd4 Nf6 Nc3 a6 Be3 e6 a3
8	e4 c5 Nf3 d6 d4 cxd4 Nxd4 Nf6 Nc3 a6 Be3 e6 a4 Nc6 Be2 Be7 O-O
8	e4 c5 Nf3 d6 d4 cxd4 Nxd4 Nf6 Nc3 a6 Be3 e6 f3 Be7
8	e4 c5 Nf3 d6 d4 cxd4 Nxd4 Nf6 Nc3 a6 Be3 e6 f3 b5 Qd2 Nbd7 g4 h6 O-O-O b4
9	e4 c5 Nf3 d6 d4 cxd4 Nxd4 Nf6 Nc3 a6 Be3 e6 f3 b5 Qd2 b4 Na4 Nbd7
11	e4 c5 Nf3 d6 d4 cxd4 Nxd4 Nf6 Nc3 a6 Be3 e6 f3 b5 g4 h6 Qd2 Nbd7 O-O-O Bb7 h4 b4 Na4 Qa5 b3
9	e4 c5 Nf3 d6 d4 cxd4 Nxd4 Nf6 Nc3 a6 Be3 e6 f4
10	e4 c5 Nf3 d6 d4 cxd4 Nxd4 Nf6 Nc3 a6 Be3 e6 g4 e5 Nf5 g6 g5 gxf5 exf5 d5 Qf3 d4 O-O-O Nbd7
9	e4 c5 Nf3 d6 d4 cxd4 Nxd4 Nf6 Nc3 a6 Be3 e6 g4 e5 Nf5 g6 g5 gxf5 exf5 d5 gxf6 d4 Bc4 Qc7 Qd3 dxe3
8	e4 c5 Nf3 d6 d4 cxd4 Nxd4 Nf6 Nc3 a6 Be3 e6 g4 h6 Bg2 Nc6
8	e4 c5 Nf3 d6 d4 cxd4 Nxd4 Nf6 Nc3 a6 Be3 e6 g4 h6 f4 e5 Nf5
11	e4 c5 Nf3 d6 d4 cxd4 Nxd4 Nf6 Nc3 a6 Bg5 Nbd7 Bc4 Qb6 Bb3 e6 Qd2 Be7 O-O-O Nc5 Rhe1
8	e4 c5 Nf3 d6 d4 cxd4 Nxd4 Nf6 Nc3 a6 Bg5 Nbd7 Bc4 Qb6 Bb3 e6 Qd2 Be7 O-O-O Nc5 f3
9	e4 c5 Nf3 d6 d4 cxd4 Nxd4 Nf6 Nc3 a6 Bg5 Nbd7 Bc4 e6
8	e4 c5 Nf3 d6 d4 cxd4 Nxd4 Nf6 Nc3 a6 Bg5 Nbd7 Qe2 e6
8	e4 c5 Nf3 d6 d4 cxd4 Nxd4 Nf6 Nc3 a6 Bg5 Nbd7 Qe2 h6 Bh4 g6 f4 e5
14	e4 c5 Nf3 d6 d4 cxd4 Nxd4 Nf6 Nc3 a6 Bg5 Nbd7 f4 Qc7 Qf3
9	e4 c5 Nf3 d6 d4 cxd4 Nxd4 Nf6 Nc3 a6 Bg5 e6 Qe2
10	e4 c5 Nf3 d6 d4 cxd4 Nxd4 Nf6 Nc3 a6 Bg5 e6 Qf3 Nbd7 O-O-O
11	e4 c5 Nf3 d6 d4 cxd4 Nxd4 Nf6 Nc3 a6 Bg5 e6 Qf3 h6
8	e4 c5 Nf3 d6 d4 cxd4 Nxd4 Nf6 Nc3 a6 Bg5 e6 f4 Be7 Qf3 Qc7 O-O-O Nbd7 Bd3 h6
12	e4 c5 Nf3 d6 d4 cxd4 Nxd4 Nf6 Nc3 a6 Bg5 e6 f4 Be7 Qf3 Qc7 O-O-O Nbd7 g4 b5 Bxf6 Nxf6 g5 Nd7 f5
11	e4 c5 Nf3 d6 d4 cxd4 Nxd4 Nf6 Nc3 a6 Bg5 e6 f4 Nbd7 Bc4
8	e4 c5 Nf3 d6 d4 cxd4 Nxd4 Nf6 Nc3 a6 Bg5 e6 f4 Nbd7 Qe2 Qc7 O-O-O b5 a3 Bb7 g4
8	e4 c5 Nf3 d6 d4 cxd4 Nxd4 Nf6 Nc3 a6 Bg5 e6 f4 Nbd7 Qe2 Qc7 O-O-O b5 a3 Be7
8	e4 c5 Nf3 d6 d4 cxd4 Nxd4 Nf6 Nc3 a6 Bg5 e6 f4 Nbd7 Qf3 Qc7 O-O-O b5 Bd3 Bb7 Rhe1 Be7
10	e4 c5 Nf3 d6 d4 cxd4 Nxd4 Nf6 Nc3 a6 Bg5 e6 f4 Nbd7 Qf3 Qc7 O-O-O b5 Bd3 Bb7 Rhe1 Qb6
13	e4 c5 Nf3 d6 d4 cxd4 Nxd4 Nf6 Nc3 a6 Bg5 e6 f4 Nc6
12	e4 c5 Nf3 d6 d4 cxd4 Nxd4 Nf6 Nc3 a6 Bg5 e6 f4 Qb6 Nb3 Be7 Qf3
8	e4 c5 Nf3 d6 d4 cxd4 Nxd4 Nf6 Nc3 a6 Bg5 e6 f4 Qb6 Nb3 Nbd7 Qe2 Qc7 O-O-O b5 a3
8	e4 c5 Nf3 d6 d4 cxd4 Nxd4 Nf6 Nc3 a6 Bg5 e6 f4 Qb6 Qd2 Nc6
8	e4 c5 Nf3 d6 d4 cxd4 Nxd4 Nf6 Nc3 a6 Bg5 e6 f4 Qb6 Qd2 Qxb2 Nb3 Qa3 Bxf6 gxf6 Be2
10	e4 c5 Nf3 d6 d4 cxd4 Nxd4 Nf6 Nc3 a6 Bg5 e6 f4 Qb6 Qd2 Qxb2 Rb1 Qa3 e5 h6 Bh4 dxe5 fxe5 Nfd7 Ne4 Qxa2 Rd1 Qd5 Qe3 Qxe5 Be2 Bc5 Bg3
11	e4 c5 Nf3 d6 d4 cxd4 Nxd4 Nf6 Nc3 a6 Bg5 e6 f4 Qb6 Qd2 Qxb2 Rb1 Qa3 e5 h6 Bh4 dxe5 fxe5 g5
9	e4 c5 Nf3 d6 d4 cxd4 Nxd4 Nf6 Nc3 a6 Bg5 e6 f4 Qb6 Qd2 Qxb2 Rb1 Qa3 f5 Be7 fxe6 Bxe6 Nxe6 fxe6 Bc4 Nbd7 Bxe6 Nc5
8	e4 c5 Nf3 d6 d4 cxd4 Nxd4 Nf6 Nc3 a6 Bg5 e6 f4 Qb6 Qd2 Qxb2 Rb1 Qa3 f5 Nc6 fxe6 Bxe6
8	e4 c5 Nf3 d6 d4 cxd4 Nxd4 Nf6 Nc3 a6 Bg5 e6 f4 Qb6 Qd2 Qxb2 Rb1 Qa3 f5 Nc6 fxe6 fxe6 Nxc6 bxc6 Be2 Be7 O-O O-O Rb3 Qc5+
12	e4 c5 Nf3 d6 d4 cxd4 Nxd4 Nf6 Nc3 a6 Bg5 e6 f4 Qb6 Qd2 Qxb2 Rb1 Qa3 f5 Nc6 fxe6 fxe6 Nxc6 bxc6 e5 dxe5 Bxf6 gxf6 Ne4
8	e4 c5 Nf3 d6 d4 cxd4 Nxd4 Nf6 Nc3 a6 Bg5 e6 f4 Qb6 Qd3 Qxb2 Rb1 Qa3 f5 Be7 fxe6 fxe6 Be2 Qa5 Bd2 Qc7 g4 h6 Qh3
9	e4 c5 Nf3 d6 d4 cxd4 Nxd4 Nf6 Nc3 a6 Bg5 e6 f4 Qb6 a3
14	e4 c5 Nf3 d6 d4 cxd4 Nxd4 Nf6 Nc3 a6 Bg5 e6 f4 Qc7 Bxf6 gxf6 Qd2
11	e4 c5 Nf3 d6 d4 cxd4 Nxd4 Nf6 Nc3 a6 Bg5 e6 f4 Qc7 Bxf6 gxf6 Qf3
10	e4 c5 Nf3 d6 d4 cxd4 Nxd4 Nf6 Nc3 a6 Bg5 e6 f4 b5 e5 dxe5 fxe5 Qc7
9	e4 c5 Nf3 d6 d4 cxd4 Nxd4 Nf6 Nc3 a6 Bg5 e6 f4 h6 Bh4 Qb6 Qd2 Qxb2 Rb1 Qa3 e5 dxe5 fxe5
8	e4 c5 Nf3 d6 d4 cxd4 Nxd4 Nf6 Nc3 a6 Bg5 e6 f4 h6 Bh4 Qb6 a3 Be7 Bf2 Qc7 Qf3 Nbd7 O-O-O b5 g4 Bb7 h4
11	e4 c5 Nf3 d6 d4 cxd4 Nxd4 Nf6 Nc3 a6 Bg5 e6 f4 h6 Bh4 Qb6 a3 Nbd7
13	e4 c5 Nf3 d6 d4 cxd4 Nxd4 Nf6 Nc3 a6 Nb3 Nbd7
8	e4 c5 Nf3 d6 d4 cxd4 Nxd4 Nf6 Nc3 a6 Nb3 Nc6 Be3 e6 g4
8	e4 c5 Nf3 d6 d4 cxd4 Nxd4 Nf6 Nc3 a6 Nb3 e6 g4 b5 Bg2 Bb7 g5 Nfd7
12	e4 c5 Nf3 d6 d4 cxd4 Nxd4 Nf6 Nc3 a6 Nb3 g6
9	e4 c5 Nf3 d6 d4 cxd4 Nxd4 Nf6 Nc3 a6 Qd3 Nbd7 Be2 g6
8	e4 c5 Nf3 d6 d4 cxd4 Nxd4 Nf6 Nc3 a6 Qd3 e6
9	e4 c5 Nf3 d6 d4 cxd4 Nxd4 Nf6 Nc3 a6 Rg1 b5 g4 Bb7
9	e4 c5 Nf3 d6 d4 cxd4 Nxd4 Nf6 Nc3 a6 Rg1 e5 Nb3 Be6 g4 d5 exd5 Nxd5 Nxd5
8	e4 c5 Nf3 d6 d4 cxd4 Nxd4 Nf6 Nc3 a6 Rg1 g6 g4 Bg7
15	e4 c5 Nf3 d6 d4 cxd4 Nxd4 Nf6 Nc3 a6 Rg1 h5 Bg5
14	e4 c5 Nf3 d6 d4 cxd4 Nxd4 Nf6 Nc3 a6 a3 e5
13	e4 c5 Nf3 d6 d4 cxd4 Nxd4 Nf6 Nc3 a6 a4 Nc6 Be2 e5
12	e4 c5 Nf3 d6 d4 cxd4 Nxd4 Nf6 Nc3 a6 a4 Nc6 Be2 g6
10	e4 c5 Nf3 d6 d4 cxd4 Nxd4 Nf6 Nc3 a6 a4 e5 Nf3 Be7 Bc4 Be6 Qe2
9	e4 c5 Nf3 d6 d4 cxd4 Nxd4 Nf6 Nc3 a6 a4 e5 Nf3 Be7 Bg5 Be6 Bxf6 Bxf6 Nd5 Nd7 Bc4 Rc8 Qe2 Nb6
8	e4 c5 Nf3 d6 d4 cxd4 Nxd4 Nf6 Nc3 a6 a4 e5 Nf3 Be7 Bg5 Be6 Bxf6 Bxf6 Nd5 Nd7 Bc4 Rc8 b3
11	e4 c5 Nf3 d6 d4 cxd4 Nxd4 Nf6 Nc3 a6 a4 e5 Nf3 h6
8	e4 c5 Nf3 d6 d4 cxd4 Nxd4 Nf6 Nc3 a6 a4 e6 a5
8	e4 c5 Nf3 d6 d4 cxd4 Nxd4 Nf6 Nc3 a6 a4 g6 Be2 Bg7 O-O O-O Be3 Nc6 Qd2 Bd7 Rfd1
13	e4 c5 Nf3 d6 d4 cxd4 Nxd4 Nf6 Nc3 a6 f3 Qb6 Nb3 e6
8	e4 c5 Nf3 d6 d4 cxd4 Nxd4 Nf6 Nc3 a6 f3 Qb6 g4 Nc6 Nb3 e6 Qe2 Qc7 Be3 b5 O-O-O
8	e4 c5 Nf3 d6 d4 cxd4 Nxd4 Nf6 Nc3 a6 f3 e5 Nb3 Be6 Be3 Be7 Qd2 O-O O-O-O Nbd7 g4 b5 g5 Nh5
11	e4 c5 Nf3 d6 d4 cxd4 Nxd4 Nf6 Nc3 a6 f3 e5 Nb3 Be6 Be3 Be7 Qd2 O-O O-O-O Nbd7 g4 b5 g5 b4 Ne2 Ne8
8	e4 c5 Nf3 d6 d4 cxd4 Nxd4 Nf6 Nc3 a6 f3 e5 Nb3 Be6 Be3 Be7 Qd2 h5 Nd5
12	e4 c5 Nf3 d6 d4 cxd4 Nxd4 Nf6 Nc3 a6 f3 e5 Nb3 Be6 Be3 Nbd7 Qd2 b5 O-O-O
8	e4 c5 Nf3 d6 d4 cxd4 Nxd4 Nf6 Nc3 a6 f3 e5 Nb3 Be6 Be3 Nbd7 g4 Nb6 g5 Nh5 Qd2
8	e4 c5 Nf3 d6 d4 cxd4 Nxd4 Nf6 Nc3 a6 f3 e5 Nb3 Be6 Be3 Nbd7 g4 b5 g5 b4 Ne2 Nh5 Qd2
12	e4 c5 Nf3 d6 d4 cxd4 Nxd4 Nf6 Nc3 a6 f3 e5 Nb3 Be6 Be3 h5 Nd5 Bxd5 exd5 Nbd7 Qd2 g6 O-O-O
9	e4 c5 Nf3 d6 d4 cxd4 Nxd4 Nf6 Nc3 a6 f3 e5 Nb3 Be6 Be3 h5 Qd2 Nbd7 Nd5 Bxd5 exd5 g6
8	e4 c5 Nf3 d6 d4 cxd4 Nxd4 Nf6 Nc3 a6 f3 e5 Nb3 Be7 Be3 Be6 Qd2 O-O O-O-O
8	e4 c5 Nf3 d6 d4 cxd4 Nxd4 Nf6 Nc3 a6 f3 e6 Be3 b5 Qd2 Nbd7 g4 h6 O-O-O
8	e4 c5 Nf3 d6 d4 cxd4 Nxd4 Nf6 Nc3 a6 f3 e6 Be3 b5 Qd2 b4 Na4 Nbd7
9	e4 c5 Nf3 d6 d4 cxd4 Nxd4 Nf6 Nc3 a6 f3 e6 Be3 b5 g4 Nfd7 Qd2 Nb6
11	e4 c5 Nf3 d6 d4 cxd4 Nxd4 Nf6 Nc3 a6 f3 e6 Be3 b5 g4 h6 Qd2 Nbd7 O-O-O Bb7
11	e4 c5 Nf3 d6 d4 cxd4 Nxd4 Nf6 Nc3 a6 f3 e6 Be3 h5
10	e4 c5 Nf3 d6 d4 cxd4 Nxd4 Nf6 Nc3 a6 f4 Nbd7
25	e4 c5 Nf3 d6 d4 cxd4 Nxd4 Nf6 Nc3 a6 f4 Qc7
12	e4 c5 Nf3 d6 d4 cxd4 Nxd4 Nf6 Nc3 a6 f4 e5 Nb3
10	e4 c5 Nf3 d6 d4 cxd4 Nxd4 Nf6 Nc3 a6 f4 e5 Nf3 Nbd7 a4 Be7 Bc4
9	e4 c5 Nf3 d6 d4 cxd4 Nxd4 Nf6 Nc3 a6 f4 e5 Nf3 Nbd7 a4 Be7 Bd3 O-O O-O Nc5 Kh1
8	e4 c5 Nf3 d6 d4 cxd4 Nxd4 Nf6 Nc3 a6 f4 e5 Nf3 Nbd7 a4 Qc7
8	e4 c5 Nf3 d6 d4 cxd4 Nxd4 Nf6 Nc3 a6 f4 e5 Nf3 Qc7
12	e4 c5 Nf3 d6 d4 cxd4 Nxd4 Nf6 Nc3 a6 f4 e6 Qf3 Qb6
8	e4 c5 Nf3 d6 d4 cxd4 Nxd4 Nf6 Nc3 a6 g3 e5 Nb3 Be7 Bg2 O-O O-O Be6 a4 Nbd7 Re1
8	e4 c5 Nf3 d6 d4 cxd4 Nxd4 Nf6 Nc3 a6 g3 e5 Nb3 Nbd7
8	e4 c5 Nf3 d6 d4 cxd4 Nxd4 Nf6 Nc3 a6 g3 e5 Nde2 Be7 Bg2 Nbd7 a4
9	e4 c5 Nf3 d6 d4 cxd4 Nxd4 Nf6 Nc3 a6 g3 e5 Nde2 Be7 Bg2 O-O O-O b5 Nd5 Nbd7 Nec3
8	e4 c5 Nf3 d6 d4 cxd4 Nxd4 Nf6 Nc3 a6 g3 e5 Nde2 Be7 Bg2 O-O O-O b5 Nd5 Nxd5 Qxd5 Ra7 Be3
12	e4 c5 Nf3 d6 d4 cxd4 Nxd4 Nf6 Nc3 a6 g3 e5 Nde2 Be7 Bg2 b5 Nd5 Nbd7 Nec3
11	e4 c5 Nf3 d6 d4 cxd4 Nxd4 Nf6 Nc3 a6 g3 e5 Nf3 Be7
11	e4 c5 Nf3 d6 d4 cxd4 Nxd4 Nf6 Nc3 a6 g3 e6 Bg2 Be7 O-O O-O
8	e4 c5 Nf3 d6 d4 cxd4 Nxd4 Nf6 Nc3 a6 g3 g6 Bg2 Bg7 O-O O-O h3 Nc6
10	e4 c5 Nf3 d6 d4 cxd4 Nxd4 Nf6 Nc3 a6 h3 Nc6 g4 Qb6 Nb3 e6
10	e4 c5 Nf3 d6 d4 cxd4 Nxd4 Nf6 Nc3 a6 h3 b5
9	e4 c5 Nf3 d6 d4 cxd4 Nxd4 Nf6 Nc3 a6 h3 e5 Nb3 Be6 Be3 Be7
9	e4 c5 Nf3 d6 d4 cxd4 Nxd4 Nf6 Nc3 a6 h3 e5 Nb3 Be6 f4 b5
8	e4 c5 Nf3 d6 d4 cxd4 Nxd4 Nf6 Nc3 a6 h3 e5 Nb3 Be6 f4 g6 Be2 Nbd7 O-O
11	e4 c5 Nf3 d6 d4 cxd4 Nxd4 Nf6 Nc3 a6 h3 e5 Nb3 Be7 Be3 Be6
14	e4 c5 Nf3 d6 d4 cxd4 Nxd4 Nf6 Nc3 a6 h3 e5 Nb3 Be7 g4 h6 Be3
14	e4 c5 Nf3 d6 d4 cxd4 Nxd4 Nf6 Nc3 a6 h3 e5 Nde2 b5
8	e4 c5 Nf3 d6 d4 cxd4 Nxd4 Nf6 Nc3 a6 h3 e5 Nde2 h5 Bg5 Be6 Bxf6 Qxf6 Nd5 Qd8 Qd3 Nd7 O-O-O g6 Kb1 Nc5
12	e4 c5 Nf3 d6 d4 cxd4 Nxd4 Nf6 Nc3 a6 h3 e5 Nde2 h5 g3 Be6 Bg2 b5
8	e4 c5 Nf3 d6 d4 cxd4 Nxd4 Nf6 Nc3 a6 h3 e5 Nde2 h5 g3 Be7 Bg2 b5 Nd5
10	e4 c5 Nf3 d6 d4 cxd4 Nxd4 Nf6 Nc3 a6 h3 e5 Nde2 h5 g3 Nbd7
9	e4 c5 Nf3 d6 d4 cxd4 Nxd4 Nf6 Nc3 a6 h3 e5 Nde2 h5 g3 b5
11	e4 c5 Nf3 d6 d4 cxd4 Nxd4 Nf6 Nc3 a6 h3 e5 Nf3 Be7 g4
9	e4 c5 Nf3 d6 d4 cxd4 Nxd4 Nf6 Nc3 a6 h3 e6 g4 Be7 Bg2 Nfd7 Be3 Nc6
9	e4 c5 Nf3 d6 d4 cxd4 Nxd4 Nf6 Nc3 a6 h3 e6 g4 Be7 g5 Nfd7 h4 b5 a3 Bb7 Be3 Nc6
8	e4 c5 Nf3 d6 d4 cxd4 Nxd4 Nf6 Nc3 a6 h3 e6 g4 Nfd7 Bg2 Be7 Be3 Nc6
8	e4 c5 Nf3 d6 d4 cxd4 Nxd4 Nf6 Nc3 a6 h3 e6 g4 Nfd7 g5
9	e4 c5 Nf3 d6 d4 cxd4 Nxd4 Nf6 Nc3 a6 h3 e6 g4 b5 Bg2 Bb7 O-O
8	e4 c5 Nf3 d6 d4 cxd4 Nxd4 Nf6 Nc3 a6 h3 e6 g4 d5 exd5 Nxd5 Nde2 Bb4 Bg2 O-O O-O
8	e4 c5 Nf3 d6 d4 cxd4 Nxd4 Nf6 Nc3 a6 h3 e6 g4 h6 Bg2 Be7 Be3 Nc6 f4 Nd7 O-O
9	e4 c5 Nf3 d6 d4 cxd4 Nxd4 Nf6 Nc3 a6 h3 g6 g4 Bg7 Bg2 O-O Be3 Nc6
8	e4 c5 Nf3 d6 d4 cxd4 Nxd4 Nf6 Nc3 a6 h4 e5 Nb3 Be6 f4
10	e4 c5 Nf3 d6 d4 cxd4 Nxd4 Nf6 Nc3 a6 h4 e5 Nb3 Be7
8	e4 c5 Nf3 d6 d4 cxd4 Nxd4 Nf6 Nc3 e6 Be2 Be7 O-O O-O f4
16	e4 c5 Nf3 d6 d4 cxd4 Nxd4 Nf6 Nc3 e6 Be3 Nc6
9	e4 c5 Nf3 d6 d4 cxd4 Nxd4 Nf6 Nc3 e6 Be3 a6 f3 b5
8	e4 c5 Nf3 d6 d4 cxd4 Nxd4 Nf6 Nc3 e6 f4
10	e4 c5 Nf3 d6 d4 cxd4 Nxd4 Nf6 Nc3 e6 g3
9	e4 c5 Nf3 d6 d4 cxd4 Nxd4 Nf6 Nc3 e6 g4 h6 Bg2
8	e4 c5 Nf3 d6 d4 cxd4 Nxd4 Nf6 Nc3 e6 g4 h6 h4 Be7
9	e4 c5 Nf3 d6 d4 cxd4 Nxd4 Nf6 Nc3 e6 g4 h6 h4 Nc6 Rg1
9	e4 c5 Nf3 d6 d4 cxd4 Nxd4 Nf6 Nc3 g6 Bc4 Bg7 O-O O-O
9	e4 c5 Nf3 d6 d4 cxd4 Nxd4 Nf6 Nc3 g6 Be2 Bg7 O-O O-O Be3 Nc6
10	e4 c5 Nf3 d6 d4 cxd4 Nxd4 Nf6 Nc3 g6 Be3 Bg7 Be2
8	e4 c5 Nf3 d6 d4 cxd4 Nxd4 Nf6 Nc3 g6 Be3 Bg7 f3 Nc6 Qd2 O-O Bc4 Bd7 Bb3
8	e4 c5 Nf3 d6 d4 cxd4 Nxd4 Nf6 Nc3 g6 Be3 Bg7 f3 Nc6 Qd2 O-O Bc4 Bd7 O-O-O Rc8 Bb3 Nxd4 Bxd4 b5
10	e4 c5 Nf3 d6 d4 cxd4 Nxd4 Nf6 Nc3 g6 Be3 Bg7 f3 Nc6 Qd2 O-O Bc4 Bd7 h4
8	e4 c5 Nf3 d6 d4 cxd4 Nxd4 Nf6 Nc3 g6 Be3 Bg7 f3 Nc6 Qd2 O-O O-O-O d5 Qe1 e5 Nxc6 bxc6 exd5
10	e4 c5 Nf3 d6 d4 cxd4 Nxd4 Nf6 Nc3 g6 Be3 Bg7 f3 Nc6 Qd2 O-O O-O-O d5 exd5 Nxd5 Nxc6 bxc6 Bd4 Bxd4 Qxd4 Qb6 Na4 Qc7
10	e4 c5 Nf3 d6 d4 cxd4 Nxd4 Nf6 Nc3 g6 Be3 Bg7 f3 Nc6 Qd2 O-O O-O-O d5 exd5 Nxd5 Nxc6 bxc6 Bd4 Nxc3 Qxc3 Bh6+ Be3 Bxe3+ Qxe3 Qb6
9	e4 c5 Nf3 d6 d4 cxd4 Nxd4 Nf6 Nc3 g6 Be3 Bg7 f3 Nc6 Qd2 O-O g4 Be6
9	e4 c5 Nf3 d6 d4 cxd4 Nxd4 Nf6 Nc3 g6 Be3 Bg7 f3 O-O Qd2 Nc6 Bc4 Bd7 O-O-O Rc8 Bb3
11	e4 c5 Nf3 d6 d4 cxd4 Nxd4 Nf6 Nc3 g6 Be3 Bg7 f3 O-O Qd2 Nc6 Bc4 Bd7 h4
10	e4 c5 Nf3 d6 d4 cxd4 Nxd4 Nf6 Nc3 g6 Be3 Bg7 f3 O-O Qd2 Nc6 O-O-O d5 exd5 Nxd5 Nxc6 bxc6 Bd4 Bxd4 Qxd4 Qb6 Na4 Qc7
10	e4 c5 Nf3 d6 d4 cxd4 Nxd4 Nf6 Nc3 g6 Be3 Bg7 f3 O-O Qd2 Nc6 O-O-O d5 exd5 Nxd5 Nxc6 bxc6 Bd4 e5 Bc5
11	e4 c5 Nf3 d6 d4 cxd4 Nxd4 Nf6 Nc3 g6 Be3 Bg7 f3 a6 Qd2
9	e4 c5 Nf3 d6 d4 cxd4 Nxd4 Nf6 Nc3 g6 Be3 Nc6 f3
12	e4 c5 Nf3 d6 d4 cxd4 Nxd4 Nf6 Nc3 g6 g3 Nc6 Nde2
10	e4 c5 Nf3 d6 d4 cxd4 Nxd4 Nf6 f3 Nc6 Nc3
8	e4 c5 Nf3 d6 d4 cxd4 Nxd4 Nf6 f3 Nc6 c4 e6 Nc3 Be7
9	e4 c5 Nf3 d6 d4 cxd4 Nxd4 Nf6 f3 e5 Nb3 Be6 c4 Nbd7
8	e4 c5 Nf3 d6 d4 cxd4 Nxd4 Nf6 f3 e5 Nb3 Be7 c4 a5 Be3 a4
8	e4 c5 Nf3 d6 d4 cxd4 Nxd4 Nf6 f3 e5 Nb3 d5 Bg5 Be6 Bxf6 gxf6 exd5 Qxd5 Qxd5 Bxd5 Nc3 Be6
8	e4 c5 Nf3 d6 d4 cxd4 Nxd4 Nf6 f3 e5 Nb3 d5 Bg5 d4 c3 Nc6
12	e4 c5 Nf3 d6 d4 cxd4 Nxd4 a6 Nc3 e6
9	e4 c5 Nf3 d6 d4 cxd4 Nxd4 a6 c4 e6 Nc3 Nf6 Be2
11	e4 c5 Nf3 d6 d4 cxd4 Qxd4 Bd7
8	e4 c5 Nf3 d6 d4 cxd4 Qxd4 Nc6 Bb5 Bd7 Bxc6 Bxc6 Nc3 Nf6 Bg5 e6 O-O-O Be7 Qd3
8	e4 c5 Nf3 d6 d4 cxd4 Qxd4 Nc6 Bb5 Bd7 Bxc6 Bxc6 Nc3 Nf6 Bg5 e6 O-O-O Be7 Rhe1 O-O
8	e4 c5 Nf3 d6 d4 cxd4 Qxd4 Nc6 Bb5 Bd7 Bxc6 Bxc6 c4 Nf6 Nc3 g6 O-O
9	e4 c5 Nf3 d6 d4 cxd4 Qxd4 Nc6 Bb5 Bd7 Qd3 Nf6 c4 g6
8	e4 c5 Nf3 d6 d4 cxd4 Qxd4 Nc6 Bb5 Bd7 Qd3 g6 O-O Bg7 c4 Nf6 Nc3
13	e4 c5 Nf3 d6 d4 cxd4 Qxd4 Nc6 Bb5 Bd7 Qd3 g6 c4 Bg7
8	e4 c5 Nf3 d6 d4 cxd4 Qxd4 Nc6 Bb5 a6 Bxc6+ bxc6 O-O
14	e4 c5 Nf3 d6 d4 cxd4 Qxd4 Nc6 Qe3 Nf6
8	e4 c5 Nf3 d6 d4 cxd4 Qxd4 Nc6 Qe3 g6 Be2 Bg7
11	e4 c5 Nf3 d6 d4 cxd4 Qxd4 Nf6 Bb5+ Bd7 c4 g6
8	e4 c5 Nf3 d6 d4 cxd4 Qxd4 Nf6 Be2 Nc6 Qe3 g6 O-O Bg7 h3 O-O Rd1
8	e4 c5 Nf3 d6 d4 cxd4 Qxd4 Nf6 Be2 g6
8	e4 c5 Nf3 d6 d4 cxd4 Qxd4 Nf6 Bg5 Nc6 Bb5
10	e4 c5 Nf3 d6 d4 cxd4 Qxd4 Nf6 Nc3 Nc6 Bb5 Bd7 Bxc6 Bxc6 Bg5 e6 O-O-O Be7
8	e4 c5 Nf3 d6 d4 cxd4 Qxd4 Nf6 Nc3 Nc6 Qe3
12	e4 c5 Nf3 d6 d4 cxd4 Qxd4 a6 Be2 Nc6 Qe3
9	e4 c5 Nf3 d6 d4 cxd4 Qxd4 a6 c4 Nc6 Qe3 g6
9	e4 c5 Nf3 d6 g3 Nc6 Bg2 g6 O-O Bg7 c3
9	e4 c5 Nf3 d6 g3 Nf6 d3 g6 Bg2 Bg7 O-O O-O Re1 Nc6 c3
9	e4 c5 Nf3 e6 Be2 Nc6 O-O Nf6 Nc3
9	e4 c5 Nf3 e6 Nc3 Nc6 Bb5 Nd4 O-O a6 Bd3
8	e4 c5 Nf3 e6 Nc3 Nc6 Bb5 Nge7 O-O
8	e4 c5 Nf3 e6 Nc3 Nc6 d4 cxd4 Nxd4 Nf6 Ndb5
8	e4 c5 Nf3 e6 Nc3 Nc6 d4 cxd4 Nxd4 Qc7 Be3 a6
11	e4 c5 Nf3 e6 Nc3 Nc6 d4 cxd4 Nxd4 a6
8	e4 c5 Nf3 e6 Nc3 Nc6 h3
11	e4 c5 Nf3 e6 Nc3 a6 d4 cxd4 Nxd4 Nc6
10	e4 c5 Nf3 e6 Nc3 a6 d4 cxd4 Nxd4 Qc7 Bd3 Nf6
9	e4 c5 Nf3 e6 Nc3 a6 d4 cxd4 Nxd4 b5 Bd3
9	e4 c5 Nf3 e6 Nc3 a6 g3 b5 Bg2 Bb7 d3
9	e4 c5 Nf3 e6 Nc3 d6 d4 cxd4
12	e4 c5 Nf3 e6 Qe2 Nc6 g3
20	e4 c5 Nf3 e6 b3 Nc6 Bb2
8	e4 c5 Nf3 e6 b3 a6 Bb2 Nc6 c4
8	e4 c5 Nf3 e6 b3 a6 Bb2 Nc6 g3
12	e4 c5 Nf3 e6 b3 a6 Bb2 d5 exd5 exd5
17	e4 c5 Nf3 e6 b3 b6 Bb2 Bb7 Nc3
11	e4 c5 Nf3 e6 b3 b6 d4 cxd4 Nxd4 Bb7
10	e4 c5 Nf3 e6 b3 d6 Bb2 Nf6
8	e4 c5 Nf3 e6 c3 Nf6 Bd3 Nc6 Bc2
9	e4 c5 Nf3 e6 c3 Nf6 Bd3 d5 e5 Nfd7 Bc2
8	e4 c5 Nf3 e6 c3 Nf6 e5 Nd5 Bc4 Nb6 Bb3
12	e4 c5 Nf3 e6 c3 Nf6 e5 Nd5 Bc4 d6 d4 cxd4 cxd4 Be7 O-O O-O
17	e4 c5 Nf3 e6 c3 Nf6 e5 Nd5 d4 cxd4 cxd4 b6
19	e4 c5 Nf3 e6 c3 Nf6 e5 Nd5 d4 cxd4 cxd4 d6 Bc4 Be7 O-O O-O Qe2
10	e4 c5 Nf3 e6 c3 Nf6 e5 Nd5 d4 cxd4 cxd4 d6 Bc4 Nc6 O-O Be7
15	e4 c5 Nf3 e6 c3 d5 e5 Nc6 d4 Bd7 Be2
9	e4 c5 Nf3 e6 c3 d5 e5 d4 Bd3 Bd7
11	e4 c5 Nf3 e6 c3 d5 e5 d4 d3
12	e4 c5 Nf3 e6 c3 d5 e5 d4 g3
8	e4 c5 Nf3 e6 c3 d5 exd5 Qxd5 d4 Nf6 Bd3
8	e4 c5 Nf3 e6 c3 d5 exd5 Qxd5 d4 Nf6 Be2 Be7
8	e4 c5 Nf3 e6 c3 d5 exd5 Qxd5 d4 Nf6 Na3 Nc6 Be3 cxd4 Nb5 Qd7 Nbxd4
8	e4 c5 Nf3 e6 c3 d5 exd5 Qxd5 d4 Nf6 Na3 Nc6 Be3 cxd4 Nb5 Qd8 Nbxd4
9	e4 c5 Nf3 e6 c3 d5 exd5 Qxd5 d4 Nf6 Na3 Qd8
9	e4 c5 Nf3 e6 c3 d5 exd5 Qxd5 d4 Nf6 Na3 a6 Nc4 Nbd7 Be2
8	e4 c5 Nf3 e6 c3 d5 exd5 exd5 d4 Nc6 Bb5 Bd6 O-O Ne7 dxc5 Bxc5 Nbd2 O-O Nb3
8	e4 c5 Nf3 e6 c3 d5 exd5 exd5 d4 Nc6 Bb5 Bd6 dxc5 Bxc5 O-O Ne7 Nbd2
9	e4 c5 Nf3 e6 c3 d5 exd5 exd5 d4 Nf6 Bb5+ Bd7
9	e4 c5 Nf3 e6 c4 Nc6 Nc3 Nf6 Be2 d5
11	e4 c5 Nf3 e6 c4 Nc6 d4 cxd4 Nxd4 Nf6 Nc3
15	e4 c5 Nf3 e6 d3 Nc6 g3 Nf6 Bg2
8	e4 c5 Nf3 e6 d3 Nc6 g3 Nge7 Bg2 g6 O-O Bg7
10	e4 c5 Nf3 e6 d3 Nc6 g3 d5 Nbd2 Nf6 Bg2 Be7 O-O
14	e4 c5 Nf3 e6 d3 Nc6 g3 d5 Qe2
9	e4 c5 Nf3 e6 d3 Nc6 g3 g6 Bg2 Bg7 O-O Nge7
8	e4 c5 Nf3 e6 d3 Nc6 g3 g6 Bg5
10	e4 c5 Nf3 e6 d3 d5 Nbd2
9	e4 c5 Nf3 e6 d3 d5 Qe2
9	e4 c5 Nf3 e6 d4 cxd4 Bg5
10	e4 c5 Nf3 e6 d4 cxd4 Nxd4 Nc6 Bf4 d6
9	e4 c5 Nf3 e6 d4 cxd4 Nxd4 Nc6 Nb5 d6 Bf4 e5 Be3 Nf6 Bg5
8	e4 c5 Nf3 e6 d4 cxd4 Nxd4 Nc6 Nb5 d6 Bf4 e5 Be3 a6 N5c3 Nf6
9	e4 c5 Nf3 e6 d4 cxd4 Nxd4 Nc6 Nb5 d6 c4 Nf6 N1c3 a6 Na3 Be7 Be2 O-O O-O b6 Be3 Bb7 Qb3 Nd7 Rfd1
10	e4 c5 Nf3 e6 d4 cxd4 Nxd4 Nc6 Nc3 Nf6 Ndb5 d6 Bf4 e5 Bg5 a6 Na3 b5 Nd5 Be7 Bxf6 Bxf6
8	e4 c5 Nf3 e6 d4 cxd4 Nxd4 Nc6 Nc3 Nf6 Nxc6 bxc6 e5 Nd5 Ne4 Qc7 f4 Qb6 c4
10	e4 c5 Nf3 e6 d4 cxd4 Nxd4 Nc6 Nc3 Nf6 a3
8	e4 c5 Nf3 e6 d4 cxd4 Nxd4 Nc6 Nc3 Qc7 Be2 Nf6 Be3 a6 O-O
12	e4 c5 Nf3 e6 d4 cxd4 Nxd4 Nc6 Nc3 Qc7 Be2 Nf6 Ndb5 Qb8 f4
9	e4 c5 Nf3 e6 d4 cxd4 Nxd4 Nc6 Nc3 Qc7 Be2 Nf6 O-O Be7 Be3 O-O f4 d6 Kh1 Nxd4 Qxd4 b6
8	e4 c5 Nf3 e6 d4 cxd4 Nxd4 Nc6 Nc3 Qc7 Be2 Nf6 O-O a6 Be3
9	e4 c5 Nf3 e6 d4 cxd4 Nxd4 Nc6 Nc3 Qc7 Be2 a6 O-O Nf6 Be3 Bb4 Na4 Be7 Nxc6 bxc6 Nb6 Rb8 Nxc8 Qxc8 Bd4 c5 Be5 Rb6 Qd3 d6 Bc3 O-O
9	e4 c5 Nf3 e6 d4 cxd4 Nxd4 Nc6 Nc3 Qc7 Be2 a6 O-O Nf6 Be3 Be7 f4 d6 Kh1 O-O Qe1 Nxd4 Bxd4 b5
10	e4 c5 Nf3 e6 d4 cxd4 Nxd4 Nc6 Nc3 Qc7 Be2 a6 O-O Nf6 Be3 Be7 f4 d6 Qe1 O-O Qg3 Nxd4 Bxd4 b5 a3 Bb7
9	e4 c5 Nf3 e6 d4 cxd4 Nxd4 Nc6 Nc3 Qc7 Be2 a6 O-O Nf6 Kh1 Be7 f4 d6
8	e4 c5 Nf3 e6 d4 cxd4 Nxd4 Nc6 Nc3 Qc7 Be2 a6 O-O Nf6 Kh1 Nxd4 Qxd4 Bc5 Qd3 b5 f4 Bb7 Bf3
9	e4 c5 Nf3 e6 d4 cxd4 Nxd4 Nc6 Nc3 Qc7 Be3 Nf6 Ndb5 Qb8 f4
9	e4 c5 Nf3 e6 d4 cxd4 Nxd4 Nc6 Nc3 Qc7 Be3 Nf6 Qd2
10	e4 c5 Nf3 e6 d4 cxd4 Nxd4 Nc6 Nc3 Qc7 Be3 Nf6 f4 Bb4 Nb5 Qa5 e5 Nd5 Bd2 Nxc3
20	e4 c5 Nf3 e6 d4 cxd4 Nxd4 Nc6 Nc3 Qc7 Be3 a6 Bd3 Nf6 O-O
11	e4 c5 Nf3 e6 d4 cxd4 Nxd4 Nc6 Nc3 Qc7 Be3 a6 Bd3 b5
12	e4 c5 Nf3 e6 d4 cxd4 Nxd4 Nc6 Nc3 Qc7 Be3 a6 Be2 Nf6 O-O Be7 f4 d6
10	e4 c5 Nf3 e6 d4 cxd4 Nxd4 Nc6 Nc3 Qc7 Be3 a6 Qd2 Nf6 O-O-O Bb4 f3 Ne5 Nb3 b5 Kb1
11	e4 c5 Nf3 e6 d4 cxd4 Nxd4 Nc6 Nc3 Qc7 Be3 a6 Qd2 Nf6 O-O-O Bb4 f3 Ne5 Nb3 b5 Qe1
14	e4 c5 Nf3 e6 d4 cxd4 Nxd4 Nc6 Nc3 Qc7 Be3 a6 Qd2 Nf6 O-O-O Bb4 f3 Ne7 Nde2 b5
12	e4 c5 Nf3 e6 d4 cxd4 Nxd4 Nc6 Nc3 Qc7 Be3 a6 Qd2 Nf6 O-O-O Bb4 f3 O-O
10	e4 c5 Nf3 e6 d4 cxd4 Nxd4 Nc6 Nc3 Qc7 Be3 a6 Qd2 Nf6 O-O-O Be7 f3 O-O g4 b5 g5 Nh5
17	e4 c5 Nf3 e6 d4 cxd4 Nxd4 Nc6 Nc3 Qc7 Be3 a6 Qd2 Nf6 O-O-O Be7 f3 b5 g4 Nxd4 Bxd4 Bb7
9	e4 c5 Nf3 e6 d4 cxd4 Nxd4 Nc6 Nc3 Qc7 Be3 a6 Qd2 Nf6 O-O-O Be7 f3 h5
11	e4 c5 Nf3 e6 d4 cxd4 Nxd4 Nc6 Nc3 Qc7 Be3 a6 Qd2 Nf6 O-O-O Be7 f4 b5 e5 b4
10	e4 c5 Nf3 e6 d4 cxd4 Nxd4 Nc6 Nc3 Qc7 Be3 a6 Qd2 Nf6 f4 Bb4 Bd3
12	e4 c5 Nf3 e6 d4 cxd4 Nxd4 Nc6 Nc3 Qc7 Be3 a6 Qf3 Bd6 O-O-O Be5
13	e4 c5 Nf3 e6 d4 cxd4 Nxd4 Nc6 Nc3 Qc7 Be3 a6 Qf3 Ne5 Qg3 h5
9	e4 c5 Nf3 e6 d4 cxd4 Nxd4 Nc6 Nc3 Qc7 Be3 a6 Qf3 Nf6 O-O-O Ne5 Qg3 b5 f4 Neg4 Bg1
10	e4 c5 Nf3 e6 d4 cxd4 Nxd4 Nc6 Nc3 Qc7 Be3 a6 Qf3 b5
9	e4 c5 Nf3 e6 d4 cxd4 Nxd4 Nc6 Nc3 Qc7 Be3 a6 a3 Nf6 f4
10	e4 c5 Nf3 e6 d4 cxd4 Nxd4 Nc6 Nc3 Qc7 Be3 a6 a3 b5 Nxc6 Qxc6
8	e4 c5 Nf3 e6 d4 cxd4 Nxd4 Nc6 Nc3 Qc7 Be3 a6 g4 b5 Nxc6 Qxc6 Qd2 b4 Ne2 Qxe4 Rg1
10	e4 c5 Nf3 e6 d4 cxd4 Nxd4 Nc6 Nc3 Qc7 Qd3 Nf6
9	e4 c5 Nf3 e6 d4 cxd4 Nxd4 Nc6 Nc3 Qc7 a3 a6 Be3
10	e4 c5 Nf3 e6 d4 cxd4 Nxd4 Nc6 Nc3 Qc7 f4 Nxd4 Qxd4
8	e4 c5 Nf3 e6 d4 cxd4 Nxd4 Nc6 Nc3 Qc7 f4 a6 Be3
10	e4 c5 Nf3 e6 d4 cxd4 Nxd4 Nc6 Nc3 Qc7 f4 a6 Nxc6 Qxc6 Bd3 b5 Qe2 Bb7 Bd2
8	e4 c5 Nf3 e6 d4 cxd4 Nxd4 Nc6 Nc3 Qc7 g3 a6 Bg2 Nf6 O-O Bc5
9	e4 c5 Nf3 e6 d4 cxd4 Nxd4 Nc6 Nc3 Qc7 g3 a6 Bg2 Nf6 O-O Be7 Re1
15	e4 c5 Nf3 e6 d4 cxd4 Nxd4 Nc6 Nc3 Qc7 g3 a6 Bg2 Nf6 O-O Nxd4 Qxd4 Bc5 Bf4 d6 Qd2 h6 Rad1 e5 Be3
9	e4 c5 Nf3 e6 d4 cxd4 Nxd4 Nc6 Nc3 Qc7 g3 a6 Bg2 Nf6 O-O d6 Re1
14	e4 c5 Nf3 e6 d4 cxd4 Nxd4 Nc6 Nc3 Qc7 g3 a6 Bg2 Nf6 O-O h5
8	e4 c5 Nf3 e6 d4 cxd4 Nxd4 Nc6 Nc3 Qc7 g3 a6 Bg2 d6 O-O Bd7 Re1
8	e4 c5 Nf3 e6 d4 cxd4 Nxd4 Nc6 Nc3 Qc7 g4 a6
9	e4 c5 Nf3 e6 d4 cxd4 Nxd4 Nc6 Nc3 a6 Be2 Qc7 O-O Nf6 Be3 Be7 f4 d6 a4 O-O Kh1 Re8
11	e4 c5 Nf3 e6 d4 cxd4 Nxd4 Nc6 Nc3 a6 Be2 d6 Be3 Nf6 f4
11	e4 c5 Nf3 e6 d4 cxd4 Nxd4 Nc6 Nc3 a6 Be2 d6 O-O Nf6 Be3 Be7 f4 O-O
14	e4 c5 Nf3 e6 d4 cxd4 Nxd4 Nc6 Nc3 a6 Be3 Nf6 Bd3
9	e4 c5 Nf3 e6 d4 cxd4 Nxd4 Nc6 Nc3 a6 Be3 Nf6 Qd2 Bb4 f3 d5 a3
12	e4 c5 Nf3 e6 d4 cxd4 Nxd4 Nc6 Nc3 a6 Be3 Nf6 Qf3
9	e4 c5 Nf3 e6 d4 cxd4 Nxd4 Nc6 Nc3 a6 Be3 Nf6 a3
8	e4 c5 Nf3 e6 d4 cxd4 Nxd4 Nc6 Nc3 a6 Be3 Nf6 f4 Bb4 Bd3 e5 fxe5 Nxe5 O-O d6
11	e4 c5 Nf3 e6 d4 cxd4 Nxd4 Nc6 Nc3 a6 Bf4 d6 Nxc6 bxc6 Qd2
10	e4 c5 Nf3 e6 d4 cxd4 Nxd4 Nc6 Nc3 a6 Nxc6 bxc6 Bd3 Qc7 O-O Nf6
11	e4 c5 Nf3 e6 d4 cxd4 Nxd4 Nc6 Nc3 a6 Nxc6 bxc6 Bd3 d5 O-O Nf6 Qe2 Be7 b3 O-O Bb2
10	e4 c5 Nf3 e6 d4 cxd4 Nxd4 Nc6 Nc3 a6 Nxc6 bxc6 Bd3 d5 O-O Nf6 Qf3 Be7 Qg3
8	e4 c5 Nf3 e6 d4 cxd4 Nxd4 Nc6 Nc3 a6 Nxc6 bxc6 Bd3 d5 O-O Nf6 Qf3 Be7 e5 Nd7 Qg3
10	e4 c5 Nf3 e6 d4 cxd4 Nxd4 Nc6 Nc3 a6 Nxc6 bxc6 Bd3 d5 O-O Nf6 Re1 Be7 e5 Nd7 Qg4 Kf8
8	e4 c5 Nf3 e6 d4 cxd4 Nxd4 Nc6 Nc3 a6 Nxc6 bxc6 Bd3 d5 O-O Nf6 Re1 Be7 e5 Nd7 Qg4 g6 Na4
8	e4 c5 Nf3 e6 d4 cxd4 Nxd4 Nc6 Nc3 a6 Nxc6 bxc6 Bd3 d5 O-O Qc7 Re1 Bb7
9	e4 c5 Nf3 e6 d4 cxd4 Nxd4 Nc6 Nc3 a6 Nxc6 bxc6 Qd3 d5 Qg3
10	e4 c5 Nf3 e6 d4 cxd4 Nxd4 Nc6 Nc3 a6 Nxc6 bxc6 e5 Qc7 Bf4
18	e4 c5 Nf3 e6 d4 cxd4 Nxd4 Nc6 Nc3 a6 g3 d6 Bg2 Bd7 O-O Nf6
8	e4 c5 Nf3 e6 d4 cxd4 Nxd4 Nc6 Nc3 d6 Be2 Nf6 O-O Be7 Be3 O-O
8	e4 c5 Nf3 e6 d4 cxd4 Nxd4 Nc6 Nc3 d6 Be3 Nf6 Qd2 Be7 f3 O-O O-O-O
8	e4 c5 Nf3 e6 d4 cxd4 Nxd4 Nc6 Nc3 d6 Be3 Nf6 f3 Be7 Qd2 O-O
13	e4 c5 Nf3 e6 d4 cxd4 Nxd4 Nc6 Nc3 d6 Be3 Nf6 f4
8	e4 c5 Nf3 e6 d4 cxd4 Nxd4 Nc6 Nc3 d6 g3
10	e4 c5 Nf3 e6 d4 cxd4 Nxd4 Nc6 Nc3 d6 g4 a6 Be3 Nge7
9	e4 c5 Nf3 e6 d4 cxd4 Nxd4 Nf6 Bd3 Nc6 Nxc6 bxc6
10	e4 c5 Nf3 e6 d4 cxd4 Nxd4 Nf6 Bd3 Nc6 Nxc6 dxc6
8	e4 c5 Nf3 e6 d4 cxd4 Nxd4 Nf6 Nc3 Bb4 e5 Nd5 Bd2 Bxc3 bxc3 O-O
10	e4 c5 Nf3 e6 d4 cxd4 Nxd4 Nf6 Nc3 Nc6 Be2 Bb4 O-O
8	e4 c5 Nf3 e6 d4 cxd4 Nxd4 Nf6 Nc3 Nc6 Ndb5 Bb4 a3 Bxc3+ Nxc3 d5 Bd3 dxe4 Nxe4 Nxe4 Bxe4 Qxd1+ Kxd1 Bd7
8	e4 c5 Nf3 e6 d4 cxd4 Nxd4 Nf6 Nc3 Nc6 Ndb5 Bb4 a3 Bxc3+ Nxc3 d5 exd5 exd5 Bd3 O-O O-O Bg4
10	e4 c5 Nf3 e6 d4 cxd4 Nxd4 Nf6 Nc3 Nc6 Ndb5 Bb4 a3 Bxc3+ Nxc3 d5 exd5 exd5 Bd3 O-O O-O d4 Ne2
12	e4 c5 Nf3 e6 d4 cxd4 Nxd4 Nf6 Nc3 Nc6 Ndb5 Bc5
13	e4 c5 Nf3 e6 d4 cxd4 Nxd4 Nf6 Nc3 Nc6 Ndb5 d6 Bf4 e5 Bg5 a6 Na3 b5 Bxf6 gxf6 Nd5 Bg7
8	e4 c5 Nf3 e6 d4 cxd4 Nxd4 Nf6 Nc3 Nc6 Ndb5 d6 Bf4 e5 Bg5 a6 Na3 b5 Bxf6 gxf6 Nd5 f5 Bd3 Be6
9	e4 c5 Nf3 e6 d4 cxd4 Nxd4 Nf6 Nc3 Nc6 Ndb5 d6 Bf4 e5 Bg5 a6 Na3 b5 Nd5 Be7 Bxf6 Bxf6 c3 O-O Nc2
9	e4 c5 Nf3 e6 d4 cxd4 Nxd4 Nf6 Nc3 Nc6 Ndb5 d6 Bf4 e5 Bg5 a6 Na3 b5 Nd5 Be7 Bxf6 Bxf6 c3 Rb8 Nc2 Bg5
10	e4 c5 Nf3 e6 d4 cxd4 Nxd4 Nf6 Nc3 Nc6 Ndb5 d6 Bf4 e5 Bg5 a6 Na3 b5 Nd5 Be7 Bxf6 Bxf6 c4 b4 Nc2 O-O
8	e4 c5 Nf3 e6 d4 cxd4 Nxd4 Nf6 Nc3 Nc6 Nxc6 bxc6 e5 Nd5 Ne4 Bb7 Be2 c5 O-O Qc7 Nd6+ Bxd6 exd6 Qc6 f3 c4 Qd4 O-O Bxc4
8	e4 c5 Nf3 e6 d4 cxd4 Nxd4 Nf6 Nc3 Nc6 Nxc6 bxc6 e5 Nd5 Ne4 Bb7 c4 Nb4 c5
10	e4 c5 Nf3 e6 d4 cxd4 Nxd4 Nf6 Nc3 Nc6 Nxc6 bxc6 e5 Nd5 Ne4 Qc7 f4 Qb6 c4 Bb4+ Ke2 f5 Nf2 Ba6 Kf3 Ne7 Be3 Bc5 Bxc5 Qxc5 Qd6
12	e4 c5 Nf3 e6 d4 cxd4 Nxd4 Nf6 Nc3 Nc6 Nxc6 bxc6 e5 Nd5 Ne4 Qc7 f4 Qb6 c4 Bb4+ Ke2 f5 exf6 Nxf6 Be3 Qd8 Nd6+ Bxd6 Qxd6 Bb7
9	e4 c5 Nf3 e6 d4 cxd4 Nxd4 Nf6 Nc3 Nc6 Nxc6 bxc6 e5 Nd5 Ne4 Qc7 f4 Rb8
8	e4 c5 Nf3 e6 d4 cxd4 Nxd4 Nf6 Nc3 Nc6 Qd3
10	e4 c5 Nf3 e6 d4 cxd4 Nxd4 Nf6 Nc3 Nc6 a3 Be7 Nxc6 bxc6 e5 Nd5 Qg4
8	e4 c5 Nf3 e6 d4 cxd4 Nxd4 Nf6 Nc3 Nc6 a3 d6 Be3
9	e4 c5 Nf3 e6 d4 cxd4 Nxd4 Nf6 Nc3 Nc6 g3
10	e4 c5 Nf3 e6 d4 cxd4 Nxd4 Nf6 Nc3 d6 Be2 Be7 O-O O-O f4 Nc6
17	e4 c5 Nf3 e6 d4 cxd4 Nxd4 Nf6 Nc3 d6 Be3 Be7
9	e4 c5 Nf3 e6 d4 cxd4 Nxd4 Nf6 Nc3 d6 Be3 a6 f3
8	e4 c5 Nf3 e6 d4 cxd4 Nxd4 Nf6 Nc3 d6 f4
9	e4 c5 Nf3 e6 d4 cxd4 Nxd4 Nf6 Nc3 d6 g4 h6 Bg2
14	e4 c5 Nf3 e6 d4 cxd4 Nxd4 Nf6 Nc3 d6 g4 h6 h3
8	e4 c5 Nf3 e6 d4 cxd4 Nxd4 Nf6 Nc3 d6 g4 h6 h4 Nc6 Rg1 d5
9	e4 c5 Nf3 e6 d4 cxd4 Nxd4 Nf6 Nc3 d6 g4 h6 h4 Nc6 Rg1 h5 gxh5 Nxh5 Bg5 Nf6
14	e4 c5 Nf3 e6 d4 cxd4 Nxd4 Qb6
9	e4 c5 Nf3 e6 d4 cxd4 Nxd4 a6 Bd3 Bc5 Nb3 Ba7 Nc3
9	e4 c5 Nf3 e6 d4 cxd4 Nxd4 a6 Bd3 Bc5 Nb3 Ba7 O-O Nc6 Qg4
11	e4 c5 Nf3 e6 d4 cxd4 Nxd4 a6 Bd3 Bc5 Nb3 Ba7 O-O Ne7
8	e4 c5 Nf3 e6 d4 cxd4 Nxd4 a6 Bd3 Bc5 Nb3 Ba7 Qe2 Nc6 Be3 d6 O-O
10	e4 c5 Nf3 e6 d4 cxd4 Nxd4 a6 Bd3 Bc5 Nb3 Ba7 Qe2 Ne7 Be3 O-O
9	e4 c5 Nf3 e6 d4 cxd4 Nxd4 a6 Bd3 Bc5 Nb3 Ba7 Qe2 d6 Be3
8	e4 c5 Nf3 e6 d4 cxd4 Nxd4 a6 Bd3 Bc5 Nb3 Ba7 Qg4 Nf6 Qg3
11	e4 c5 Nf3 e6 d4 cxd4 Nxd4 a6 Bd3 Bc5 Nb3 Ba7 c4
12	e4 c5 Nf3 e6 d4 cxd4 Nxd4 a6 Bd3 Bc5 Nb3 Be7 Be3
9	e4 c5 Nf3 e6 d4 cxd4 Nxd4 a6 Bd3 Bc5 Nb3 Be7 O-O d6 Qg4 g6
9	e4 c5 Nf3 e6 d4 cxd4 Nxd4 a6 Bd3 Bc5 Nb3 Be7 Qg4 Bf6
8	e4 c5 Nf3 e6 d4 cxd4 Nxd4 a6 Bd3 Bc5 Nb3 Be7 Qg4 g6 Qe2 d6 Be3 Nd7
14	e4 c5 Nf3 e6 d4 cxd4 Nxd4 a6 Bd3 Bc5 Nb3 Be7 Qg4 g6 Qe2 d6 O-O Nd7 a4
12	e4 c5 Nf3 e6 d4 cxd4 Nxd4 a6 Bd3 Bc5 Nb3 Be7 Qg4 g6 Qe2 d6 a4
12	e4 c5 Nf3 e6 d4 cxd4 Nxd4 a6 Bd3 Ne7 O-O Nbc6
10	e4 c5 Nf3 e6 d4 cxd4 Nxd4 a6 Bd3 Nf6 O-O Qc7 Qe2 d6 c4 g6 Nc3 Bg7 Nf3 O-O
8	e4 c5 Nf3 e6 d4 cxd4 Nxd4 a6 Bd3 Nf6 O-O Qc7 Qe2 d6 c4 g6 Nc3 Bg7 Rd1 O-O Nf3 Nc6
11	e4 c5 Nf3 e6 d4 cxd4 Nxd4 a6 Bd3 Nf6 O-O d6 c4 Bd7 Nc3 Nc6 Nxc6 Bxc6
13	e4 c5 Nf3 e6 d4 cxd4 Nxd4 a6 Bd3 Qb6
8	e4 c5 Nf3 e6 d4 cxd4 Nxd4 a6 Bd3 Qc7 O-O Nf6 Qe2 d6
10	e4 c5 Nf3 e6 d4 cxd4 Nxd4 a6 Bd3 g6 O-O Bg7
14	e4 c5 Nf3 e6 d4 cxd4 Nxd4 a6 Be2 Nf6 Nc3 Qc7 O-O
9	e4 c5 Nf3 e6 d4 cxd4 Nxd4 a6 Be2 Nf6 Nc3 d6 O-O
9	e4 c5 Nf3 e6 d4 cxd4 Nxd4 a6 Nc3 Qc7 Bd3 Bc5 Nb3 Be7
9	e4 c5 Nf3 e6 d4 cxd4 Nxd4 a6 Nc3 Qc7 Bd3 Nc6 Nxc6
17	e4 c5 Nf3 e6 d4 cxd4 Nxd4 a6 Nc3 Qc7 Bd3 Nf6 O-O
9	e4 c5 Nf3 e6 d4 cxd4 Nxd4 a6 Nc3 Qc7 Bd3 Nf6 Qe2
11	e4 c5 Nf3 e6 d4 cxd4 Nxd4 a6 Nc3 Qc7 Bd3 Nf6 f4 d6
13	e4 c5 Nf3 e6 d4 cxd4 Nxd4 a6 Nc3 Qc7 Be2 Nf6 O-O
8	e4 c5 Nf3 e6 d4 cxd4 Nxd4 a6 Nc3 Qc7 Be2 b5 O-O Bb7
10	e4 c5 Nf3 e6 d4 cxd4 Nxd4 a6 Nc3 Qc7 g3
10	e4 c5 Nf3 e6 d4 cxd4 Nxd4 a6 Nc3 b5 Bd3 Bb7 O-O Nc6 Nxc6 Bxc6 Re1
9	e4 c5 Nf3 e6 d4 cxd4 Nxd4 a6 Nc3 b5 Bd3 Qb6 Nb3 Qc7
9	e4 c5 Nf3 e6 d4 cxd4 Nxd4 a6 Nc3 b5 Bd3 Qb6 Nf3 Nc6 O-O
10	e4 c5 Nf3 e6 d4 cxd4 Nxd4 a6 Nc3 b5 Bd3 Qb6 Nf3 Qc7 O-O Bb7 Re1 Be7
8	e4 c5 Nf3 e6 d4 cxd4 Nxd4 a6 Nc3 b5 Bd3 d6 O-O Nf6
9	e4 c5 Nf3 e6 d4 cxd4 Nxd4 a6 Nc3 d6 Be3
11	e4 c5 Nf3 e6 d4 cxd4 Nxd4 a6 a3
8	e4 c5 Nf3 e6 d4 cxd4 Nxd4 a6 c4 Nf6 Nc3 Bb4 Bd3
9	e4 c5 Nf3 e6 d4 cxd4 Nxd4 a6 c4 Nf6 Nc3 Bb4 Qd3 O-O
10	e4 c5 Nf3 e6 d4 cxd4 Nxd4 a6 c4 Nf6 Nc3 Bb4 Qd3 d5 exd5 exd5 Be2 O-O O-O Nc6 Nxc6 bxc6
9	e4 c5 Nf3 e6 d4 cxd4 Nxd4 a6 c4 Nf6 Nc3 Bb4 Qd3 d6 Nc2
8	e4 c5 Nf3 e6 d4 cxd4 Nxd4 a6 c4 Nf6 Nc3 Qc7 Be2 Bb4 Qd3
11	e4 c5 Nf3 e6 d4 cxd4 Nxd4 a6 c4 Nf6 Nc3 Qc7 Be2 b6
11	e4 c5 Nf3 e6 d4 cxd4 Nxd4 a6 c4 Nf6 Nc3 Qc7 a3 b6 Be3 Bb7 f3 Nc6
8	e4 c5 Nf3 e6 d4 cxd4 Nxd4 a6 c4 Nf6 Nc3 Qc7 a3 b6 Be3 Bb7 f3 d6 Be2
8	e4 c5 Nf3 e6 d4 cxd4 Nxd4 a6 c4 Nf6 Nc3 d6
17	e4 c5 Nf3 e6 d4 cxd4 Nxd4 a6 g3
10	e4 c5 Nf3 e6 g3 Nc6 Bg2 Nf6 Nc3 d6
8	e4 c5 Nf3 e6 g3 Nc6 Bg2 Nf6 Qe2 Be7 O-O O-O
9	e4 c5 Nf3 e6 g3 Nc6 Bg2 Nf6 Qe2 d5 exd5 Nxd5 O-O Be7 Rd1
8	e4 c5 Nf3 e6 g3 Nc6 Bg2 Nf6 Qe2 d6 O-O Be7 c3 O-O d4
9	e4 c5 Nf3 e6 g3 Nc6 Bg2 Nf6 Qe2 e5 O-O Be7 c3 O-O
8	e4 c5 Nf3 e6 g3 Nc6 Bg2 Nf6 d3 Be7 O-O O-O
8	e4 c5 Nf3 e6 g3 Nc6 Bg2 Nf6 d3 d5 Nbd2 Be7 O-O O-O Re1
10	e4 c5 Nf3 e6 g3 Nc6 Bg2 Nf6 d3 d5 Qe2 Be7
8	e4 c5 Nf3 e6 g3 Nc6 Bg2 Nf6 d3 d6 O-O Be7 Re1
11	e4 c5 Nf3 e6 g3 Nc6 Bg2 d5 exd5 exd5
11	e4 c5 Nf3 e6 g3 b6 Bg2 Bb7
14	e4 c5 Nf3 e6 g3 d5 exd5 exd5 Bg2
10	e4 c5 Nf3 e6 g3 d5 exd5 exd5 d4 Nc6 Bg2 Bg4 O-O cxd4
12	e4 c5 Nf3 e6 g3 d5 exd5 exd5 d4 Nf6 Bg2 Be7 O-O O-O
13	e4 c5 Nf3 g6 Bc4 Bg7
10	e4 c5 Nf3 g6 c3 Bg7 d4 cxd4 cxd4 d5 e5
8	e4 c5 Nf3 g6 c3 Nf6 e5 Nd5 d4 cxd4
8	e4 c5 Nf3 g6 c3 d5 e5 Nc6 d4 cxd4 cxd4 Bg4
8	e4 c5 Nf3 g6 c3 d5 e5 a6
9	e4 c5 Nf3 g6 c3 d5 exd5 Qxd5 d4 Bg7 Na3
8	e4 c5 Nf3 g6 c4 Bg7 d4
9	e4 c5 Nf3 g6 c4 Nc6 d4 cxd4 Nxd4 Nf6 Nc3 Nxd4 Qxd4 d6
8	e4 c5 Nf3 g6 d4 Bg7
9	e4 c5 Nf3 g6 d4 cxd4 Nxd4 Bg7 Nc3 Nc6 Be3 Nf6
11	e4 c5 Nf3 g6 d4 cxd4 Nxd4 Bg7 c4 Nc6 Be3
9	e4 c5 Nf3 g6 d4 cxd4 Nxd4 Nc6 Nc3 Bg7 Be3 Nf6 Bc4 O-O Bb3 d6
8	e4 c5 Nf3 g6 d4 cxd4 Nxd4 Nc6 c4 Bg7
8	e4 c5 Nf3 g6 d4 cxd4 Nxd4 Nc6 c4 Nf6 Nc3 Nxd4 Qxd4 d6 Be2 Bg7
8	e4 c5 Nf3 g6 d4 cxd4 Nxd4 Nc6 c4 Nf6 Nc3 d6 Be2 Nxd4 Qxd4 Bg7
9	e4 c5 Nf3 g6 d4 cxd4 Nxd4 Nf6 Nc3 d6
9	e4 c5 Nf3 g6 d4 cxd4 Qxd4 Nf6 Nc3 Nc6 Qa4
12	e4 c5 a3
13	e4 c5 b3 Nc6 Bb2
8	e4 c5 b3 Nf6 e5 Nd5
9	e4 c5 b3 b6 Bb2 Bb7 Nc3
8	e4 c5 b3 d6 Bb2 Nf6
10	e4 c5 b3 g6 Bb2 Nf6
9	e4 c5 c3 Nf6 e5 Nd5 Bc4 Nb6 Bb3 Nc6
13	e4 c5 c3 Nf6 e5 Nd5 Bc4 Nb6 Bb3 c4 Bc2
8	e4 c5 c3 Nf6 e5 Nd5 Bc4 Nb6 Bb3 d5
8	e4 c5 c3 Nf6 e5 Nd5 Bc4 Nb6 Bb3 d6
8	e4 c5 c3 Nf6 e5 Nd5 Nf3 Nc6 Bc4 Nb6 Bb3 c4 Bc2 Qc7 Qe2 g5 h3 Bg7
11	e4 c5 c3 Nf6 e5 Nd5 Nf3 Nc6 Bc4 Nb6 Bb3 d5 exd6 Qxd6 Na3
8	e4 c5 c3 Nf6 e5 Nd5 Nf3 Nc6 Bc4 Nb6 Bb3 d5 exd6 Qxd6 O-O Be6 Bxe6 Qxe6 a4
8	e4 c5 c3 Nf6 e5 Nd5 Nf3 Nc6 Bc4 Nb6 Bb3 d5 exd6 c4 Bc2
10	e4 c5 c3 Nf6 e5 Nd5 Nf3 Nc6 Bc4 e6
8	e4 c5 c3 Nf6 e5 Nd5 Nf3 Nc6 d4 cxd4 cxd4 d6 Bc4 Nb6 Bb5 dxe5 Nxe5 Bd7 Nxd7 Qxd7 Nc3 e6 O-O
10	e4 c5 c3 Nf6 e5 Nd5 Nf3 d6 Bc4
8	e4 c5 c3 Nf6 e5 Nd5 Nf3 d6 d4 cxd4 cxd4 Nc6 Bc4 dxe5
9	e4 c5 c3 Nf6 e5 Nd5 Nf3 e6 Bc4 d6 d4 cxd4 cxd4
14	e4 c5 c3 Nf6 e5 Nd5 Nf3 e6 d4 cxd4 cxd4
8	e4 c5 c3 Nf6 e5 Nd5 d4 cxd4 Nf3 Nc6 cxd4 d6 Bc4 Nb6 Bb5 dxe5 Nxe5 Bd7 Nxd7 Qxd7 Nc3 e6 O-O Rd8
8	e4 c5 c3 Nf6 e5 Nd5 d4 cxd4 Nf3 d6 cxd4 Nc6 Bc4
8	e4 c5 c3 Nf6 e5 Nd5 d4 cxd4 Nf3 e6 cxd4
8	e4 c5 c3 Nf6 e5 Nd5 d4 cxd4 cxd4 d6
8	e4 c5 c3 Nf6 e5 Nd5 g3 d6 exd6 e6 Bg2 Bxd6 Nf3
9	e4 c5 c3 Qa5
8	e4 c5 c3 d5 exd5 Nf6 Bb5+ Nbd7
8	e4 c5 c3 d5 exd5 Nf6 Qa4+ Nbd7
9	e4 c5 c3 d5 exd5 Qxd5 Nf3 Nf6 d4
8	e4 c5 c3 d5 exd5 Qxd5 d4 Nc6 Nf3 Bf5 Be3
8	e4 c5 c3 d5 exd5 Qxd5 d4 Nf6 Be3
10	e4 c5 c3 d5 exd5 Qxd5 d4 Nf6 Nf3 Bg4 Be2 e6 h3 Bh5
8	e4 c5 c3 d5 exd5 Qxd5 d4 Nf6 Nf3 Nc6 Be3
14	e4 c5 c3 d5 exd5 Qxd5 d4 Nf6 Nf3 e6 Be2
9	e4 c5 c3 d5 exd5 Qxd5 d4 Nf6 Nf3 e6 Be3
8	e4 c5 c3 d5 exd5 Qxd5 d4 Nf6 Nf3 e6 Na3 Nc6 Be3
8	e4 c5 c3 d5 exd5 Qxd5 d4 Nf6 Nf3 e6 Na3 Qd8
9	e4 c5 c3 d5 exd5 Qxd5 d4 Nf6 Nf3 e6 Na3 a6 Nc4 Nbd7
11	e4 c5 c3 d5 exd5 Qxd5 d4 e6 Nf3 Nf6
8	e4 c5 c3 d5 exd5 Qxd5 d4 g6 Nf3 Bg7 Na3 cxd4
11	e4 c5 c3 d6 d4 Nf6 Bd3 g6
8	e4 c5 c3 e5 Nf3 Nc6
9	e4 c5 c3 e6 Nf3
10	e4 c5 c3 e6 d4 d5 exd5 exd5 Nf3 Nc6 Bb5 Bd6
8	e4 c5 c4 Nc6 Nc3 g6 g3 Bg7 Bg2
11	e4 c5 d3 Nc6 f4
8	e4 c5 d3 Nc6 g3 g6 Bg2 Bg7 f4 d6 Nf3
8	e4 c5 d4 cxd4 c3 Nf6 e5 Nd5
11	e4 c5 d4 cxd4 c3 dxc3 Nxc3 Nc6 Nf3
12	e4 c5 f4 d5
8	e4 c5 g3 d5
15	e4 c5 h3
8	e4 c6 Nc3 d5 Nf3 Bg4 d4 e6
9	e4 c6 Nc3 d5 Nf3 Bg4 h3 Bh5
11	e4 c6 Nc3 d5 Nf3 Bg4 h3 Bxf3 Qxf3 Nf6 d3 e6 Bd2
9	e4 c6 Nc3 d5 Nf3 Bg4 h3 Bxf3 Qxf3 e6 Be2 Nf6 O-O
15	e4 c6 Nc3 d5 Nf3 Bg4 h3 Bxf3 Qxf3 e6 d3 Nd7
8	e4 c6 Nc3 d5 Nf3 Bg4 h3 Bxf3 Qxf3 e6 d4 Nf6 Bd3 dxe4 Nxe4
10	e4 c6 Nc3 d5 Nf3 Bg4 h3 Bxf3 Qxf3 e6 d4 dxe4 Qxe4 Nf6 Qd3
8	e4 c6 Nc3 d5 Nf3 Bg4 h3 Bxf3 Qxf3 e6 g3 Nf6
8	e4 c6 Nc3 d5 Nf3 Nf6 e5 Ne4 Ne2 Qb6 d4 e6 Ng3 c5
8	e4 c6 Nc3 d5 Nf3 dxe4 Nxe4 Nf6 Ng3 h5
14	e4 c6 Nc3 d5 Nf3 dxe4 Nxe4 Nf6 Nxf6+ exf6
11	e4 c6 Nc3 d5 Nf3 dxe4 Nxe4 Nf6 Qe2 Nxe4 Qxe4 Nd7
12	e4 c6 Nc3 d5 Nf3 dxe4 Nxe4 Nf6 Qe2 Nxe4 Qxe4 Qa5
8	e4 c6 Nc3 d5 Nf3 dxe4 Nxe4 Nf6 Qe2 Nxe4 Qxe4 Qd5
12	e4 c6 Nc3 d5 Qf3
8	e4 c6 Nc3 d5 d3
9	e4 c6 Nc3 d5 d4 dxe4 Nxe4 Bf5 Ng3 Bg6 h4 h6 Nf3
8	e4 c6 Ne2 d5 e5 c5 d4 Nc6 c3
8	e4 c6 Nf3 d5 Nc3 Bg4 d4
8	e4 c6 Nf3 d5 Nc3 Bg4 h3 Bxf3 Qxf3 Nf6 Be2 e6 O-O
9	e4 c6 Nf3 d5 Nc3 Bg4 h3 Bxf3 Qxf3 Nf6 d3
9	e4 c6 Nf3 d5 Nc3 Bg4 h3 Bxf3 Qxf3 e6 Be2 Bc5 O-O Ne7
13	e4 c6 Nf3 d5 Nc3 Bg4 h3 Bxf3 Qxf3 e6 Be2 Nf6 O-O
9	e4 c6 Nf3 d5 Nc3 Bg4 h3 Bxf3 Qxf3 e6 d3
8	e4 c6 Nf3 d5 Nc3 Bg4 h3 Bxf3 Qxf3 e6 d4 dxe4 Qxe4 Nf6 Qd3
8	e4 c6 Nf3 d5 Nc3 Bg4 h3 Bxf3 Qxf3 e6 d4 dxe4 Qxe4 Nf6 Qh4 Nbd7
9	e4 c6 Nf3 d5 Nc3 Bg4 h3 Bxf3 Qxf3 e6 g3 Nf6 Bg2
15	e4 c6 Nf3 d5 Nc3 Nf6 e5 Ne4
8	e4 c6 Nf3 d5 Nc3 dxe4 Nxe4 Nf6 Nxf6+ exf6 Bc4 Bd6 Qe2+
9	e4 c6 Nf3 d5 Nc3 dxe4 Nxe4 Nf6 Qe2 Bf5 Nxf6+ gxf6 d3
8	e4 c6 Nf3 d5 Nc3 dxe4 Nxe4 Nf6 Qe2 Nxe4 Qxe4 Nd7 Bc4 Nf6 Ne5 e6 Qe2 b5
9	e4 c6 Nf3 d5 Nc3 dxe4 Nxe4 Nf6 Qe2 Nxe4 Qxe4 Qa5 Bc4 Bf5
9	e4 c6 Nf3 d5 Nc3 dxe4 Nxe4 Nf6 Qe2 Nxe4 Qxe4 Qd5
8	e4 c6 Nf3 d5 d3 Bg4 h3 Bh5 Qe2 e6
10	e4 c6 Nf3 d5 d3 Bg4 h3 Bxf3 Qxf3 e6
12	e4 c6 Nf3 d5 d3 Qc7 Nc3 dxe4 dxe4 e5 Bc4
10	e4 c6 Nf3 d5 d3 Qc7 exd5 cxd5 c4 Nf6 Nc3 e6 a3
9	e4 c6 Nf3 d5 d3 dxe4 dxe4 Qxd1+ Kxd1 Bg4
8	e4 c6 Nf3 d5 d3 dxe4 dxe4 Qxd1+ Kxd1 Nd7 Nfd2
9	e4 c6 Nf3 d5 d3 dxe4 dxe4 Qxd1+ Kxd1 Nf6 Nbd2 g6 Ne5
8	e4 c6 Nf3 d5 d3 dxe4 dxe4 Qxd1+ Kxd1 Nf6 Nfd2 g5 a4
10	e4 c6 Nf3 d5 d3 e6
8	e4 c6 Nf3 d5 d3 g6 Nbd2 Bg7 g3 e5 Bg2 Ne7 O-O O-O
10	e4 c6 Nf3 d5 d3 g6 e5 Bg7 d4 f6 exf6
8	e4 c6 Nf3 d5 d3 g6 e5 c5
8	e4 c6 Nf3 d5 e5 Bg4 Be2 e6
9	e4 c6 Nf3 d5 exd5 cxd5 Ne5 Nf6 d4
8	e4 c6 Nf3 d5 exd5 cxd5 d4 Nf6
11	e4 c6 c4 d5 cxd5 cxd5 exd5 Nf6 Qa4+ Nbd7 Nc3 g6 Bc4 Bg7 d3 O-O Nf3 a6 Qa3
11	e4 c6 c4 d5 exd5 cxd5 cxd5 Nf6 Nc3 Nxd5 Nf3 Nc6
12	e4 c6 c4 d5 exd5 cxd5 cxd5 Nf6 Nc3 Nxd5 Nf3 e6
9	e4 c6 c4 d5 exd5 cxd5 d4 Nf6 Nc3 e6 Nf3
8	e4 c6 c4 e5 Nf3
11	e4 c6 d3 d5 Nd2 Qc7
8	e4 c6 d3 d5 Nd2 e5 Ngf3 Bd6 Qe2
13	e4 c6 d3 d5 Nd2 e5 Ngf3 Bd6 d4 exd4 exd5
9	e4 c6 d3 d5 Nd2 e5 Ngf3 Bd6 g3 Nf6 Bg2 O-O O-O Re8 Re1
10	e4 c6 d3 d5 Nd2 e5 Ngf3 Bd6 g3 Nf6 Bg2 O-O O-O Re8 b3
8	e4 c6 d3 d5 Nd2 g6 Ngf3 Bg7 g3
10	e4 c6 d3 d5 Nf3
8	e4 c6 d3 e5
10	e4 c6 d4 d5 Nc3 dxe4 Nxe4 Bf5 Nc5
10	e4 c6 d4 d5 Nc3 dxe4 Nxe4 Bf5 Ng3 Bg6 N1e2 e6 Nf4
9	e4 c6 d4 d5 Nc3 dxe4 Nxe4 Bf5 Ng3 Bg6 Nf3 Nd7 Bd3 e6 O-O
10	e4 c6 d4 d5 Nc3 dxe4 Nxe4 Bf5 Ng3 Bg6 Nf3 Nd7 h4 h6 h5 Bh7 Bd3 Bxd3 Qxd3 e6
13	e4 c6 d4 d5 Nc3 dxe4 Nxe4 Bf5 Ng3 Bg6 Nh3 Nf6 Nf4
10	e4 c6 d4 d5 Nc3 dxe4 Nxe4 Bf5 Ng3 Bg6 Nh3 e6 Nf4
8	e4 c6 d4 d5 Nc3 dxe4 Nxe4 Bf5 Ng3 Bg6 h4 h6 Nf3 Nd7 Bd3
8	e4 c6 d4 d5 Nc3 dxe4 Nxe4 Bf5 Ng3 Bg6 h4 h6 Nf3 Nd7 h5 Bh7 Bd3 Bxd3 Qxd3 Ngf6 Bf4 e6 O-O-O Be7 Kb1
13	e4 c6 d4 d5 Nc3 dxe4 Nxe4 Bf5 Ng3 Bg6 h4 h6 Nf3 Nd7 h5 Bh7 Bd3 Bxd3 Qxd3 e6 Bd2 Ngf6 O-O-O Be7 Kb1 O-O Ne4 Nxe4 Qxe4 Nf6 Qe2 Qd5
8	e4 c6 d4 d5 Nc3 dxe4 Nxe4 Bf5 Ng3 Bg6 h4 h6 Nf3 Nd7 h5 Bh7 Bd3 Bxd3 Qxd3 e6 Bd2 Ngf6 O-O-O Be7 Kb1 O-O Ne4 c5
11	e4 c6 d4 d5 Nc3 dxe4 Nxe4 Bf5 Ng3 Bg6 h4 h6 Nf3 Nd7 h5 Bh7 Bd3 Bxd3 Qxd3 e6 Bd2 Ngf6 O-O-O Be7 Ne4 Nxe4 Qxe4 Nf6 Qd3
8	e4 c6 d4 d5 Nc3 dxe4 Nxe4 Bf5 Ng3 Bg6 h4 h6 Nf3 Nd7 h5 Bh7 Bd3 Bxd3 Qxd3 e6 Bd2 Ngf6 O-O-O Be7 Ne4 Nxe4 Qxe4 Nf6 Qe2 Qd5 c4 Qe4 Qxe4 Nxe4 Be3 f5
13	e4 c6 d4 d5 Nc3 dxe4 Nxe4 Bf5 Ng3 Bg6 h4 h6 Nf3 Nd7 h5 Bh7 Bd3 Bxd3 Qxd3 e6 Bd2 Ngf6 O-O-O Be7 Qe2
9	e4 c6 d4 d5 Nc3 dxe4 Nxe4 Bf5 Ng3 Bg6 h4 h6 Nf3 Nd7 h5 Bh7 Bd3 Bxd3 Qxd3 e6 Bd2 Ngf6 O-O-O Qc7
12	e4 c6 d4 d5 Nc3 dxe4 Nxe4 Bf5 Ng3 Bg6 h4 h6 Nf3 Nd7 h5 Bh7 Bd3 Bxd3 Qxd3 e6 Bf4 Ngf6 O-O-O Be7 Kb1 O-O
11	e4 c6 d4 d5 Nc3 dxe4 Nxe4 Bf5 Ng3 Bg6 h4 h6 Nf3 Nd7 h5 Bh7 Bd3 Bxd3 Qxd3 e6 Bf4 Qa5+ Bd2 Bb4 c3 Be7 c4 Qc7 O-O-O Ngf6 Rhe1
9	e4 c6 d4 d5 Nc3 dxe4 Nxe4 Bf5 Ng3 Bg6 h4 h6 Nf3 Nd7 h5 Bh7 Bd3 Bxd3 Qxd3 e6 Bf4 Qa5+ Bd2 Qc7 O-O-O Ngf6 Ne4
8	e4 c6 d4 d5 Nc3 dxe4 Nxe4 Bf5 Ng3 Bg6 h4 h6 Nf3 Nf6 Ne5 Bh7 Bd3 Bxd3 Qxd3
10	e4 c6 d4 d5 Nc3 dxe4 Nxe4 Bf5 Ng3 Bg6 h4 h6 Nf3 e6 Ne5 Bh7 Bd3 Bxd3 Qxd3 Nd7 Bf4
8	e4 c6 d4 d5 Nc3 dxe4 Nxe4 Bf5 Ng3 Bg6 h4 h6 Nf3 e6 Ne5 Bh7 Bd3 Bxd3 Qxd3 Nd7 f4 Bb4+
9	e4 c6 d4 d5 Nc3 dxe4 Nxe4 Bf5 Ng3 Bg6 h4 h6 Nf3 e6 h5 Bh7 Bd3 Bxd3 Qxd3 Nf6
10	e4 c6 d4 d5 Nc3 dxe4 Nxe4 Bf5 Ng3 Bg6 h4 h6 Nh3
14	e4 c6 d4 d5 Nc3 dxe4 Nxe4 Nd7 Bc4 Ngf6 Ng5 e6 Qe2 Nb6 Bb3 h6 N5f3 a5
8	e4 c6 d4 d5 Nc3 dxe4 Nxe4 Nd7 Bc4 Ngf6 Ng5 e6 Qe2 Nb6 Bd3 h6 N5f3 c5 dxc5 Bxc5
8	e4 c6 d4 d5 Nc3 dxe4 Nxe4 Nd7 Nf3 Ngf6 Ng3
8	e4 c6 d4 d5 Nc3 dxe4 Nxe4 Nd7 Nf3 Ngf6 Nxf6+ Nxf6 c3 Bg4 h3 Bxf3 Qxf3 Qd5 Be2
8	e4 c6 d4 d5 Nc3 dxe4 Nxe4 Nd7 Nf3 Ngf6 Nxf6+ Nxf6 c3 Bg4 h3 Bxf3 Qxf3 e6
9	e4 c6 d4 d5 Nc3 dxe4 Nxe4 Nd7 Ng5 Ngf6 Bc4 e6 Qe2 Nb6
9	e4 c6 d4 d5 Nc3 dxe4 Nxe4 Nd7 Ng5 Ngf6 Bd3 e6 N1f3 Bd6 Qe2 h6 Ne4 Nxe4 Qxe4 Nf6 Qe2
8	e4 c6 d4 d5 Nc3 dxe4 Nxe4 Nd7 Ng5 Ngf6 Bd3 e6 N1f3 Bd6 Qe2 h6 Ne4 Nxe4 Qxe4 Qc7 O-O b6 Qg4 Kf8 b3 Bb7 Bb2 Nf6
15	e4 c6 d4 d5 Nc3 dxe4 Nxe4 Nd7 Ng5 Ngf6 Bd3 e6 N1f3 Bd6 Qe2 h6 Ne4 Nxe4 Qxe4 Qc7 Qg4 Kf8 O-O c5
12	e4 c6 d4 d5 Nc3 dxe4 Nxe4 Nf6 Nxf6+ exf6 Bc4 Bd6 Qe2+
8	e4 c6 d4 d5 Nc3 dxe4 Nxe4 Nf6 Nxf6+ exf6 Bd3
11	e4 c6 d4 d5 Nc3 dxe4 Nxe4 Nf6 Nxf6+ exf6 Be3 Bd6 Bd3
9	e4 c6 d4 d5 Nc3 dxe4 Nxe4 Nf6 Nxf6+ exf6 c3 Bd6 Bd3 O-O Ne2 Re8 O-O Nd7
8	e4 c6 d4 d5 Nc3 dxe4 Nxe4 Nf6 Nxf6+ exf6 c3 Bd6 Bd3 O-O Qc2 Re8+ Ne2 h5 Be3 Nd7
9	e4 c6 d4 d5 Nc3 dxe4 Nxe4 Nf6 Nxf6+ exf6 c3 Bd6 Bd3 O-O Qc2 Re8+ Ne2 h5 O-O h4
8	e4 c6 d4 d5 Nc3 dxe4 Nxe4 Nf6 Nxf6+ gxf6 c3
15	e4 c6 d4 d5 Nc3 g6
13	e4 c6 d4 d5 Nd2 dxe4 Nxe4 Bf5 Nc5
9	e4 c6 d4 d5 Nd2 dxe4 Nxe4 Bf5 Ng3 Bg6 Bc4 e6 N1e2 Nf6
11	e4 c6 d4 d5 Nd2 dxe4 Nxe4 Bf5 Ng3 Bg6 N1e2
8	e4 c6 d4 d5 Nd2 dxe4 Nxe4 Bf5 Ng3 Bg6 Nf3 Nd7 h4 h6
8	e4 c6 d4 d5 Nd2 dxe4 Nxe4 Bf5 Ng3 Bg6 Nh3 Nf6 Bc4 e6 Nf4 Bd6
8	e4 c6 d4 d5 Nd2 dxe4 Nxe4 Bf5 Ng3 Bg6 h4 h6 Nf3 Nd7 h5 Bh7 Bd3 Bxd3 Qxd3 Ngf6 Bf4
9	e4 c6 d4 d5 Nd2 dxe4 Nxe4 Bf5 Ng3 Bg6 h4 h6 Nf3 Nd7 h5 Bh7 Bd3 Bxd3 Qxd3 e6 Bd2 Ngf6 O-O-O Be7 Kb1
9	e4 c6 d4 d5 Nd2 dxe4 Nxe4 Bf5 Ng3 Bg6 h4 h6 Nf3 Nd7 h5 Bh7 Bd3 Bxd3 Qxd3 e6 Bd2 Ngf6 O-O-O Be7 Ne4 Nxe4 Qxe4 Nf6
8	e4 c6 d4 d5 Nd2 dxe4 Nxe4 Bf5 Ng3 Bg6 h4 h6 Nf3 Nd7 h5 Bh7 Bd3 Bxd3 Qxd3 e6 Bd2 Ngf6 O-O-O Be7 Qe2
9	e4 c6 d4 d5 Nd2 dxe4 Nxe4 Bf5 Ng3 Bg6 h4 h6 Nf3 Nd7 h5 Bh7 Bd3 Bxd3 Qxd3 e6 Bf4 Ngf6 O-O-O Be7
8	e4 c6 d4 d5 Nd2 dxe4 Nxe4 Bf5 Ng3 Bg6 h4 h6 Nf3 Nd7 h5 Bh7 Bd3 Bxd3 Qxd3 e6 Bf4 Qa5+ Bd2 Qc7 O-O-O Ngf6 Ne4 O-O-O g3
10	e4 c6 d4 d5 Nd2 dxe4 Nxe4 Bf5 Ng3 Bg6 h4 h6 Nf3 Nf6 Ne5 Bh7 Bd3
10	e4 c6 d4 d5 Nd2 dxe4 Nxe4 Bf5 Ng3 Bg6 h4 h6 Nf3 e6 Ne5 Bh7 Bd3 Bxd3 Qxd3 Nd7 f4
8	e4 c6 d4 d5 Nd2 dxe4 Nxe4 Nd7 Bc4 Ngf6 Ng5 e6 Qe2 Nb6 Bb3 h6 N5f3 c5
8	e4 c6 d4 d5 Nd2 dxe4 Nxe4 Nd7 Bc4 Ngf6 Ng5 e6 Qe2 Nb6 Bd3 h6 N5f3 c5 dxc5 Bxc5
10	e4 c6 d4 d5 Nd2 dxe4 Nxe4 Nd7 Nf3 Ngf6 Ng3 e6 Bd3 c5 O-O
8	e4 c6 d4 d5 Nd2 dxe4 Nxe4 Nd7 Nf3 Ngf6 Nxf6+ Nxf6 Ne5
9	e4 c6 d4 d5 Nd2 dxe4 Nxe4 Nd7 Ng5 Ngf6 Bd3 e6 N1f3 Bd6 Qe2 h6 Ne4 Nxe4 Qxe4 Nf6 Qe2
9	e4 c6 d4 d5 Nd2 dxe4 Nxe4 Nd7 Ng5 Ngf6 Bd3 e6 N1f3 Bd6 Qe2 h6 Ne4 Nxe4 Qxe4 Qc7 Qg4 Kf8 O-O
10	e4 c6 d4 d5 Nd2 dxe4 Nxe4 Nd7 Ng5 e6 Bd3
9	e4 c6 d4 d5 Nd2 dxe4 Nxe4 Nf6 Nxf6+ exf6 c3 Bd6 Bd3 O-O Ne2 Re8
9	e4 c6 d4 d5 Nd2 dxe4 Nxe4 Nf6 Nxf6+ exf6 c3 Bd6 Bd3 O-O Qc2 Re8+ Ne2
8	e4 c6 d4 d5 Nd2 dxe4 Nxe4 Nf6 Nxf6+ gxf6
8	e4 c6 d4 d5 e5 Bf5 Bd3 Bxd3 Qxd3 e6 Ne2
9	e4 c6 d4 d5 e5 Bf5 Bd3 Bxd3 Qxd3 e6 c3
8	e4 c6 d4 d5 e5 Bf5 Be3 Qb6 Qc1 e6
8	e4 c6 d4 d5 e5 Bf5 Be3 e6 Nd2 Nd7 Be2
9	e4 c6 d4 d5 e5 Bf5 Be3 e6 Nd2 Nd7 Ngf3
9	e4 c6 d4 d5 e5 Bf5 Be3 e6 Nd2 Nd7 f4
12	e4 c6 d4 d5 e5 Bf5 Nc3 a6
8	e4 c6 d4 d5 e5 Bf5 Nc3 e6 g4 Bg6 Nge2 Ne7 Nf4 c5 dxc5 Nec6 h4
11	e4 c6 d4 d5 e5 Bf5 Nc3 e6 g4 Bg6 Nge2 c5 Be3 Nc6 dxc5
11	e4 c6 d4 d5 e5 Bf5 Nc3 e6 g4 Bg6 Nge2 c5 h4 h5 Nf4 Bh7 Nxh5 Nc6 dxc5 Bxc5
11	e4 c6 d4 d5 e5 Bf5 Nc3 e6 g4 Bg6 Nge2 f6
10	e4 c6 d4 d5 e5 Bf5 Nd2 e6 Nb3 Nd7 Nf3 Bg6 Be2
12	e4 c6 d4 d5 e5 Bf5 Nd2 e6 Nb3 Nd7 Nf3 Ne7 Be2 Nc8 O-O Be7
17	e4 c6 d4 d5 e5 Bf5 Nd2 e6 Nb3 Nd7 Nf3 Ne7 Be2 h6 O-O
8	e4 c6 d4 d5 e5 Bf5 Nd2 e6 Nb3 Nd7 Nf3 Qc7 Be2 c5 dxc5 Bxc5 Nxc5
8	e4 c6 d4 d5 e5 Bf5 Nd2 e6 Nb3 Nd7 Nf3 a6 Be2 c5 dxc5 Bxc5
9	e4 c6 d4 d5 e5 Bf5 Nd2 e6 Nb3 Nd7 Nf3 c5 dxc5 Bxc5 Nxc5
16	e4 c6 d4 d5 e5 Bf5 Nd2 e6 Nb3 c5 dxc5 Bxc5 Nxc5 Qa5+ c3 Qxc5
9	e4 c6 d4 d5 e5 Bf5 Nf3 e6 Be2 Bb4+
12	e4 c6 d4 d5 e5 Bf5 Nf3 e6 Be2 Bg6 O-O Ne7 Nbd2
8	e4 c6 d4 d5 e5 Bf5 Nf3 e6 Be2 Nd7 O-O Bb4 Nbd2
8	e4 c6 d4 d5 e5 Bf5 Nf3 e6 Be2 Nd7 O-O Bg6 Nbd2 Nh6 Nb3 Be7
8	e4 c6 d4 d5 e5 Bf5 Nf3 e6 Be2 Nd7 O-O Bg6 Nbd2 Nh6 Nb3 Nf5 Bd2
10	e4 c6 d4 d5 e5 Bf5 Nf3 e6 Be2 Nd7 O-O Bg6 a4
8	e4 c6 d4 d5 e5 Bf5 Nf3 e6 Be2 Nd7 O-O Bg6 c3 Nh6
8	e4 c6 d4 d5 e5 Bf5 Nf3 e6 Be2 Nd7 O-O Ne7 Nbd2 h6
11	e4 c6 d4 d5 e5 Bf5 Nf3 e6 Be2 Nd7 O-O Ne7 Nh4
10	e4 c6 d4 d5 e5 Bf5 Nf3 e6 Be2 Nd7 O-O Ne7 c3 h6
8	e4 c6 d4 d5 e5 Bf5 Nf3 e6 Be2 Nd7 O-O a5 a4 f6
12	e4 c6 d4 d5 e5 Bf5 Nf3 e6 Be2 Nd7 O-O h6 Nbd2 Ne7 Nb3
10	e4 c6 d4 d5 e5 Bf5 Nf3 e6 Be2 Nd7 O-O h6 c3
14	e4 c6 d4 d5 e5 Bf5 Nf3 e6 Be2 Ne7 Nbd2 c5 dxc5 Nec6 Nb3
10	e4 c6 d4 d5 e5 Bf5 Nf3 e6 Be2 Ne7 O-O Bg6 Nbd2 Nf5 Nb3 Nd7 Bd2
9	e4 c6 d4 d5 e5 Bf5 Nf3 e6 Be2 Ne7 O-O Nd7 Nbd2 h6 Nb3
21	e4 c6 d4 d5 e5 Bf5 Nf3 e6 Be2 Ne7 O-O Ng6
8	e4 c6 d4 d5 e5 Bf5 Nf3 e6 Be2 Ne7 O-O c5 Na3 Nec6 c4 cxd4
13	e4 c6 d4 d5 e5 Bf5 Nf3 e6 Be2 Ne7 O-O c5 c4 Nbc6 Na3
8	e4 c6 d4 d5 e5 Bf5 Nf3 e6 Be2 Ne7 O-O c5 c4 Nbc6 dxc5 d4 Qb3
8	e4 c6 d4 d5 e5 Bf5 Nf3 e6 Be2 Ne7 O-O c5 c4 Nbc6 dxc5 dxc4 Bxc4
9	e4 c6 d4 d5 e5 Bf5 Nf3 e6 Be2 Ne7 O-O c5 dxc5 Nec6 Be3 Nd7 c4 dxc4
8	e4 c6 d4 d5 e5 Bf5 Nf3 e6 Be2 Ne7 O-O h6 Nbd2 Nd7 Nb3 g5 Ne1 Qc7
8	e4 c6 d4 d5 e5 Bf5 Nf3 e6 Be2 Ne7 O-O h6 c3
9	e4 c6 d4 d5 e5 Bf5 Nf3 e6 Be2 Ne7 c3 Nd7 O-O c5 dxc5
8	e4 c6 d4 d5 e5 Bf5 Nf3 e6 Be2 Ne7 c3 Nd7 O-O h6
8	e4 c6 d4 d5 e5 Bf5 Nf3 e6 Be2 Ne7 c3 Ng6 O-O
8	e4 c6 d4 d5 e5 Bf5 Nf3 e6 Be2 Ne7 c3 h6 O-O Nd7 Nbd2 a5
10	e4 c6 d4 d5 e5 Bf5 Nf3 e6 Be2 c5 Be3 Nd7 O-O Ne7 c4 dxc4 Na3
8	e4 c6 d4 d5 e5 Bf5 Nf3 e6 Be2 c5 Be3 Ne7
9	e4 c6 d4 d5 e5 Bf5 Nf3 e6 Be2 c5 Be3 Qb6 Nc3 Nc6 Na4 Qa5+ c3 c4 b4
8	e4 c6 d4 d5 e5 Bf5 Nf3 e6 Be2 c5 Be3 Qb6 Nc3 Nc6 O-O Qxb2 Qe1 cxd4 Bxd4 Nxd4 Nxd4 Bb4 Ndb5 Ba5 Rb1 Qxc2 Rb3 Ne7 Nd6+ Kf8 Nxb7 Bb6
9	e4 c6 d4 d5 e5 Bf5 Nf3 e6 Be2 c5 Be3 Qb6 Nc3 Nc6 O-O Qxb2 Qe1 cxd4 Bxd4 Nxd4 Nxd4 Bb4 Rb1 Bxc3 Rxb2 Bxe1 Rxe1 b6 h4 h5 Nxf5 exf5 c4
9	e4 c6 d4 d5 e5 Bf5 Nf3 e6 Be2 c5 Be3 cxd4 Nxd4 Ne7 Nd2 Nbc6 N2f3 Be4 O-O Ng6
10	e4 c6 d4 d5 e5 Bf5 Nf3 e6 Be2 c5 Be3 cxd4 Nxd4 Ne7 Nd2 Nbc6 N2f3 Bg4 O-O Bxf3 Nxf3 Qc7
8	e4 c6 d4 d5 e5 Bf5 Nf3 e6 Be2 c5 Be3 cxd4 Nxd4 Ne7 O-O Nbc6 Bb5 a6 Bxc6+ Nxc6 Nxf5 exf5 c3 Be7
9	e4 c6 d4 d5 e5 Bf5 Nf3 e6 Be2 c5 Be3 cxd4 Nxd4 Ne7 O-O Nbc6 Bb5 a6 Bxc6+ bxc6 c4 Qd7
10	e4 c6 d4 d5 e5 Bf5 Nf3 e6 Be2 c5 Be3 cxd4 Nxd4 Ne7 c4 Nbc6 Qa4 a6 Nc3 dxc4 O-O-O
8	e4 c6 d4 d5 e5 Bf5 Nf3 e6 Be2 c5 O-O Nc6 c3 cxd4 Nxd4 Nge7 Nxf5 Nxf5 Bd3
11	e4 c6 d4 d5 e5 Bf5 Nf3 e6 Be2 c5 O-O Nc6 c3 cxd4 cxd4 Nge7
9	e4 c6 d4 d5 e5 Bf5 Nf3 e6 Be2 c5 c3 Nc6 O-O Bg6
8	e4 c6 d4 d5 e5 Bf5 Nf3 e6 Be2 h6 O-O Ne7 Nbd2 Nd7
9	e4 c6 d4 d5 e5 Bf5 Nf3 e6 a3
8	e4 c6 d4 d5 e5 Bf5 Nf3 e6 c3 Nd7 Be2
9	e4 c6 d4 d5 e5 Bf5 c3 e6 Be3
13	e4 c6 d4 d5 e5 Bf5 c4 e6 Nc3 Ne7
11	e4 c6 d4 d5 e5 Bf5 g4 Bd7
8	e4 c6 d4 d5 e5 Bf5 g4 Be4 f3 Bg6 e6
8	e4 c6 d4 d5 e5 Bf5 h4 Qb6
8	e4 c6 d4 d5 e5 Bf5 h4 c5 dxc5 Nc6
12	e4 c6 d4 d5 e5 Bf5 h4 h5 Bd3 Bxd3 Qxd3 Qa5+ Nd2 e6 Nf3 Nh6 O-O Nf5 Nb3 Qa6 Qd1
9	e4 c6 d4 d5 e5 Bf5 h4 h5 Bd3 Bxd3 Qxd3 Qa5+ b4 Qa6 Qf3 e6 c3
11	e4 c6 d4 d5 e5 Bf5 h4 h5 Bd3 Bxd3 Qxd3 Qa5+ b4 Qxb4+ Nd2 e6 Rb1 Qe7
8	e4 c6 d4 d5 e5 Bf5 h4 h5 Bd3 Bxd3 Qxd3 e6 Bg5 Be7 Nf3 Nh6 Nc3 Nf5 Ne2
9	e4 c6 d4 d5 e5 Bf5 h4 h5 Bd3 Bxd3 Qxd3 e6 Bg5 Qa5+ Nd2
8	e4 c6 d4 d5 e5 Bf5 h4 h5 Bd3 Bxd3 Qxd3 e6 Bg5 Qb6 Nd2 c5 c4 Qxb2
8	e4 c6 d4 d5 e5 Bf5 h4 h5 Bd3 Bxd3 Qxd3 e6 Nf3 Qa5+ Nbd2
8	e4 c6 d4 d5 e5 Bf5 h4 h5 Bg5 Qb6 Bd3 Bxd3 Qxd3
9	e4 c6 d4 d5 e5 Bf5 h4 h5 c4 e6 Nc3 Be7
11	e4 c6 d4 d5 e5 Bf5 h4 h5 c4 e6 Nc3 Ne7 Nge2 Nd7 Ng3 Bg6
9	e4 c6 d4 d5 e5 Bf5 h4 h5 c4 e6 Nc3 dxc4 Bxc4 Nd7 Nge2 Be7
8	e4 c6 d4 d5 e5 Bf5 h4 h6 Bd3 Bxd3 Qxd3 e6
8	e4 c6 d4 d5 e5 Bf5 h4 h6 g4 Bd7 h5
8	e4 c6 d4 d5 e5 Bf5 h4 h6 g4 Be4 f3 Bh7 e6
8	e4 c6 d4 d5 e5 c5 Nf3 Bg4 dxc5
9	e4 c6 d4 d5 e5 c5 Nf3 Nc6 dxc5 Bg4
10	e4 c6 d4 d5 e5 c5 Nf3 cxd4 Nxd4 Nc6 Nxc6 bxc6 Bd3 e6 O-O Ne7 Nd2 a5
8	e4 c6 d4 d5 e5 c5 Nf3 cxd4 Nxd4 Nc6 c4 e6 Nc3
10	e4 c6 d4 d5 e5 c5 Nf3 cxd4 Nxd4 e6
13	e4 c6 d4 d5 e5 c5 Nf3 cxd4 Qxd4 Nc6 Qf4 e6
8	e4 c6 d4 d5 e5 c5 dxc5 Nc6 Bb5 e6 Be3 Ne7
9	e4 c6 d4 d5 e5 c5 dxc5 Nc6 Nf3 Bg4 c3 e6
12	e4 c6 d4 d5 e5 c5 dxc5 e6 Bd3
8	e4 c6 d4 d5 e5 c5 dxc5 e6 Be3
9	e4 c6 d4 d5 e5 c5 dxc5 e6 Nf3 Bxc5 Bd3 Ne7 O-O
8	e4 c6 d4 d5 e5 c5 dxc5 e6 Nf3 Bxc5 a3 Ne7
8	e4 c6 d4 d5 e5 c5 dxc5 e6 a3 Bxc5 Nf3 Ne7 Bd3 Ng6
10	e4 c6 d4 d5 e5 c5 dxc5 e6 a3 Bxc5 Qg4
11	e4 c6 d4 d5 exd5 cxd5 Bd3 Nc6 c3 Nf6 Bf4 Bg4 Qb3 Qc8 Nd2 e6 Ngf3 Be7 O-O
8	e4 c6 d4 d5 exd5 cxd5 Bd3 Nc6 c3 Nf6 Bf4 Bg4 Qb3 Qd7 Nd2 e6 Ngf3 Bd6 Bxd6 Qxd6 O-O O-O Rfe1
9	e4 c6 d4 d5 exd5 cxd5 Bd3 Nc6 c3 Nf6 h3 g6 Nf3 Bf5 Be2
14	e4 c6 d4 d5 exd5 cxd5 Bd3 Nc6 c3 Qc7 Ne2 Bg4 O-O e6 Qe1
10	e4 c6 d4 d5 exd5 cxd5 Bd3 Nc6 c3 Qc7 h3 Nf6 Nf3 g6
8	e4 c6 d4 d5 exd5 cxd5 Bd3 Nc6 c3 Qc7 h3 e6 Nf3 Bd6 O-O Nge7
13	e4 c6 d4 d5 exd5 cxd5 Bd3 Nc6 c3 Qc7 h3 g6 Nf3
13	e4 c6 d4 d5 exd5 cxd5 Bd3 Nc6 c3 e6 Bf4
9	e4 c6 d4 d5 exd5 cxd5 Bd3 Nc6 c3 g6 Nf3
8	e4 c6 d4 d5 exd5 cxd5 Bd3 Nf6 c3 Bg4 Qb3 Qb6
8	e4 c6 d4 d5 exd5 cxd5 Bd3 Nf6 c3 Bg4 Qb3 Qc7 h3 Bd7
8	e4 c6 d4 d5 exd5 cxd5 Bd3 Nf6 c3 Bg4 Qb3 Qc7 h3 Bh5 Ne2
9	e4 c6 d4 d5 exd5 cxd5 Bd3 Nf6 c3 Nc6 Bf4
8	e4 c6 d4 d5 exd5 cxd5 Bd3 Nf6 h3 Nc6 c3 e5 dxe5 Nxe5
9	e4 c6 d4 d5 exd5 cxd5 Bd3 Nf6 h3 Nc6 c3 g6 Nf3
8	e4 c6 d4 d5 exd5 cxd5 Nf3 Nc6 Bb5 e6
10	e4 c6 d4 d5 exd5 cxd5 Nf3 Nc6 Ne5
9	e4 c6 d4 d5 exd5 cxd5 Nf3 Nf6 Ne5 Nc6
13	e4 c6 d4 d5 exd5 cxd5 c3
13	e4 c6 d4 d5 exd5 cxd5 c4 Nf6 Nc3 Nc6 Bg5 Be6
9	e4 c6 d4 d5 exd5 cxd5 c4 Nf6 Nc3 Nc6 Bg5 dxc4 Bxc4
9	e4 c6 d4 d5 exd5 cxd5 c4 Nf6 Nc3 Nc6 Bg5 e6 Nf3 Be7
11	e4 c6 d4 d5 exd5 cxd5 c4 Nf6 Nc3 Nc6 Nf3 Bg4 cxd5 Nxd5 Qb3 Bxf3 gxf3 e6 Qxb7 Nxd4 Bb5+ Nxb5 Qc6+ Ke7
16	e4 c6 d4 d5 exd5 cxd5 c4 Nf6 Nc3 Nc6 Nf3 a6
13	e4 c6 d4 d5 exd5 cxd5 c4 Nf6 Nc3 e6 Nf3 Bb4 Bd3 dxc4 Bxc4 O-O O-O
8	e4 c6 d4 d5 exd5 cxd5 c4 Nf6 Nc3 e6 Nf3 Bb4 cxd5 Nxd5 Bd2 Nc6 Bd3 Be7
8	e4 c6 d4 d5 exd5 cxd5 c4 Nf6 Nc3 e6 Nf3 Bb4 cxd5 Nxd5 Qc2 Nc6 Bd3 Ba5
8	e4 c6 d4 d5 exd5 cxd5 c4 Nf6 Nc3 e6 Nf3 Bb4 cxd5 Nxd5 Qc2 Nc6 Be2 Nce7
9	e4 c6 d4 d5 exd5 cxd5 c4 Nf6 Nc3 e6 Nf3 Bb4 cxd5 Nxd5 Qc2 Nc6 a3
9	e4 c6 d4 d5 exd5 cxd5 c4 Nf6 Nc3 e6 Nf3 Be7 cxd5 Nxd5 Bd3 Nc6 O-O O-O Re1 Bf6 Be4 Nce7
9	e4 c6 d4 d5 exd5 cxd5 c4 Nf6 Nc3 g6 Qb3 Bg7 cxd5 O-O Be2
12	e4 c6 d4 d5 f3 Qb6 Nc3
12	e4 c6 d4 d5 f3 dxe4 fxe4 e5 Nf3 Bg4
11	e4 c6 d4 d5 f3 e6 Nc3 Bb4 Bd2 Ne7
8	e4 c6 d4 d5 f3 e6 Nc3 Bb4 Bf4
11	e4 c6 d4 d5 f3 g6 Nc3 Bg7 Be3
11	e4 c6 d4 d6
9	e4 d5 Nc3 dxe4 Nxe4 Nf6
8	e4 d5 exd5 Nf6 Nf3
12	e4 d5 exd5 Nf6 d4 Nxd5
9	e4 d5 exd5 Qxd5 Nc3 Qa5 Bc4 Nf6 d3
13	e4 d5 exd5 Qxd5 Nc3 Qa5 Nf3 Nf6
8	e4 d5 exd5 Qxd5 Nc3 Qa5 Nf3 c6
11	e4 d5 exd5 Qxd5 Nc3 Qa5 d4 Nf6 Bc4 Bg4
9	e4 d5 exd5 Qxd5 Nc3 Qa5 d4 Nf6 Bd2 Bg4
14	e4 d5 exd5 Qxd5 Nc3 Qa5 d4 Nf6 Nf3 Bf5 Bc4 e6 Bd2 Bb4 a3 Bxc3 Bxc3 Qb6
11	e4 d5 exd5 Qxd5 Nc3 Qa5 d4 Nf6 Nf3 Bf5 Bd2
8	e4 d5 exd5 Qxd5 Nc3 Qa5 d4 Nf6 Nf3 Bf5 Ne5 c6
8	e4 d5 exd5 Qxd5 Nc3 Qa5 d4 Nf6 Nf3 c6 Bc4 Bf5 Bd2 e6 Nd5 Qd8 Nxf6+
8	e4 d5 exd5 Qxd5 Nc3 Qa5 d4 c6 Bc4
11	e4 d5 exd5 Qxd5 Nc3 Qa5 d4 c6 Nf3 Bf5
8	e4 d5 exd5 Qxd5 Nc3 Qa5 d4 c6 Nf3 Nf6 Bc4 Bf5
8	e4 d5 exd5 Qxd5 Nc3 Qd6 d4 Nf6 Nf3 Bg4
8	e4 d5 exd5 Qxd5 Nc3 Qd6 d4 Nf6 Nf3 a6 g3 Bg4
9	e4 d5 exd5 Qxd5 Nc3 Qd6 d4 Nf6 Nf3 c6 Ne5 Nbd7 Bf4 Nd5 Nxd5
9	e4 d5 exd5 Qxd5 Nc3 Qd6 d4 Nf6 Nf3 c6 Ne5 Nbd7 Nc4 Qc7 Qf3 Nb6 Bf4
8	e4 d5 exd5 Qxd5 Nc3 Qd6 d4 Nf6 Nf3 c6 g3 Bg4 Bg2 e6
8	e4 d5 exd5 Qxd5 Nc3 Qd6 d4 Nf6 Nf3 g6 Bc4 Bg7
10	e4 d5 exd5 Qxd5 Nc3 Qd6 d4 Nf6 Nf3 g6 Nb5 Qb6
9	e4 d5 exd5 Qxd5 Nc3 Qd6 d4 Nf6 Nf3 g6 Nb5 Qd8
13	e4 d5 exd5 Qxd5 Nc3 Qd6 d4 c6
24	e4 d5 exd5 Qxd5 Nc3 Qd8 d4 Nf6 Nf3 g6
19	e4 d5 exd5 Qxd5 Nf3 Bg4 Be2 Nc6
8	e4 d5 exd5 c6
12	e4 d6 Nc3 Nf6
9	e4 d6 d4 Nf6 Bd3 e5 c3 Nc6
10	e4 d6 d4 Nf6 Nc3 Nbd7 Nf3 e5 Bc4 Be7 O-O
8	e4 d6 d4 Nf6 Nc3 Nbd7 f4 e5
8	e4 d6 d4 Nf6 Nc3 c6 Nf3
8	e4 d6 d4 Nf6 Nc3 c6 f4 Qa5 Bd3 e5 Nf3
8	e4 d6 d4 Nf6 Nc3 e5 Nf3 Nbd7 Bc4 Be7 O-O Nb6
11	e4 d6 d4 Nf6 Nc3 e5 Nf3 Nbd7 Bc4 Be7 O-O O-O Re1 a6 a4 b6
10	e4 d6 d4 Nf6 Nc3 e5 Nf3 Nbd7 Bc4 Be7 O-O O-O Re1 c6 a4 a5 h3
13	e4 d6 d4 Nf6 Nc3 e5 Nf3 Nbd7 Bc4 Be7 O-O O-O Re1 c6 a4 b6
10	e4 d6 d4 Nf6 Nc3 e5 Nf3 Nbd7 Bc4 Be7 O-O O-O a4 a5
17	e4 d6 d4 Nf6 Nc3 e5 Nf3 Nbd7 Bc4 Be7 O-O O-O a4 a6
8	e4 d6 d4 Nf6 Nc3 e5 Nf3 Nbd7 Bc4 Be7 O-O O-O a4 c6 Re1 a5
8	e4 d6 d4 Nf6 Nc3 e5 Nf3 Nbd7 Bc4 Be7 O-O O-O a4 c6 Re1 h6 h3 Re8
10	e4 d6 d4 Nf6 Nc3 e5 Nf3 Nbd7 Bc4 Be7 O-O c6 a4
10	e4 d6 d4 Nf6 Nc3 e5 Nf3 Nbd7 Bc4 Be7 a4 O-O O-O c6 Re1
11	e4 d6 d4 Nf6 Nc3 e5 Nf3 Nbd7 Rg1
11	e4 d6 d4 Nf6 Nc3 e5 Nf3 exd4 Nxd4 Be7
17	e4 d6 d4 Nf6 Nc3 e5 Nge2
9	e4 d6 d4 Nf6 Nc3 e5 dxe5 dxe5 Qxd8+ Kxd8 Bc4 Ke8 Nf3 Bd6 Bg5
8	e4 d6 d4 Nf6 Nc3 e5 dxe5 dxe5 Qxd8+ Kxd8 Bg5
8	e4 d6 d4 Nf6 Nc3 g6 Be3 Bg7 Qd2 c6
9	e4 d6 d4 Nf6 Nc3 g6 Be3 a6 Qd2 b5 f3
9	e4 d6 d4 Nf6 Nc3 g6 Be3 c6 Qd2 Nbd7 Nf3
16	e4 d6 d4 Nf6 Nc3 g6 Be3 c6 h3
9	e4 d6 d4 Nf6 Nc3 g6 Bg5 Bg7 Qd2 h6 Bh4 g5 Bg3 Nh5
12	e4 d6 d4 Nf6 Nc3 g6 Nf3 Bg7 Be2 O-O O-O Bg4 Be3 Nc6
10	e4 d6 d4 Nf6 Nc3 g6 Nf3 Bg7 Be2 O-O O-O Nc6
9	e4 d6 d4 Nf6 Nc3 g6 Nf3 Bg7 Be2 O-O O-O a6
11	e4 d6 d4 Nf6 Nc3 g6 Nf3 Bg7 Be2 O-O O-O c6 a4
9	e4 d6 d4 Nf6 Nc3 g6 Nf3 Bg7 Be3
8	e4 d6 d4 Nf6 Nc3 g6 Nf3 Bg7 h3
8	e4 d6 d4 Nf6 Nc3 g6 f3
8	e4 d6 d4 Nf6 Nc3 g6 f4 Bg7 Bd3 O-O Nf3
12	e4 d6 d4 Nf6 Nc3 g6 f4 Bg7 Nf3 O-O Bd3 Na6 O-O c5 d5
10	e4 d6 d4 Nf6 Nc3 g6 f4 Bg7 Nf3 O-O Bd3 Nc6
8	e4 d6 d4 Nf6 Nc3 g6 f4 Bg7 Nf3 O-O e5
10	e4 d6 d4 Nf6 Nc3 g6 f4 Bg7 Nf3 c5 Bb5+ Bd7 e5 Ng4 e6 fxe6 Ng5 Bxb5
12	e4 d6 d4 Nf6 Nc3 g6 g3 Bg7 Bg2 O-O Nge2 e5 h3
9	e4 d6 d4 Nf6 f3 e5 d5
9	e4 d6 d4 Nf6 f3 g6
15	e4 d6 d4 g6 Nc3 Bg7 Be3 a6 Qd2 b5
9	e4 d6 d4 g6 Nc3 Bg7 Be3 c6
8	e4 d6 d4 g6 Nc3 Bg7 Nf3 Nf6 Be2 O-O O-O
11	e4 d6 d4 g6 Nc3 Bg7 f4 Nf6 Nf3
8	e4 d6 d4 g6 Nc3 Bg7 f4 a6 Nf3
8	e4 d6 d4 g6 Nc3 c6
10	e4 d6 d4 g6 Nf3 Bg7 Bc4
8	e4 d6 d4 g6 c4 Bg7 Nc3
8	e4 d6 f4
8	e4 e5 Bc4 Nc6 Nf3
11	e4 e5 Bc4 Nc6 d3 Nf6 Nc3
10	e4 e5 Bc4 Nf6 Nc3 Bc5
9	e4 e5 Bc4 Nf6 Nc3 Nc6 d3 Na5
9	e4 e5 Bc4 Nf6 Nc3 Nxe4 Qh5 Nd6 Bb3
9	e4 e5 Bc4 Nf6 d3 Bc5 Nc3 O-O
10	e4 e5 Bc4 Nf6 d3 Bc5 Nc3 c6 Nf3 d6
17	e4 e5 Bc4 Nf6 d3 Bc5 Nc3 d6
8	e4 e5 Bc4 Nf6 d3 Bc5 Nf3 Nc6
8	e4 e5 Bc4 Nf6 d3 Bc5 Nf3 d6 O-O
15	e4 e5 Bc4 Nf6 d3 Bc5 Nf3 d6 c3
14	e4 e5 Bc4 Nf6 d3 Nc6 Nc3 Bb4 Bd2
9	e4 e5 Bc4 Nf6 d3 Nc6 Nc3 Bb4 Ne2 d5 exd5 Nxd5 O-O Be6
9	e4 e5 Bc4 Nf6 d3 Nc6 Nc3 Bb4 Nf3 d6
12	e4 e5 Bc4 Nf6 d3 Nc6 Nc3 Bc5
12	e4 e5 Bc4 Nf6 d3 Nc6 Nc3 Na5 Nge2
15	e4 e5 Bc4 Nf6 d3 Nc6 Nc3 Na5 Qf3
11	e4 e5 Bc4 Nf6 d3 Nc6 Nf3 Bc5 O-O d6 c3
10	e4 e5 Bc4 Nf6 d3 Nc6 Nf3 Bc5 c3 d6
10	e4 e5 Bc4 Nf6 d3 Nc6 Nf3 Be7 O-O O-O Re1 d6 a4
16	e4 e5 Bc4 Nf6 d3 c6 Nf3 Be7 O-O d6
9	e4 e5 Bc4 Nf6 d3 c6 Nf3 d5 Bb3 Bb4+ Bd2 Bxd2+ Nbxd2 a5 a3
9	e4 e5 Bc4 Nf6 d3 c6 Nf3 d5 Bb3 Bb4+ Bd2 Bxd2+ Qxd2 a5
8	e4 e5 Bc4 Nf6 d3 c6 Nf3 d5 Bb3 Bb4+ c3 Bd6 O-O
12	e4 e5 Bc4 Nf6 d3 c6 Nf3 d5 Bb3 Bd6 Nc3 dxe4 Ng5 O-O
12	e4 e5 Bc4 Nf6 d3 c6 Nf3 d5 Bb3 Bd6 exd5 Nxd5 O-O O-O Re1
8	e4 e5 Bc4 Nf6 d3 c6 Nf3 d5 Bb3 a5 Nc3
11	e4 e5 Bc4 Nf6 d3 c6 Nf3 d5 Bb3 a5 a3
12	e4 e5 Bc4 Nf6 d3 c6 Nf3 d5 Bb3 a5 a4 Bb4+ c3 Bd6 exd5 cxd5 Bg5 Be6 Na3
9	e4 e5 Nc3 Nc6 Bc4 Bc5
9	e4 e5 Nc3 Nc6 Bc4 Nf6 d3 Na5 Bb3
10	e4 e5 Nc3 Nc6 Bc4 Nf6 d3 Na5 Nge2
8	e4 e5 Nc3 Nc6 Bc4 Nf6 d3 Na5 Qf3
8	e4 e5 Nc3 Nc6 Nf3 Nf6 Bb5
12	e4 e5 Nc3 Nc6 f4 exf4
10	e4 e5 Nc3 Nc6 g3 Bc5 Bg2 d6
17	e4 e5 Nc3 Nf6 Bc4 Bc5 d3 c6
8	e4 e5 Nc3 Nf6 Bc4 Nc6 d3 Bb4 Ne2 d5 exd5 Nxd5 O-O
8	e4 e5 Nc3 Nf6 Bc4 Nc6 d3 Bb4 Nf3
13	e4 e5 Nc3 Nf6 Bc4 Nc6 d3 Na5
12	e4 e5 Nc3 Nf6 Bc4 Nxe4 Qh5 Nd6 Bb3 Be7
13	e4 e5 Nc3 Nf6 Nf3 Nc6 Bb5 Nd4
10	e4 e5 Nc3 Nf6 d4 exd4 Qxd4 Nc6 Qd3 Bc5
9	e4 e5 Nc3 Nf6 f4 d5 fxe5 Nxe4 Nf3
10	e4 e5 Nc3 Nf6 f4 d5 fxe5 Nxe4 Qf3 Nxc3 dxc3
9	e4 e5 Nc3 Nf6 g3 Bc5 Bg2 Nc6
9	e4 e5 Nc3 Nf6 g3 Bc5 Bg2 O-O
13	e4 e5 Nc3 Nf6 g3 Bc5 Bg2 c6
9	e4 e5 Nc3 Nf6 g3 Nc6 Bg2 Bc5
9	e4 e5 Nc3 Nf6 g3 d5 exd5 Nxd5 Bg2 Nxc3 bxc3 Bd6 Nf3 O-O O-O Nc6
10	e4 e5 Nc3 Nf6 g3 d5 exd5 Nxd5 Bg2 Nxc3 bxc3 Nc6 Nf3 Bc5 O-O O-O Re1
8	e4 e5 Nf3 Nc6 Bb5 Bc5 O-O Nd4 Nxd4 Bxd4 c3 Bb6 d4 c6 Ba4 d6
8	e4 e5 Nf3 Nc6 Bb5 Bc5 c3 Nf6 d4 Bb6
8	e4 e5 Nf3 Nc6 Bb5 Bc5 c3 Nf6 d4 exd4 e5 Nd5 O-O Be7
11	e4 e5 Nf3 Nc6 Bb5 Nd4 Nxd4 exd4 O-O Bc5
10	e4 e5 Nf3 Nc6 Bb5 Nf6 Nc3 Bb4 O-O O-O d3 d6
10	e4 e5 Nf3 Nc6 Bb5 Nf6 Nc3 Nd4 Ba4
8	e4 e5 Nf3 Nc6 Bb5 Nf6 Nc3 Nd4 Bc4 Bc5 d3 d6
8	e4 e5 Nf3 Nc6 Bb5 Nf6 O-O Bc5 Nxe5 Nxe4 Qe2 Nxe5 Qxe4 Qe7
8	e4 e5 Nf3 Nc6 Bb5 Nf6 O-O Bc5 c3 O-O d4 Bb6 Bg5 h6 Bh4 d6 Qd3
8	e4 e5 Nf3 Nc6 Bb5 Nf6 O-O Be7 Re1 d6
8	e4 e5 Nf3 Nc6 Bb5 Nf6 O-O Nxe4 Qe2 Nd6 Bxc6 dxc6 Qxe5+ Qe7 Qa5 Qd8 Qe5+ Qe7 Qa5
9	e4 e5 Nf3 Nc6 Bb5 Nf6 O-O Nxe4 Re1 Nd6 Bf1 Be7 Nc3
14	e4 e5 Nf3 Nc6 Bb5 Nf6 O-O Nxe4 Re1 Nd6 Nxe5 Be7 Bd3 Nxe5 Rxe5 O-O Nc3
13	e4 e5 Nf3 Nc6 Bb5 Nf6 O-O Nxe4 Re1 Nd6 Nxe5 Be7 Bf1 Nf5 Nf3 O-O d4 d5 Nc3
9	e4 e5 Nf3 Nc6 Bb5 Nf6 O-O Nxe4 Re1 Nd6 Nxe5 Be7 Bf1 Nf5 Nf3 O-O d4 d5 c3 Bd6 Bd3 Nce7
12	e4 e5 Nf3 Nc6 Bb5 Nf6 O-O Nxe4 Re1 Nd6 Nxe5 Be7 Bf1 Nf5 Nf3 O-O d4 d5 c3 Bd6 Bd3 Re8 Rxe8+ Qxe8
8	e4 e5 Nf3 Nc6 Bb5 Nf6 O-O Nxe4 Re1 Nd6 Nxe5 Be7 Bf1 Nf5 Nf3 O-O d4 d5 c3 Re8 Bd3 Bd6 Rxe8+ Qxe8
9	e4 e5 Nf3 Nc6 Bb5 Nf6 O-O Nxe4 Re1 Nd6 Nxe5 Be7 Bf1 Nf5 Nf3 O-O d4 d5 g3 Re8 Nc3 Be6 Ne2
9	e4 e5 Nf3 Nc6 Bb5 Nf6 O-O Nxe4 Re1 Nd6 Nxe5 Be7 Bf1 Nf5 Nf3 d5 d4 O-O Nc3 Nh4 Nxh4 Bxh4
12	e4 e5 Nf3 Nc6 Bb5 Nf6 O-O Nxe4 Re1 Nd6 Nxe5 Be7 Bf1 Nf5 Nf3 d5 d4 O-O c3 Bd6 Bd3
14	e4 e5 Nf3 Nc6 Bb5 Nf6 O-O Nxe4 Re1 Nd6 Nxe5 Be7 Bf1 Nf5 Nf3 d5 d4 O-O c3 Re8
11	e4 e5 Nf3 Nc6 Bb5 Nf6 O-O Nxe4 Re1 Nd6 Nxe5 Be7 Bf1 Nf5 c3 Nxe5 Rxe5 d6 Re1 O-O d4 d5 Bf4 Bd6
13	e4 e5 Nf3 Nc6 Bb5 Nf6 O-O Nxe4 Re1 Nd6 Nxe5 Be7 Bf1 Nf5 c3 Nxe5 Rxe5 d6 Re1 O-O d4 d5 Nd2
9	e4 e5 Nf3 Nc6 Bb5 Nf6 O-O Nxe4 Re1 Nd6 Nxe5 Be7 Bf1 Nxe5 Rxe5 O-O Nc3 Bf6 Re1 Re8 Nd5 Rxe1 Nxf6+ Qxf6 Qxe1 b6
9	e4 e5 Nf3 Nc6 Bb5 Nf6 O-O Nxe4 Re1 Nd6 Nxe5 Be7 Bf1 Nxe5 Rxe5 O-O Nc3 Bf6 Re1 Re8 Nd5 Rxe1 Qxe1 b6 Nxf6+ Qxf6 d3 Bb7 Qb4
12	e4 e5 Nf3 Nc6 Bb5 Nf6 O-O Nxe4 Re1 Nd6 Nxe5 Be7 Bf1 Nxe5 Rxe5 O-O Nc3 Bf6 Re1 Re8 Nd5 Rxe1 Qxe1 b6 d3 Bb7 Nxf6+ Qxf6
8	e4 e5 Nf3 Nc6 Bb5 Nf6 O-O Nxe4 Re1 Nd6 Nxe5 Be7 Bf1 Nxe5 Rxe5 O-O Nc3 Ne8 Nd5 Bd6 Re1 c6 Ne3 Bc7 Nf5 d5 Ne7+ Kh8 Nxc8 Rxc8 d3 Nf6 Qf3 Qd7 g3
10	e4 e5 Nf3 Nc6 Bb5 Nf6 O-O Nxe4 Re1 Nd6 Nxe5 Be7 Bf1 Nxe5 Rxe5 O-O Nc3 Ne8 Nd5 Bd6 Re1 c6 Ne3 Bc7 Nf5 d5 Ne7+ Kh8 Nxc8 Rxc8 d3 f5 Qf3 Nf6
8	e4 e5 Nf3 Nc6 Bb5 Nf6 O-O Nxe4 Re1 Nd6 Nxe5 Be7 Bf1 Nxe5 Rxe5 O-O Nc3 Ne8 Nd5 Bd6 Re1 c6 Ne3 Bc7 Nf5 d5 Ne7+ Kh8 Nxc8 Rxc8 d4
9	e4 e5 Nf3 Nc6 Bb5 Nf6 O-O Nxe4 Re1 Nd6 Nxe5 Be7 Bf1 Nxe5 Rxe5 O-O Nc3 Ne8 Nd5 Bd6 Re1 c6 Ne3 Be7 Nf5 Bg5
8	e4 e5 Nf3 Nc6 Bb5 Nf6 O-O Nxe4 Re1 Nd6 Nxe5 Be7 Bf1 Nxe5 Rxe5 O-O Nc3 Ne8 Nd5 Bd6 Re1 c6 Ne3 Be7 c4 Nc7 d4 d5 cxd5 Bb4 Bd2 Bxd2 Qxd2 Nxd5 Nxd5 Qxd5 Re5 Qd6 Bc4 Bd7 Rae1 Rae8 Qc3
8	e4 e5 Nf3 Nc6 Bb5 Nf6 O-O Nxe4 Re1 Nd6 Nxe5 Be7 Bf1 Nxe5 Rxe5 O-O Nc3 Ne8 Nd5 Bd6 Re1 c6 Ne3 Be7 c4 Nc7 d4 d5 cxd5 Bb4 Bd2 Bxd2 Qxd2 Nxd5 Nxd5 Qxd5 Re5 Qd6 Bc4 Bd7 Rae1 b5 Bb3 a5 a3 a4 Ba2 Rae8
8	e4 e5 Nf3 Nc6 Bb5 Nf6 O-O Nxe4 Re1 Nd6 Nxe5 Be7 Bf1 Nxe5 Rxe5 O-O Nc3 Ne8 Nd5 Bd6 Re2 c6 Ne3 Be7
13	e4 e5 Nf3 Nc6 Bb5 Nf6 O-O Nxe4 Re1 Nd6 Nxe5 Be7 Bf1 Nxe5 Rxe5 O-O Nc3 Ne8 d4 Bf6 Re1 d5
10	e4 e5 Nf3 Nc6 Bb5 Nf6 O-O Nxe4 Re1 Nd6 Nxe5 Be7 Bf1 Nxe5 Rxe5 O-O d4 Bf6 Re1 Nf5 c3 d5 Bf4 c6 Nd2 Nh4
12	e4 e5 Nf3 Nc6 Bb5 Nf6 O-O Nxe4 Re1 Nd6 Nxe5 Be7 Bf1 Nxe5 Rxe5 O-O d4 Bf6 Re1 Nf5 d5 d6 Nd2
8	e4 e5 Nf3 Nc6 Bb5 Nf6 O-O Nxe4 Re1 Nd6 Nxe5 Be7 Bf1 Nxe5 Rxe5 O-O d4 Bf6 Re1 Re8 Bf4 Rxe1 Qxe1 Ne8 Nc3 Bxd4 Nd5 c6
13	e4 e5 Nf3 Nc6 Bb5 Nf6 O-O Nxe4 Re1 Nd6 Nxe5 Be7 Bf1 Nxe5 Rxe5 O-O d4 Bf6 Re1 Re8 Bf4 Rxe1 Qxe1 Ne8 Nc3 Bxd4 Nd5 d6 Bg5 f6 Bh4
8	e4 e5 Nf3 Nc6 Bb5 Nf6 O-O Nxe4 Re1 Nd6 Nxe5 Be7 Bf1 Nxe5 Rxe5 O-O d4 Bf6 Re1 Re8 Bf4 Rxe1 Qxe1 Ne8 c3 d5 Bd3 g6 Nd2 Ng7 Nf3 Bf5
9	e4 e5 Nf3 Nc6 Bb5 Nf6 O-O Nxe4 Re1 Nd6 Nxe5 Be7 Bf1 Nxe5 Rxe5 O-O d4 Bf6 Re1 Re8 Bf4 Rxe1 Qxe1 Ne8 c3 d5 Bd3 g6 Nd2 Ng7 Qe2 c6 Re1 Bf5 Bxf5 Nxf5 Nf3 Ng7 Be5
9	e4 e5 Nf3 Nc6 Bb5 Nf6 O-O Nxe4 Re1 Nd6 Nxe5 Be7 Bf1 Nxe5 Rxe5 O-O d4 Bf6 Re1 Re8 Bf4 Rxe1 Qxe1 Ne8 c3 d5 Nd2 Bf5
8	e4 e5 Nf3 Nc6 Bb5 Nf6 O-O Nxe4 Re1 Nd6 Nxe5 Be7 Bf1 Nxe5 Rxe5 O-O d4 Bf6 Re1 Re8 Bf4 Rxe1 Qxe1 Ne8 c3 d5 Nd2 c6
12	e4 e5 Nf3 Nc6 Bb5 Nf6 O-O Nxe4 Re1 Nd6 Nxe5 Be7 Bf1 Nxe5 Rxe5 O-O d4 Bf6 Re1 Re8 Nc3 Rxe1 Qxe1 Bxd4
10	e4 e5 Nf3 Nc6 Bb5 Nf6 O-O Nxe4 Re1 Nd6 Nxe5 Be7 Bf1 Nxe5 Rxe5 O-O d4 Bf6 Re1 Re8 Rxe8+ Nxe8 c3 d5 Bd3
11	e4 e5 Nf3 Nc6 Bb5 Nf6 O-O Nxe4 Re1 Nd6 Nxe5 Be7 Bf1 Nxe5 Rxe5 O-O d4 Bf6 Re1 Re8 Rxe8+ Nxe8 c3 d5 Bf4
23	e4 e5 Nf3 Nc6 Bb5 Nf6 O-O Nxe4 Re1 Nd6 Nxe5 Be7 Bf1 Nxe5 Rxe5 O-O d4 Bf6 Re1 Re8 Rxe8+ Nxe8 d5 d6 Nd2
10	e4 e5 Nf3 Nc6 Bb5 Nf6 O-O Nxe4 Re1 Nd6 Nxe5 Be7 Bf1 Nxe5 Rxe5 O-O d4 Bf6 Re1 Re8 c3 Rxe1 Qxe1 Ne8 Bf4 d5 Bd3 g6 Nd2 Ng7 Nf3 Bf5 Bxf5 Nxf5 Qe2 c6 Re1 Ng7 Be5 Ne6 Bxf6 Qxf6
8	e4 e5 Nf3 Nc6 Bb5 Nf6 O-O Nxe4 Re1 Nd6 Nxe5 Be7 Bf1 Nxe5 Rxe5 O-O d4 Bf6 Re1 Re8 c3 Rxe1 Qxe1 Ne8 Bf4 d5 Bd3 g6 Nd2 Ng7 Qe2 c6 Re1 Bf5 Bxf5 Nxf5 Nf3 Ng7 Be5
9	e4 e5 Nf3 Nc6 Bb5 Nf6 O-O Nxe4 Re1 Nd6 Nxe5 Be7 Bf1 Nxe5 Rxe5 O-O d4 Bf6 Re1 Re8 c3 Rxe1 Qxe1 Ne8 Bf4 d5 Nd2
11	e4 e5 Nf3 Nc6 Bb5 Nf6 O-O Nxe4 Re1 Nd6 Nxe5 Be7 Bf1 Nxe5 Rxe5 O-O d4 Bf6 Re1 Re8 c3 Rxe1 Qxe1 Ne8 a4
10	e4 e5 Nf3 Nc6 Bb5 Nf6 O-O Nxe4 Re1 Nd6 Nxe5 Be7 Bf1 Nxe5 Rxe5 O-O d4 Bf6 Re1 Re8 c3 Rxe1 Qxe1 Ne8 d5
9	e4 e5 Nf3 Nc6 Bb5 Nf6 O-O Nxe4 Re1 Nd6 Nxe5 Be7 Bf1 Nxe5 Rxe5 O-O d4 Bf6 Re1 Re8 c3 Rxe1 Qxe1 Nf5 Bf4
9	e4 e5 Nf3 Nc6 Bb5 Nf6 O-O Nxe4 Re1 Nd6 Nxe5 Be7 Bf1 Nxe5 Rxe5 O-O d4 Bf6 Re1 Re8 c3 Rxe1 Qxe1 Qe7 Qxe7 Bxe7
11	e4 e5 Nf3 Nc6 Bb5 Nf6 O-O Nxe4 Re1 Nd6 Nxe5 Be7 Bf1 Nxe5 Rxe5 O-O d4 Bf6 Re2 Nc4 b3 Nb6
9	e4 e5 Nf3 Nc6 Bb5 Nf6 O-O Nxe4 Re1 Nd6 Nxe5 Be7 Bf1 Nxe5 Rxe5 O-O d4 Bf6 Re2 b6 Re1 Bb7 Bf4 Ne4 Nd2 Re8
8	e4 e5 Nf3 Nc6 Bb5 Nf6 O-O Nxe4 Re1 Nd6 Nxe5 Be7 Bf1 Nxe5 Rxe5 O-O d4 Bf6 Re2 b6 Re1 Bb7 Bf4 Nf5 c3
8	e4 e5 Nf3 Nc6 Bb5 Nf6 O-O Nxe4 Re1 Nd6 Nxe5 Be7 Bf1 Nxe5 Rxe5 O-O d4 Ne8 Re1 d5 Bf4 Bd6
12	e4 e5 Nf3 Nc6 Bb5 Nf6 O-O Nxe4 Re1 Nd6 Nxe5 Be7 Bf1 Nxe5 Rxe5 O-O d4 Ne8 c4 Bf6 Re1 d5 cxd5 Qxd5 Be3
9	e4 e5 Nf3 Nc6 Bb5 Nf6 O-O Nxe4 Re1 Nd6 Nxe5 Be7 Bf1 Nxe5 Rxe5 O-O d4 Ne8 d5 Bc5 Re1 d6 Nc3 Bf5 Bd3
8	e4 e5 Nf3 Nc6 Bb5 Nf6 O-O Nxe4 Re1 Nd6 Nxe5 Be7 Bf1 Nxe5 Rxe5 O-O d4 Ne8 d5 d6 Re1
11	e4 e5 Nf3 Nc6 Bb5 Nf6 O-O Nxe4 Re1 Nd6 Nxe5 Be7 Bf1 O-O d4 Nf5
9	e4 e5 Nf3 Nc6 Bb5 Nf6 O-O Nxe4 Re1 Nd6 Nxe5 Nxe5 Rxe5+ Be7 Bf1 O-O Nc3
8	e4 e5 Nf3 Nc6 Bb5 Nf6 O-O Nxe4 Re1 Nd6 Nxe5 Nxe5 Rxe5+ Be7 Bf1 O-O d4 Bf6 Re1 Nf5
8	e4 e5 Nf3 Nc6 Bb5 Nf6 O-O Nxe4 Re1 Nd6 Nxe5 Nxe5 Rxe5+ Be7 Bf1 O-O d4 Bf6 Re1 Re8 c3
8	e4 e5 Nf3 Nc6 Bb5 Nf6 O-O Nxe4 Re1 Nd6 a4 Be7 Nc3 O-O d4 e4 Nxe4 Nxe4 Rxe4
8	e4 e5 Nf3 Nc6 Bb5 Nf6 O-O Nxe4 Re1 Nd6 a4 Be7 Nc3 a6 Bf1 e4 Nxe4 Nxe4 Rxe4 d5 Re1 Bg4 h3 Bh5
9	e4 e5 Nf3 Nc6 Bb5 Nf6 O-O Nxe4 Re1 Nd6 a4 Be7 Nc3 a6 Bf1 e4 Nxe4 Nxe4 Rxe4 d5 Re1 d4
8	e4 e5 Nf3 Nc6 Bb5 Nf6 O-O Nxe4 d4 Be7 Qe2 Nd6 Bxc6 bxc6 dxe5 Nb7 Nc3 O-O Re1
14	e4 e5 Nf3 Nc6 Bb5 Nf6 O-O Nxe4 d4 Nd6 Ba4 e4 Ne5 Be7 Nc3 O-O Re1
10	e4 e5 Nf3 Nc6 Bb5 Nf6 O-O Nxe4 d4 Nd6 Ba4 exd4 c3 Be7 cxd4
9	e4 e5 Nf3 Nc6 Bb5 Nf6 O-O Nxe4 d4 Nd6 Bxc6 dxc6 dxe5 Nf5 Qxd8+ Kxd8 Nc3 Bd7 Rd1 Kc8 Ng5 Be8 b3 b6
10	e4 e5 Nf3 Nc6 Bb5 Nf6 O-O Nxe4 d4 Nd6 Bxc6 dxc6 dxe5 Nf5 Qxd8+ Kxd8 Nc3 Bd7 b3 Kc8 Bb2 Be7
8	e4 e5 Nf3 Nc6 Bb5 Nf6 O-O Nxe4 d4 Nd6 Bxc6 dxc6 dxe5 Nf5 Qxd8+ Kxd8 Nc3 Bd7 h3 Kc8
10	e4 e5 Nf3 Nc6 Bb5 Nf6 O-O Nxe4 d4 Nd6 Bxc6 dxc6 dxe5 Nf5 Qxd8+ Kxd8 Nc3 Bd7 h3 b6
10	e4 e5 Nf3 Nc6 Bb5 Nf6 O-O Nxe4 d4 Nd6 Bxc6 dxc6 dxe5 Nf5 Qxd8+ Kxd8 Nc3 Bd7 h3 h6 b3 Kc8 Bb2 Ne7
8	e4 e5 Nf3 Nc6 Bb5 Nf6 O-O Nxe4 d4 Nd6 Bxc6 dxc6 dxe5 Nf5 Qxd8+ Kxd8 Nc3 Bd7 h3 h6 b3 Kc8 Bb2 b6 Rad1
10	e4 e5 Nf3 Nc6 Bb5 Nf6 O-O Nxe4 d4 Nd6 Bxc6 dxc6 dxe5 Nf5 Qxd8+ Kxd8 Nc3 Bd7 h3 h6 b3 c5
12	e4 e5 Nf3 Nc6 Bb5 Nf6 O-O Nxe4 d4 Nd6 Bxc6 dxc6 dxe5 Nf5 Qxd8+ Kxd8 Nc3 Be6
8	e4 e5 Nf3 Nc6 Bb5 Nf6 O-O Nxe4 d4 Nd6 Bxc6 dxc6 dxe5 Nf5 Qxd8+ Kxd8 Nc3 Be7 Rd1+ Ke8
10	e4 e5 Nf3 Nc6 Bb5 Nf6 O-O Nxe4 d4 Nd6 Bxc6 dxc6 dxe5 Nf5 Qxd8+ Kxd8 Nc3 Ke8 Bf4
8	e4 e5 Nf3 Nc6 Bb5 Nf6 O-O Nxe4 d4 Nd6 Bxc6 dxc6 dxe5 Nf5 Qxd8+ Kxd8 Nc3 Ke8 Ne2 b6
8	e4 e5 Nf3 Nc6 Bb5 Nf6 O-O Nxe4 d4 Nd6 Bxc6 dxc6 dxe5 Nf5 Qxd8+ Kxd8 Nc3 Ke8 Ne4
10	e4 e5 Nf3 Nc6 Bb5 Nf6 O-O Nxe4 d4 Nd6 Bxc6 dxc6 dxe5 Nf5 Qxd8+ Kxd8 Nc3 Ke8 Rd1
11	e4 e5 Nf3 Nc6 Bb5 Nf6 O-O Nxe4 d4 Nd6 Bxc6 dxc6 dxe5 Nf5 Qxd8+ Kxd8 Nc3 Ke8 h3 Be6
8	e4 e5 Nf3 Nc6 Bb5 Nf6 O-O Nxe4 d4 Nd6 Bxc6 dxc6 dxe5 Nf5 Qxd8+ Kxd8 Nc3 Ke8 h3 Be7 Bg5 Bxg5 Nxg5 h6
12	e4 e5 Nf3 Nc6 Bb5 Nf6 O-O Nxe4 d4 Nd6 Bxc6 dxc6 dxe5 Nf5 Qxd8+ Kxd8 Nc3 Ke8 h3 Be7 g4 Nh4 Nxh4 Bxh4
10	e4 e5 Nf3 Nc6 Bb5 Nf6 O-O Nxe4 d4 Nd6 Bxc6 dxc6 dxe5 Nf5 Qxd8+ Kxd8 Nc3 Ke8 h3 Ne7
10	e4 e5 Nf3 Nc6 Bb5 Nf6 O-O Nxe4 d4 Nd6 Bxc6 dxc6 dxe5 Nf5 Qxd8+ Kxd8 Nc3 Ke8 h3 a5
17	e4 e5 Nf3 Nc6 Bb5 Nf6 O-O Nxe4 d4 Nd6 Bxc6 dxc6 dxe5 Nf5 Qxd8+ Kxd8 Nc3 Ke8 h3 b6
8	e4 e5 Nf3 Nc6 Bb5 Nf6 O-O Nxe4 d4 Nd6 Bxc6 dxc6 dxe5 Nf5 Qxd8+ Kxd8 Nc3 Ke8 h3 h5 Bf4 Be7 Rad1 Be6 Ng5 Rh6 Rfe1
8	e4 e5 Nf3 Nc6 Bb5 Nf6 O-O Nxe4 d4 Nd6 Bxc6 dxc6 dxe5 Nf5 Qxd8+ Kxd8 Nc3 Ke8 h3 h5 Bf4 Be7 Rad1 Be6 Ng5 Rh6 g3 Bxg5 Bxg5 Rg6 Bf4 Nh4
8	e4 e5 Nf3 Nc6 Bb5 Nf6 O-O Nxe4 d4 Nd6 Bxc6 dxc6 dxe5 Nf5 Qxd8+ Kxd8 Nc3 Ke8 h3 h5 Bf4 Be7 Rad1 Be6 Ng5 Rh6 g3 Bxg5 Bxg5 Rg6 h4 f6 exf6 gxf6 Bf4 Nxh4 f3
11	e4 e5 Nf3 Nc6 Bb5 Nf6 O-O Nxe4 d4 Nd6 Bxc6 dxc6 dxe5 Nf5 Qxd8+ Kxd8 Nc3 Ke8 h3 h5 Bf4 Be7 Rad1 Nh4
8	e4 e5 Nf3 Nc6 Bb5 Nf6 O-O Nxe4 d4 Nd6 Bxc6 dxc6 dxe5 Nf5 Qxd8+ Kxd8 Nc3 Ke8 h3 h5 Bg5 Be6 Rad1
12	e4 e5 Nf3 Nc6 Bb5 Nf6 O-O Nxe4 d4 Nd6 Bxc6 dxc6 dxe5 Nf5 Qxd8+ Kxd8 Nc3 Ke8 h3 h5 Ne2 Be7
12	e4 e5 Nf3 Nc6 Bb5 Nf6 O-O Nxe4 d4 Nd6 Bxc6 dxc6 dxe5 Nf5 Qxd8+ Kxd8 Nc3 Ke8 h3 h5 Ne2 b6
8	e4 e5 Nf3 Nc6 Bb5 Nf6 O-O Nxe4 d4 Nd6 Bxc6 dxc6 dxe5 Nf5 Qxd8+ Kxd8 Nc3 Ke8 h3 h5 Rd1 Be7 Ne2
10	e4 e5 Nf3 Nc6 Bb5 Nf6 O-O Nxe4 d4 Nd6 Bxc6 dxc6 dxe5 Nf5 Qxd8+ Kxd8 Nc3 Ne7 Ne4 Ng6
17	e4 e5 Nf3 Nc6 Bb5 Nf6 O-O Nxe4 d4 Nd6 Bxc6 dxc6 dxe5 Nf5 Qxd8+ Kxd8 Nc3 Ne7 h3 Ng6 Bg5+ Ke8 Rad1 Bd7
11	e4 e5 Nf3 Nc6 Bb5 Nf6 O-O Nxe4 d4 Nd6 Bxc6 dxc6 dxe5 Nf5 Qxd8+ Kxd8 Nc3 Ne7 h3 Ng6 Ne4 h6 b3
12	e4 e5 Nf3 Nc6 Bb5 Nf6 O-O Nxe4 d4 Nd6 Bxc6 dxc6 dxe5 Nf5 Qxd8+ Kxd8 Nc3 Ne7 h3 h6 Be3
8	e4 e5 Nf3 Nc6 Bb5 Nf6 O-O Nxe4 d4 Nd6 Bxc6 dxc6 dxe5 Nf5 Qxd8+ Kxd8 Nc3 h6 Rd1+ Ke8 h3
8	e4 e5 Nf3 Nc6 Bb5 Nf6 O-O Nxe4 d4 Nd6 Bxc6 dxc6 dxe5 Nf5 Qxd8+ Kxd8 Nc3 h6 b3 Be6
9	e4 e5 Nf3 Nc6 Bb5 Nf6 O-O Nxe4 d4 Nd6 Bxc6 dxc6 dxe5 Nf5 Qxd8+ Kxd8 Nc3 h6 h3 Bd7 b3 Kc8 Bb2 b6 Rad1
9	e4 e5 Nf3 Nc6 Bb5 Nf6 O-O Nxe4 d4 Nd6 Bxc6 dxc6 dxe5 Nf5 Qxd8+ Kxd8 Nc3 h6 h3 Ne7
9	e4 e5 Nf3 Nc6 Bb5 Nf6 O-O Nxe4 d4 Nd6 Bxc6 dxc6 dxe5 Nf5 Qxd8+ Kxd8 Rd1+ Ke8 Nc3 Be6
25	e4 e5 Nf3 Nc6 Bb5 Nf6 O-O Nxe4 d4 Nd6 Bxc6 dxc6 dxe5 Nf5 Qxd8+ Kxd8 Rd1+ Ke8 Nc3 Be7
8	e4 e5 Nf3 Nc6 Bb5 Nf6 O-O Nxe4 d4 Nd6 Bxc6 dxc6 dxe5 Nf5 Qxd8+ Kxd8 Rd1+ Ke8 Nc3 Ne7 h3 Ng6 b3 Be7
9	e4 e5 Nf3 Nc6 Bb5 Nf6 O-O Nxe4 d4 Nd6 Bxc6 dxc6 dxe5 Nf5 Qxd8+ Kxd8 Rd1+ Ke8 h3
9	e4 e5 Nf3 Nc6 Bb5 Nf6 O-O Nxe4 d4 Nd6 Bxc6 dxc6 dxe5 Nf5 Qxd8+ Kxd8 h3 Bd7 Nc3 h6
11	e4 e5 Nf3 Nc6 Bb5 Nf6 O-O Nxe4 d4 Nd6 Bxc6 dxc6 dxe5 Nf5 Qxd8+ Kxd8 h3 Bd7 Rd1 Be7 Nc3
9	e4 e5 Nf3 Nc6 Bb5 Nf6 O-O Nxe4 d4 Nd6 Bxc6 dxc6 dxe5 Nf5 Qxd8+ Kxd8 h3 Bd7 Rd1 Be7 g4 Nh4 Nxh4 Bxh4 Nd2 Kc8 Nf3 Be7 Bg5 Bc5 Rd3
20	e4 e5 Nf3 Nc6 Bb5 Nf6 O-O Nxe4 d4 Nd6 Bxc6 dxc6 dxe5 Nf5 Qxd8+ Kxd8 h3 Bd7 Rd1 Kc8 g4 Ne7 Ng5 Be8 f4
9	e4 e5 Nf3 Nc6 Bb5 Nf6 O-O Nxe4 d4 Nd6 Bxc6 dxc6 dxe5 Nf5 Qxd8+ Kxd8 h3 Be7 Nc3 Nh4 Nxh4 Bxh4 Be3 h5 Rad1+ Ke8 Ne2
8	e4 e5 Nf3 Nc6 Bb5 Nf6 O-O Nxe4 d4 Nd6 Bxc6 dxc6 dxe5 Nf5 Qxd8+ Kxd8 h3 Be7 Nc3 Nh4 Nxh4 Bxh4 Re1
8	e4 e5 Nf3 Nc6 Bb5 Nf6 O-O Nxe4 d4 Nd6 Bxc6 dxc6 dxe5 Nf5 Qxd8+ Kxd8 h3 Ke8 Nc3 Be6
9	e4 e5 Nf3 Nc6 Bb5 Nf6 O-O Nxe4 d4 Nd6 Bxc6 dxc6 dxe5 Nf5 Qxd8+ Kxd8 h3 Ke8 Nc3 b6
11	e4 e5 Nf3 Nc6 Bb5 Nf6 O-O Nxe4 d4 Nd6 Bxc6 dxc6 dxe5 Nf5 Qxd8+ Kxd8 h3 Ke8 Nc3 h5 Bf4 Be7 Rad1 Be6 Ng5 Rh6 Rfe1 Bb4 a3 Bxc3 bxc3 h4
14	e4 e5 Nf3 Nc6 Bb5 Nf6 O-O Nxe4 d4 Nd6 Bxc6 dxc6 dxe5 Nf5 Qxd8+ Kxd8 h3 Ke8 Nc3 h5 Bf4 Be7 Rad1 Be6 Ng5 Rh6 Rfe1 Bb4 g4 hxg4 hxg4 Ne7
8	e4 e5 Nf3 Nc6 Bb5 Nf6 O-O Nxe4 d4 Nd6 Bxc6 dxc6 dxe5 Nf5 Qxd8+ Kxd8 h3 Ke8 Nc3 h5 Bf4 Be7 Rad1 Be6 Ng5 Rh6 g3 Bxg5 Bxg5 Rg6
9	e4 e5 Nf3 Nc6 Bb5 Nf6 O-O Nxe4 d4 Nd6 Bxc6 dxc6 dxe5 Nf5 Qxd8+ Kxd8 h3 Ke8 Nc3 h5 Bg5
9	e4 e5 Nf3 Nc6 Bb5 Nf6 O-O Nxe4 d4 Nd6 Bxc6 dxc6 dxe5 Nf5 Qxd8+ Kxd8 h3 Ke8 Nc3 h5 Ne2 Be7
11	e4 e5 Nf3 Nc6 Bb5 Nf6 O-O Nxe4 d4 Nd6 Bxc6 dxc6 dxe5 Nf5 Qxd8+ Kxd8 h3 Ke8 Nc3 h5 Ne2 b6 Rd1
13	e4 e5 Nf3 Nc6 Bb5 Nf6 O-O Nxe4 d4 Nd6 Bxc6 dxc6 dxe5 Nf5 Qxd8+ Kxd8 h3 Ke8 Nc3 h5 Rd1 Be7 Ne2
8	e4 e5 Nf3 Nc6 Bb5 Nf6 O-O Nxe4 d4 Nd6 Bxc6 dxc6 dxe5 Nf5 Qxd8+ Kxd8 h3 Ne7 Nc3
8	e4 e5 Nf3 Nc6 Bb5 Nf6 O-O Nxe4 d4 Nd6 Bxc6 dxc6 dxe5 Nf5 Qxd8+ Kxd8 h3 Ne7 Rd1+ Ke8 Nc3 Ng6
8	e4 e5 Nf3 Nc6 Bb5 Nf6 O-O Nxe4 d4 Nd6 Bxc6 dxc6 dxe5 Nf5 Qxd8+ Kxd8 h3 h5 Nc3 Ke8
9	e4 e5 Nf3 Nc6 Bb5 Nf6 O-O Nxe4 d4 Nd6 Bxc6 dxc6 dxe5 Nf5 Qxd8+ Kxd8 h3 h6 Nc3 Bd7 b3 Kc8 Bb2 b6 Rad1
8	e4 e5 Nf3 Nc6 Bb5 Nf6 O-O Nxe4 d4 Nd6 Bxc6 dxc6 dxe5 Nf5 Qxd8+ Kxd8 h3 h6 Rd1+ Ke8 Nc3 Ne7 Bf4
10	e4 e5 Nf3 Nc6 Bb5 Nf6 O-O Nxe4 d4 Nd6 dxe5 Nxb5 a4 Nbd4 Nxd4 Nxd4 Qxd4 d5 Qd3 c6 a5
12	e4 e5 Nf3 Nc6 Bb5 Nf6 O-O Nxe4 d4 Nd6 dxe5 Nxb5 a4 Nbd4 Nxd4 Nxd4 Qxd4 d5 exd6 Qxd6 Qe3+
8	e4 e5 Nf3 Nc6 Bb5 Nf6 O-O Nxe4 d4 Nd6 dxe5 Nxb5 a4 Nbd4 Nxd4 Nxd4 Qxd4 d5 exd6 Qxd6 Qe4+ Qe6 Qd4 Qd6 Qe4+
9	e4 e5 Nf3 Nc6 Bb5 Nf6 O-O Nxe4 d4 Nd6 dxe5 Nxb5 a4 Nbd4 Nxd4 d5 Nxc6 bxc6 Qd3
8	e4 e5 Nf3 Nc6 Bb5 Nf6 O-O Nxe4 d4 Nd6 dxe5 Nxb5 a4 Nbd4 Nxd4 d5 c3
13	e4 e5 Nf3 Nc6 Bb5 Nf6 O-O Nxe4 d4 Nd6 dxe5 Nxb5 a4 Nbd4 Nxd4 d5 exd6 Nxd4 Qxd4 Qxd6 Qe4+ Qe6 Qd4 Qd6
10	e4 e5 Nf3 Nc6 Bb5 Nf6 O-O Nxe4 d4 Nd6 dxe5 Nxb5 a4 Nbd4 Nxd4 d6
10	e4 e5 Nf3 Nc6 Bb5 Nf6 O-O Nxe4 d4 Nd6 dxe5 Nxb5 a4 d6 e6
8	e4 e5 Nf3 Nc6 Bb5 Nf6 O-O Nxe4 d4 a6
9	e4 e5 Nf3 Nc6 Bb5 Nf6 O-O d6
11	e4 e5 Nf3 Nc6 Bb5 Nf6 Qe2 Bc5 c3 O-O d3 Re8
10	e4 e5 Nf3 Nc6 Bb5 Nf6 Qe2 Bd6
10	e4 e5 Nf3 Nc6 Bb5 Nf6 Qe2 a6 Ba4
11	e4 e5 Nf3 Nc6 Bb5 Nf6 d3 Bc5 Ba4 O-O O-O d6 c3 Ne7
8	e4 e5 Nf3 Nc6 Bb5 Nf6 d3 Bc5 Ba4 d6
8	e4 e5 Nf3 Nc6 Bb5 Nf6 d3 Bc5 Bg5 h6 Bh4 Be7
9	e4 e5 Nf3 Nc6 Bb5 Nf6 d3 Bc5 Bg5 h6 Bh4 d6
13	e4 e5 Nf3 Nc6 Bb5 Nf6 d3 Bc5 Bxc6 dxc6 Be3 Bd6 h3
8	e4 e5 Nf3 Nc6 Bb5 Nf6 d3 Bc5 Bxc6 dxc6 Be3 Bxe3 fxe3
15	e4 e5 Nf3 Nc6 Bb5 Nf6 d3 Bc5 Bxc6 dxc6 Bg5
8	e4 e5 Nf3 Nc6 Bb5 Nf6 d3 Bc5 Bxc6 dxc6 Nbd2 Be6 Nb3 Bb6 O-O
9	e4 e5 Nf3 Nc6 Bb5 Nf6 d3 Bc5 Bxc6 dxc6 Nbd2 Be6 Nb3 Bd6 Na5
8	e4 e5 Nf3 Nc6 Bb5 Nf6 d3 Bc5 Bxc6 dxc6 Nbd2 Be6 O-O Bd6 Nb3 b6
11	e4 e5 Nf3 Nc6 Bb5 Nf6 d3 Bc5 Bxc6 dxc6 Nbd2 Be6 O-O Bd6 b3 Nd7 Nc4
12	e4 e5 Nf3 Nc6 Bb5 Nf6 d3 Bc5 Bxc6 dxc6 Nbd2 Be6 O-O Bd6 b3 O-O
9	e4 e5 Nf3 Nc6 Bb5 Nf6 d3 Bc5 Bxc6 dxc6 Nbd2 Be6 O-O Bd6 d4 Nd7 dxe5 Nxe5 Nxe5 Bxe5 f4 Bd4+ Kh1 f5
10	e4 e5 Nf3 Nc6 Bb5 Nf6 d3 Bc5 Bxc6 dxc6 Nbd2 Be6 O-O Nd7 Nb3 Bb6 Ng5 Bxb3 axb3 Qe7
8	e4 e5 Nf3 Nc6 Bb5 Nf6 d3 Bc5 Bxc6 dxc6 Nbd2 Be6 O-O Nd7 Nb3 Bb6 Ng5 Bxb3 axb3 f6 Nf3 Nc5 Nd2
10	e4 e5 Nf3 Nc6 Bb5 Nf6 d3 Bc5 Bxc6 dxc6 Nbd2 Be6 O-O Nd7 Nb3 Be7 d4
11	e4 e5 Nf3 Nc6 Bb5 Nf6 d3 Bc5 Bxc6 dxc6 Nbd2 Be6 O-O Qd6
8	e4 e5 Nf3 Nc6 Bb5 Nf6 d3 Bc5 Bxc6 dxc6 Nbd2 Be6 Qe2 Nd7 Nb3 Bb6 Ng5
13	e4 e5 Nf3 Nc6 Bb5 Nf6 d3 Bc5 Bxc6 dxc6 Nbd2 Bg4 h3 Bh5
14	e4 e5 Nf3 Nc6 Bb5 Nf6 d3 Bc5 Bxc6 dxc6 Nbd2 Nd7 Nc4 O-O
8	e4 e5 Nf3 Nc6 Bb5 Nf6 d3 Bc5 Bxc6 dxc6 Nbd2 Nd7 Nc4 f6 O-O O-O
13	e4 e5 Nf3 Nc6 Bb5 Nf6 d3 Bc5 Bxc6 dxc6 Nbd2 Nd7 Nc4 f6 c3
12	e4 e5 Nf3 Nc6 Bb5 Nf6 d3 Bc5 Bxc6 dxc6 Nbd2 Nd7 O-O O-O Nc4 Re8
12	e4 e5 Nf3 Nc6 Bb5 Nf6 d3 Bc5 Bxc6 dxc6 Nbd2 Nd7 O-O O-O Nc4 f6
13	e4 e5 Nf3 Nc6 Bb5 Nf6 d3 Bc5 Bxc6 dxc6 Nbd2 O-O Nc4 Nd7 O-O Re8
11	e4 e5 Nf3 Nc6 Bb5 Nf6 d3 Bc5 Bxc6 dxc6 Nbd2 O-O O-O Re8 Nc4 Nd7
8	e4 e5 Nf3 Nc6 Bb5 Nf6 d3 Bc5 Bxc6 dxc6 Nbd2 O-O Qe2 Nd7 Nc4
9	e4 e5 Nf3 Nc6 Bb5 Nf6 d3 Bc5 Bxc6 dxc6 Nbd2 O-O Qe2 Re8 Nc4 Nd7 Bd2
8	e4 e5 Nf3 Nc6 Bb5 Nf6 d3 Bc5 Bxc6 dxc6 Nc3 O-O
9	e4 e5 Nf3 Nc6 Bb5 Nf6 d3 Bc5 Bxc6 dxc6 Nc3 Qe7 h3
15	e4 e5 Nf3 Nc6 Bb5 Nf6 d3 Bc5 Bxc6 dxc6 O-O Bd6 Bg5 h6 Bh4
8	e4 e5 Nf3 Nc6 Bb5 Nf6 d3 Bc5 Bxc6 dxc6 O-O Bd6 Nbd2 Be6 b3
11	e4 e5 Nf3 Nc6 Bb5 Nf6 d3 Bc5 Bxc6 dxc6 O-O Bg4 h3 Bh5
9	e4 e5 Nf3 Nc6 Bb5 Nf6 d3 Bc5 Bxc6 dxc6 O-O Nd7 Be3
8	e4 e5 Nf3 Nc6 Bb5 Nf6 d3 Bc5 Bxc6 dxc6 O-O Nd7 Nbd2 O-O Nc4 Re8 a4 a5
9	e4 e5 Nf3 Nc6 Bb5 Nf6 d3 Bc5 Bxc6 dxc6 O-O Nd7 c3 O-O d4 Bd6 Bg5 Qe8
8	e4 e5 Nf3 Nc6 Bb5 Nf6 d3 Bc5 Bxc6 dxc6 O-O Nd7 c3 O-O d4 Bd6 Bg5 f6 Bh4 Qe8 Nbd2
8	e4 e5 Nf3 Nc6 Bb5 Nf6 d3 Bc5 Bxc6 dxc6 O-O Nd7 c3 h6 d4
9	e4 e5 Nf3 Nc6 Bb5 Nf6 d3 Bc5 Bxc6 dxc6 O-O Qd6
10	e4 e5 Nf3 Nc6 Bb5 Nf6 d3 Bc5 Bxc6 dxc6 O-O Qe7 Nbd2 Bg4 h3 Bh5 a3
9	e4 e5 Nf3 Nc6 Bb5 Nf6 d3 Bc5 Bxc6 dxc6 Qe2 Nd7 Be3
15	e4 e5 Nf3 Nc6 Bb5 Nf6 d3 Bc5 Bxc6 dxc6 Qe2 Qe7
10	e4 e5 Nf3 Nc6 Bb5 Nf6 d3 Bc5 Bxc6 dxc6 h3 Bd6
11	e4 e5 Nf3 Nc6 Bb5 Nf6 d3 Bc5 Bxc6 dxc6 h3 Be6
8	e4 e5 Nf3 Nc6 Bb5 Nf6 d3 Bc5 Bxc6 dxc6 h3 Nd7 Be3
10	e4 e5 Nf3 Nc6 Bb5 Nf6 d3 Bc5 Bxc6 dxc6 h3 O-O
14	e4 e5 Nf3 Nc6 Bb5 Nf6 d3 Bc5 Nbd2 Nd4 Nxd4 Bxd4 c3 Bb6 d4 c6 dxe5 cxb5 exf6 Qxf6 O-O O-O
8	e4 e5 Nf3 Nc6 Bb5 Nf6 d3 Bc5 Nbd2 O-O Bxc6 dxc6 Nc4
8	e4 e5 Nf3 Nc6 Bb5 Nf6 d3 Bc5 Nbd2 O-O Nb3
11	e4 e5 Nf3 Nc6 Bb5 Nf6 d3 Bc5 Nbd2 O-O O-O
8	e4 e5 Nf3 Nc6 Bb5 Nf6 d3 Bc5 Nbd2 d6 O-O O-O c3
8	e4 e5 Nf3 Nc6 Bb5 Nf6 d3 Bc5 Nbd2 d6 c3 O-O O-O Ne7 d4 exd4 cxd4 Bb6
9	e4 e5 Nf3 Nc6 Bb5 Nf6 d3 Bc5 Nbd2 d6 c3 O-O O-O a6
19	e4 e5 Nf3 Nc6 Bb5 Nf6 d3 Bc5 Nc3 O-O Bxc6 dxc6
8	e4 e5 Nf3 Nc6 Bb5 Nf6 d3 Bc5 Nc3 d6 Na4 Bb6 c3
8	e4 e5 Nf3 Nc6 Bb5 Nf6 d3 Bc5 O-O Nd4 Be3 Nxf3+ Qxf3 Bxe3 Qxe3 c6
11	e4 e5 Nf3 Nc6 Bb5 Nf6 d3 Bc5 O-O Nd4 Nxd4 Bxd4 Ba4
13	e4 e5 Nf3 Nc6 Bb5 Nf6 d3 Bc5 O-O Nd4 Nxd4 Bxd4 Nd2 c6 Ba4 d6 c3 Bb6
8	e4 e5 Nf3 Nc6 Bb5 Nf6 d3 Bc5 O-O Nd4 Nxd4 Bxd4 c3 Bb6 Ba4 O-O Bg5 h6 Bh4
9	e4 e5 Nf3 Nc6 Bb5 Nf6 d3 Bc5 O-O Nd4 Nxd4 Bxd4 c3 Bb6 Ba4 c6 Na3 d6
15	e4 e5 Nf3 Nc6 Bb5 Nf6 d3 Bc5 O-O Nd4 Nxd4 Bxd4 c3 Bb6 Na3 c6 Ba4 d6
12	e4 e5 Nf3 Nc6 Bb5 Nf6 d3 Bc5 O-O d6 Nc3
8	e4 e5 Nf3 Nc6 Bb5 Nf6 d3 Bc5 O-O d6 c3 O-O Nbd2 a6
15	e4 e5 Nf3 Nc6 Bb5 Nf6 d3 Bc5 O-O d6 c3 O-O h3
8	e4 e5 Nf3 Nc6 Bb5 Nf6 d3 Bc5 c3 O-O Bg5 h6 Bh4 Be7 O-O d6
10	e4 e5 Nf3 Nc6 Bb5 Nf6 d3 Bc5 c3 O-O Bxc6 bxc6 Nxe5 d5 d4 Bb6 O-O
12	e4 e5 Nf3 Nc6 Bb5 Nf6 d3 Bc5 c3 O-O Nbd2 d6
8	e4 e5 Nf3 Nc6 Bb5 Nf6 d3 Bc5 c3 O-O O-O Re8 Bg5 a6 Ba4 h6 Bh4
8	e4 e5 Nf3 Nc6 Bb5 Nf6 d3 Bc5 c3 O-O O-O Re8 Bg5 h6 Bh4 Be7
14	e4 e5 Nf3 Nc6 Bb5 Nf6 d3 Bc5 c3 O-O O-O Re8 Bg5 h6 Bh4 a6
8	e4 e5 Nf3 Nc6 Bb5 Nf6 d3 Bc5 c3 O-O O-O Re8 Nbd2 a6 Ba4 b5 Bb3
8	e4 e5 Nf3 Nc6 Bb5 Nf6 d3 Bc5 c3 O-O O-O Re8 Nbd2 a6 Bxc6 dxc6 Nc4 Nd7
8	e4 e5 Nf3 Nc6 Bb5 Nf6 d3 Bc5 c3 O-O O-O Re8 Re1 a6 Ba4 d5
8	e4 e5 Nf3 Nc6 Bb5 Nf6 d3 Bc5 c3 O-O O-O Re8 b4 Bb6
8	e4 e5 Nf3 Nc6 Bb5 Nf6 d3 Bc5 c3 O-O O-O d5 Nbd2 dxe4 dxe4 a5 Qc2 Qe7
12	e4 e5 Nf3 Nc6 Bb5 Nf6 d3 Bc5 c3 O-O O-O d5 exd5 Qxd5 Bc4 Qd8 Nbd2
8	e4 e5 Nf3 Nc6 Bb5 Nf6 d3 Bc5 c3 O-O O-O d5 exd5 Qxd5 Bc4 Qd8 b4 Bd6
11	e4 e5 Nf3 Nc6 Bb5 Nf6 d3 Bc5 c3 O-O O-O d6 Bg5 h6 Bh4 g5 Bg3 Nh5 Nbd2 Qf6
10	e4 e5 Nf3 Nc6 Bb5 Nf6 d3 Bc5 c3 O-O O-O d6 Nbd2 Bb6 Nc4 Ne7 Ba4 Ng6
12	e4 e5 Nf3 Nc6 Bb5 Nf6 d3 Bc5 c3 O-O O-O d6 Nbd2 Ne7 d4 exd4 cxd4 Bb6 Re1 Bg4 h3 Bh5
10	e4 e5 Nf3 Nc6 Bb5 Nf6 d3 Bc5 c3 O-O O-O d6 Nbd2 a6 Ba4 Ba7 h3 Ne7 Re1 Ng6
8	e4 e5 Nf3 Nc6 Bb5 Nf6 d3 Bc5 c3 O-O O-O d6 Nbd2 a6 Bxc6 bxc6 d4 exd4 cxd4 Bb6 Qc2 Re8
13	e4 e5 Nf3 Nc6 Bb5 Nf6 d3 Bc5 c3 O-O O-O d6 Re1
8	e4 e5 Nf3 Nc6 Bb5 Nf6 d3 Bc5 c3 O-O O-O d6 h3 Ne7 d4 Bb6 Bd3 Ng6 Re1
16	e4 e5 Nf3 Nc6 Bb5 Nf6 d3 Bc5 c3 O-O O-O d6 h3 Ne7 d4 Bb6 Re1 Ng6
10	e4 e5 Nf3 Nc6 Bb5 Nf6 d3 Bc5 c3 O-O O-O d6 h3 Ne7 d4 Bb6 Re1 d5 Nxe5 Nxe4 Nd2 Nd6
10	e4 e5 Nf3 Nc6 Bb5 Nf6 d3 Bc5 c3 O-O O-O d6 h3 a6 Bxc6 bxc6
9	e4 e5 Nf3 Nc6 Bb5 Nf6 d3 Bc5 c3 d5 Nbd2 O-O O-O dxe4 dxe4
8	e4 e5 Nf3 Nc6 Bb5 Nf6 d3 Bc5 c3 d5 Nbd2 dxe4 dxe4 O-O O-O Qe7
16	e4 e5 Nf3 Nc6 Bb5 Nf6 d3 Bc5 c3 d5 Nbd2 dxe4 dxe4 O-O O-O a5
8	e4 e5 Nf3 Nc6 Bb5 Nf6 d3 Bc5 c3 d5 exd5 Qxd5 Bc4 Qd6 Nbd2 Bf5
9	e4 e5 Nf3 Nc6 Bb5 Nf6 d3 Bc5 c3 d5 exd5 Qxd5 Bc4 Qd6 Nbd2 O-O b4 Bb6
8	e4 e5 Nf3 Nc6 Bb5 Nf6 d3 Bc5 c3 d5 exd5 Qxd5 Bc4 Qd6 Qe2
11	e4 e5 Nf3 Nc6 Bb5 Nf6 d3 Bc5 c3 d5 exd5 Qxd5 Bc4 Qd6 b4 Bb6 a4
12	e4 e5 Nf3 Nc6 Bb5 Nf6 d3 Bc5 c3 d6
9	e4 e5 Nf3 Nc6 Bb5 Nf6 d3 Bd6
8	e4 e5 Nf3 Nc6 Bb5 Nf6 d3 Ne7 O-O
8	e4 e5 Nf3 Nc6 Bb5 Nf6 d3 d6 O-O Bd7 Re1 Be7 c3 O-O Nbd2
8	e4 e5 Nf3 Nc6 Bb5 Nf6 d3 d6 O-O Bd7 Re1 g6 d4 Bg7 d5 Ne7 Bxd7+
8	e4 e5 Nf3 Nc6 Bb5 Nf6 d3 d6 O-O Bd7 c3 g6 Re1 Bg7 Nbd2 O-O
8	e4 e5 Nf3 Nc6 Bb5 Nf6 d3 d6 O-O Bd7 c4 g6 Nc3 Bg7
8	e4 e5 Nf3 Nc6 Bb5 Nf6 d3 d6 O-O Be7 Re1 O-O c3 a6 Ba4
11	e4 e5 Nf3 Nc6 Bb5 Nf6 d3 d6 O-O Be7 c3 O-O Nbd2
10	e4 e5 Nf3 Nc6 Bb5 Nf6 d3 d6 O-O Be7 c3 O-O Re1 a6 Ba4 Re8 Nbd2 Bf8 Nf1
10	e4 e5 Nf3 Nc6 Bb5 Nf6 d3 d6 O-O a6 Bxc6+ bxc6 Re1
12	e4 e5 Nf3 Nc6 Bb5 Nf6 d3 d6 O-O a6 Bxc6+ bxc6 d4 exd4
9	e4 e5 Nf3 Nc6 Bb5 Nf6 d3 d6 O-O g6 d4
10	e4 e5 Nf3 Nc6 Bb5 Nf6 d3 d6 c3 Bd7 O-O g6
8	e4 e5 Nf3 Nc6 Bb5 Nf6 d3 d6 c3 Be7 O-O O-O Re1 a6 Ba4
8	e4 e5 Nf3 Nc6 Bb5 Nf6 d3 d6 c3 a6 Ba4
9	e4 e5 Nf3 Nc6 Bb5 Nf6 d3 d6 c3 g6 O-O Bg7 Re1 O-O
8	e4 e5 Nf3 Nc6 Bb5 Nf6 d4 exd4 O-O a6
8	e4 e5 Nf3 Nc6 Bb5 Nf6 d4 exd4 e5 Ne4
8	e4 e5 Nf3 Nc6 Bb5 Nge7 Nc3 Ng6 d4 exd4 Nxd4 Nxd4 Qxd4 c6 Be2 Qb6
14	e4 e5 Nf3 Nc6 Bb5 Nge7 Nc3 Ng6 h4
8	e4 e5 Nf3 Nc6 Bb5 Nge7 Nc3 g6 d4 exd4 Nd5 Bg7
11	e4 e5 Nf3 Nc6 Bb5 Nge7 O-O Ng6 c3
8	e4 e5 Nf3 Nc6 Bb5 Nge7 O-O g6 c3 a6 Ba4 Bg7 d4
10	e4 e5 Nf3 Nc6 Bb5 Nge7 c3
8	e4 e5 Nf3 Nc6 Bb5 a6 Ba4 Bc5 O-O Nge7 Nxe5 Nxe5 d4 b5 Bb3 Bxd4 Qxd4 d6
9	e4 e5 Nf3 Nc6 Bb5 a6 Ba4 Bc5 O-O Nge7 c3 Ng6 d4 Ba7
9	e4 e5 Nf3 Nc6 Bb5 a6 Ba4 Bc5 c3 Nge7 O-O Ng6 d4 Ba7 Bg5 f6 Be3 O-O
8	e4 e5 Nf3 Nc6 Bb5 a6 Ba4 Bc5 c3 Nge7 d4 exd4 cxd4 Bb4+ Bd2 Bxd2+ Nbxd2 d5
13	e4 e5 Nf3 Nc6 Bb5 a6 Ba4 Bc5 c3 Nge7 d4 exd4 cxd4 Bb4+ Bd2 Bxd2+ Qxd2 d5 exd5
10	e4 e5 Nf3 Nc6 Bb5 a6 Ba4 Bc5 c3 Nge7 d4 exd4 cxd4 Bb4+ Nc3 d5
9	e4 e5 Nf3 Nc6 Bb5 a6 Ba4 Nf6 Bxc6 dxc6 d3 Bd6
12	e4 e5 Nf3 Nc6 Bb5 a6 Ba4 Nf6 Nc3 Bc5 Bxc6 dxc6 d3
10	e4 e5 Nf3 Nc6 Bb5 a6 Ba4 Nf6 Nc3 Bc5 O-O O-O
8	e4 e5 Nf3 Nc6 Bb5 a6 Ba4 Nf6 Nc3 Bc5 O-O b5 Bb3 O-O
14	e4 e5 Nf3 Nc6 Bb5 a6 Ba4 Nf6 Nc3 Bc5 d3 d6
19	e4 e5 Nf3 Nc6 Bb5 a6 Ba4 Nf6 Nc3 Be7 Bxc6 dxc6
9	e4 e5 Nf3 Nc6 Bb5 a6 Ba4 Nf6 Nc3 Be7 O-O b5 Bb3 d6
8	e4 e5 Nf3 Nc6 Bb5 a6 Ba4 Nf6 Nc3 Be7 d3 d6
11	e4 e5 Nf3 Nc6 Bb5 a6 Ba4 Nf6 Nc3 b5 Bb3 Bc5 Nd5
8	e4 e5 Nf3 Nc6 Bb5 a6 Ba4 Nf6 Nc3 b5 Bb3 Bc5 O-O
9	e4 e5 Nf3 Nc6 Bb5 a6 Ba4 Nf6 Nc3 b5 Bb3 Be7 d3
8	e4 e5 Nf3 Nc6 Bb5 a6 Ba4 Nf6 Nc3 d6
9	e4 e5 Nf3 Nc6 Bb5 a6 Ba4 Nf6 O-O Bc5 Bxc6 dxc6 d3 Qe7 Nbd2
9	e4 e5 Nf3 Nc6 Bb5 a6 Ba4 Nf6 O-O Bc5 c3 O-O d4 Ba7 Bg5 h6 Bh4 exd4
8	e4 e5 Nf3 Nc6 Bb5 a6 Ba4 Nf6 O-O Bc5 c3 O-O d4 Ba7 Re1 b5 Bc2 d6 h3
8	e4 e5 Nf3 Nc6 Bb5 a6 Ba4 Nf6 O-O Bc5 c3 O-O d4 Ba7 dxe5 Nxe4 Qd5 Nc5 Bc2 Ne7 Qd1 d5 exd6 Qxd6 Qxd6 cxd6
10	e4 e5 Nf3 Nc6 Bb5 a6 Ba4 Nf6 O-O Bc5 c3 b5 Bb3 d6 a4 Bb7 d3 h6
12	e4 e5 Nf3 Nc6 Bb5 a6 Ba4 Nf6 O-O Bc5 c3 b5 Bb3 d6 a4 Bb7 d4 Bb6
8	e4 e5 Nf3 Nc6 Bb5 a6 Ba4 Nf6 O-O Bc5 c3 b5 Bb3 d6 a4 Bg4 axb5 axb5 Rxa8 Qxa8 h3
9	e4 e5 Nf3 Nc6 Bb5 a6 Ba4 Nf6 O-O Bc5 c3 b5 Bb3 d6 a4 Bg4 h3 Bxf3 Qxf3
8	e4 e5 Nf3 Nc6 Bb5 a6 Ba4 Nf6 O-O Bc5 c3 b5 Bb3 d6 a4 Rb8
8	e4 e5 Nf3 Nc6 Bb5 a6 Ba4 Nf6 O-O Bc5 c3 b5 Bb3 d6 d4 Bb6 Be3 O-O Nbd2 Re8
10	e4 e5 Nf3 Nc6 Bb5 a6 Ba4 Nf6 O-O Bc5 c3 b5 Bb3 d6 d4 Bb6 Be3 O-O Nbd2 h6 h3
10	e4 e5 Nf3 Nc6 Bb5 a6 Ba4 Nf6 O-O Bc5 c3 b5 Bb3 d6 d4 Bb6 a4 Bb7
8	e4 e5 Nf3 Nc6 Bb5 a6 Ba4 Nf6 O-O Bc5 c3 b5 Bc2 d5 a4 dxe4 axb5 Bg4 bxc6 exf3 gxf3
12	e4 e5 Nf3 Nc6 Bb5 a6 Ba4 Nf6 O-O Bc5 c3 b5 Bc2 d5 d4 dxe4 Nxe5 Nxe5 dxc5
9	e4 e5 Nf3 Nc6 Bb5 a6 Ba4 Nf6 O-O Bc5 c3 b5 Bc2 d5 d4 dxe4 Nxe5 Nxe5 dxe5 Qxd1 Rxd1 Ng4 Bxe4 Nxf2 Bc6+ Ke7 Rd5 Bb6
9	e4 e5 Nf3 Nc6 Bb5 a6 Ba4 Nf6 O-O Bc5 c3 b5 Bc2 d5 exd5 Qxd5
10	e4 e5 Nf3 Nc6 Bb5 a6 Ba4 Nf6 O-O Bc5 c3 b5 Bc2 d6 a4 Bg4
11	e4 e5 Nf3 Nc6 Bb5 a6 Ba4 Nf6 O-O Bc5 d3 b5 Bb3 d6
9	e4 e5 Nf3 Nc6 Bb5 a6 Ba4 Nf6 O-O Bc5 d3 d6
11	e4 e5 Nf3 Nc6 Bb5 a6 Ba4 Nf6 O-O Be7 Bxc6 dxc6 Nc3
9	e4 e5 Nf3 Nc6 Bb5 a6 Ba4 Nf6 O-O Be7 Bxc6 dxc6 Qe1
9	e4 e5 Nf3 Nc6 Bb5 a6 Ba4 Nf6 O-O Be7 Bxc6 dxc6 Re1 Nd7
10	e4 e5 Nf3 Nc6 Bb5 a6 Ba4 Nf6 O-O Be7 Bxc6 dxc6 d3 Bd6 Nbd2 Be6
9	e4 e5 Nf3 Nc6 Bb5 a6 Ba4 Nf6 O-O Be7 Bxc6 dxc6 d3 Nd7 Be3 O-O
8	e4 e5 Nf3 Nc6 Bb5 a6 Ba4 Nf6 O-O Be7 Bxc6 dxc6 d3 Nd7 Nbd2 O-O Nc4 f6 Nh4 Nc5 Nf5 Bxf5 exf5
12	e4 e5 Nf3 Nc6 Bb5 a6 Ba4 Nf6 O-O Be7 Bxc6 dxc6 d3 Nd7 Nc3 O-O
10	e4 e5 Nf3 Nc6 Bb5 a6 Ba4 Nf6 O-O Be7 Bxc6 dxc6 d3 Nd7 b3 O-O Bb2 f6
8	e4 e5 Nf3 Nc6 Bb5 a6 Ba4 Nf6 O-O Be7 Bxc6 dxc6 d3 Qd6 Nbd2 Be6
8	e4 e5 Nf3 Nc6 Bb5 a6 Ba4 Nf6 O-O Be7 Nc3 b5 Bb3 d6
17	e4 e5 Nf3 Nc6 Bb5 a6 Ba4 Nf6 O-O Be7 Qe2 b5 Bb3 O-O c3 d5 d3
10	e4 e5 Nf3 Nc6 Bb5 a6 Ba4 Nf6 O-O Be7 Qe2 b5 Bb3 O-O c3 d6
8	e4 e5 Nf3 Nc6 Bb5 a6 Ba4 Nf6 O-O Be7 Re1 b5 Bb3 O-O a3 Bc5
10	e4 e5 Nf3 Nc6 Bb5 a6 Ba4 Nf6 O-O Be7 Re1 b5 Bb3 O-O a3 d6
17	e4 e5 Nf3 Nc6 Bb5 a6 Ba4 Nf6 O-O Be7 Re1 b5 Bb3 O-O a4 Bb7 d3 Re8
8	e4 e5 Nf3 Nc6 Bb5 a6 Ba4 Nf6 O-O Be7 Re1 b5 Bb3 O-O a4 Bb7 d3 d6 Bd2 Qd7 Nc3 Na5 Ba2
9	e4 e5 Nf3 Nc6 Bb5 a6 Ba4 Nf6 O-O Be7 Re1 b5 Bb3 O-O a4 Bb7 d3 d6 Bd2 Qd7 h3
10	e4 e5 Nf3 Nc6 Bb5 a6 Ba4 Nf6 O-O Be7 Re1 b5 Bb3 O-O a4 Bb7 d3 d6 Bd2 b4
8	e4 e5 Nf3 Nc6 Bb5 a6 Ba4 Nf6 O-O Be7 Re1 b5 Bb3 O-O a4 Bb7 d3 d6 Nbd2 Na5 Ba2 c5 Nf1 b4
8	e4 e5 Nf3 Nc6 Bb5 a6 Ba4 Nf6 O-O Be7 Re1 b5 Bb3 O-O a4 Bb7 d3 d6 Nbd2 Nd7 c3 Nc5 axb5 axb5 Rxa8 Qxa8 Bc2 b4 d4 bxc3 bxc3 Nd7 Nf1
9	e4 e5 Nf3 Nc6 Bb5 a6 Ba4 Nf6 O-O Be7 Re1 b5 Bb3 O-O a4 Bb7 d3 d6 Nc3 Na5 Ba2 b4 Ne2 c5
8	e4 e5 Nf3 Nc6 Bb5 a6 Ba4 Nf6 O-O Be7 Re1 b5 Bb3 O-O a4 Bb7 d3 d6 c3 Na5
13	e4 e5 Nf3 Nc6 Bb5 a6 Ba4 Nf6 O-O Be7 Re1 b5 Bb3 O-O a4 Rb8 axb5 axb5 h3 d6
17	e4 e5 Nf3 Nc6 Bb5 a6 Ba4 Nf6 O-O Be7 Re1 b5 Bb3 O-O a4 b4 a5 d6 c3 Rb8 Bc4
12	e4 e5 Nf3 Nc6 Bb5 a6 Ba4 Nf6 O-O Be7 Re1 b5 Bb3 O-O a4 b4 a5 d6 d3 Be6 Bxe6 fxe6 Nbd2
8	e4 e5 Nf3 Nc6 Bb5 a6 Ba4 Nf6 O-O Be7 Re1 b5 Bb3 O-O a4 b4 d3 d6 Nbd2 Be6
10	e4 e5 Nf3 Nc6 Bb5 a6 Ba4 Nf6 O-O Be7 Re1 b5 Bb3 O-O a4 b4 d3 d6 Nbd2 Na5 Ba2 c5 c3 Rb8
9	e4 e5 Nf3 Nc6 Bb5 a6 Ba4 Nf6 O-O Be7 Re1 b5 Bb3 O-O a4 b4 d3 d6 a5 Be6 Bxe6 fxe6 Nbd2
9	e4 e5 Nf3 Nc6 Bb5 a6 Ba4 Nf6 O-O Be7 Re1 b5 Bb3 O-O a4 b4 d3 d6 a5 Be6 Nbd2 Bxb3 Nxb3
11	e4 e5 Nf3 Nc6 Bb5 a6 Ba4 Nf6 O-O Be7 Re1 b5 Bb3 O-O a4 b4 d3 d6 a5 Be6 Nbd2 Qc8 Nc4
8	e4 e5 Nf3 Nc6 Bb5 a6 Ba4 Nf6 O-O Be7 Re1 b5 Bb3 O-O a4 b4 d3 d6 a5 Be6 Nbd2 Rb8 Bc4 Qc8
9	e4 e5 Nf3 Nc6 Bb5 a6 Ba4 Nf6 O-O Be7 Re1 b5 Bb3 O-O a4 b4 d4 d6 dxe5 Nxe5 Nbd2 Nfd7 Nd4
8	e4 e5 Nf3 Nc6 Bb5 a6 Ba4 Nf6 O-O Be7 Re1 b5 Bb3 O-O a4 b4 d4 d6 dxe5 Nxe5 Nxe5 dxe5 Qe2 Bc5 Be3
9	e4 e5 Nf3 Nc6 Bb5 a6 Ba4 Nf6 O-O Be7 Re1 b5 Bb3 O-O a4 b4 d4 d6 dxe5 Nxe5 Nxe5 dxe5 Qe2 a5
10	e4 e5 Nf3 Nc6 Bb5 a6 Ba4 Nf6 O-O Be7 Re1 b5 Bb3 O-O a4 b4 d4 d6 dxe5 Nxe5 Nxe5 dxe5 Qxd8 Rxd8 Nd2 Bc5 Nf3
10	e4 e5 Nf3 Nc6 Bb5 a6 Ba4 Nf6 O-O Be7 Re1 b5 Bb3 O-O a4 b4 d4 d6 dxe5 dxe5 Nbd2 Bc5 Qe2 Qe7
8	e4 e5 Nf3 Nc6 Bb5 a6 Ba4 Nf6 O-O Be7 Re1 b5 Bb3 O-O a4 b4 d4 d6 dxe5 dxe5 Nbd2 Bc5 a5 h6
12	e4 e5 Nf3 Nc6 Bb5 a6 Ba4 Nf6 O-O Be7 Re1 b5 Bb3 O-O a4 b4 d4 d6 dxe5 dxe5 Qxd8 Rxd8 Nbd2
9	e4 e5 Nf3 Nc6 Bb5 a6 Ba4 Nf6 O-O Be7 Re1 b5 Bb3 O-O c3 d5 d4 exd4 e5 Ne4 cxd4
14	e4 e5 Nf3 Nc6 Bb5 a6 Ba4 Nf6 O-O Be7 Re1 b5 Bb3 O-O c3 d5 exd5 Nxd5 Nxe5 Nxe5 Rxe5 Bb7
8	e4 e5 Nf3 Nc6 Bb5 a6 Ba4 Nf6 O-O Be7 Re1 b5 Bb3 O-O c3 d5 exd5 Nxd5 Nxe5 Nxe5 Rxe5 c6 Re1 Bd6 d3 Bf5 Qf3
10	e4 e5 Nf3 Nc6 Bb5 a6 Ba4 Nf6 O-O Be7 Re1 b5 Bb3 O-O c3 d5 exd5 Nxd5 Nxe5 Nxe5 Rxe5 c6 Re1 Bd6 d3 Qh4 g3 Qh3 Re4
13	e4 e5 Nf3 Nc6 Bb5 a6 Ba4 Nf6 O-O Be7 Re1 b5 Bb3 O-O c3 d5 exd5 Nxd5 Nxe5 Nxe5 Rxe5 c6 Re1 Bd6 g3
13	e4 e5 Nf3 Nc6 Bb5 a6 Ba4 Nf6 O-O Be7 Re1 b5 Bb3 O-O c3 d5 exd5 Nxd5 Nxe5 Nxe5 Rxe5 c6 d3 Bd6 Re1 Bf5 Qf3 Bg6
11	e4 e5 Nf3 Nc6 Bb5 a6 Ba4 Nf6 O-O Be7 Re1 b5 Bb3 O-O c3 d5 exd5 Nxd5 Nxe5 Nxe5 Rxe5 c6 d3 Bd6 Re1 Bf5 Qf3 Qf6
9	e4 e5 Nf3 Nc6 Bb5 a6 Ba4 Nf6 O-O Be7 Re1 b5 Bb3 O-O c3 d5 exd5 Nxd5 Nxe5 Nxe5 Rxe5 c6 d3 Bd6 Re1 Bf5 Qf3 Qh4 g3 Qh3 Be3 Bxd3 Nd2 Bf5
9	e4 e5 Nf3 Nc6 Bb5 a6 Ba4 Nf6 O-O Be7 Re1 b5 Bb3 O-O c3 d5 exd5 Nxd5 Nxe5 Nxe5 Rxe5 c6 d3 Bd6 Re1 Bf5 Qf3 Qh4 g3 Qh3 Be3 Bxd3 Nd2 Qf5 Bd4 Rfe8 a4 h6 Kg2
9	e4 e5 Nf3 Nc6 Bb5 a6 Ba4 Nf6 O-O Be7 Re1 b5 Bb3 O-O c3 d5 exd5 Nxd5 Nxe5 Nxe5 Rxe5 c6 d3 Bd6 Re1 Bf5 Qf3 Qh4 g3 Qh3 Bxd5 cxd5 Be3 Bxd3 Qxd5 Rad8
9	e4 e5 Nf3 Nc6 Bb5 a6 Ba4 Nf6 O-O Be7 Re1 b5 Bb3 O-O c3 d5 exd5 Nxd5 Nxe5 Nxe5 Rxe5 c6 d3 Bd6 Re1 Bf5 Qf3 Qh4 g3 Qh3 Bxd5 cxd5 Qxd5 Rad8 Qg2 Qxg2+ Kxg2 Bxd3 Be3 Be4+
14	e4 e5 Nf3 Nc6 Bb5 a6 Ba4 Nf6 O-O Be7 Re1 b5 Bb3 O-O c3 d5 exd5 Nxd5 Nxe5 Nxe5 Rxe5 c6 d3 Bd6 Re1 Bf5 Qf3 Qh4 g3 Qh3 Nd2 Rae8 Ne4 Bg4 Qg2 Qxg2+ Kxg2 f5 Bf4 Bxf4 gxf4 fxe4 dxe4 Bf3+ Kxf3 Rxf4+ Kg3 Rfxe4 Rxe4 Rxe4
9	e4 e5 Nf3 Nc6 Bb5 a6 Ba4 Nf6 O-O Be7 Re1 b5 Bb3 O-O c3 d5 exd5 Nxd5 Nxe5 Nxe5 Rxe5 c6 d3 Bd6 Re1 Bf5 Qf3 Qh4 g3 Qh3 Nd2 Rae8 Ne4 Bg4 Qg2 Qxg2+ Kxg2 f5 h3 Bh5 Bf4 Bxf4 gxf4 fxe4 dxe4 Bf3+ Kxf3 Rxf4+ Kg3 Rfxe4
9	e4 e5 Nf3 Nc6 Bb5 a6 Ba4 Nf6 O-O Be7 Re1 b5 Bb3 O-O c3 d5 exd5 Nxd5 Nxe5 Nxe5 Rxe5 c6 d3 Bd6 Re1 Bf5 Qf3 Re8
8	e4 e5 Nf3 Nc6 Bb5 a6 Ba4 Nf6 O-O Be7 Re1 b5 Bb3 O-O c3 d5 exd5 Nxd5 Nxe5 Nxe5 Rxe5 c6 d3 Bd6 Re1 Qh4 g3 Qh3 Re4 Nf6 Rh4
8	e4 e5 Nf3 Nc6 Bb5 a6 Ba4 Nf6 O-O Be7 Re1 b5 Bb3 O-O c3 d5 exd5 Nxd5 Nxe5 Nxe5 Rxe5 c6 d3 Bd6 Re1 Qh4 g3 Qh3 Re4 Qd7
18	e4 e5 Nf3 Nc6 Bb5 a6 Ba4 Nf6 O-O Be7 Re1 b5 Bb3 O-O c3 d5 exd5 Nxd5 Nxe5 Nxe5 Rxe5 c6 d4 Bd6 Re1 Qh4 g3 Qh3 Be3 Bg4 Qd3 Rae8 Nd2 Qh5
14	e4 e5 Nf3 Nc6 Bb5 a6 Ba4 Nf6 O-O Be7 Re1 b5 Bb3 O-O c3 d5 exd5 Nxd5 Nxe5 Nxe5 Rxe5 c6 d4 Bd6 Re1 Qh4 g3 Qh3 Be3 Bg4 Qd3 Rae8 Nd2 Re6 a4 Qh5 axb5 axb5
12	e4 e5 Nf3 Nc6 Bb5 a6 Ba4 Nf6 O-O Be7 Re1 b5 Bb3 O-O c3 d5 exd5 Nxd5 Nxe5 Nxe5 Rxe5 c6 d4 Bd6 Re1 Qh4 g3 Qh3 Qe2 Bd7 Qf1
8	e4 e5 Nf3 Nc6 Bb5 a6 Ba4 Nf6 O-O Be7 Re1 b5 Bb3 O-O c3 d5 exd5 Nxd5 Nxe5 Nxe5 Rxe5 c6 d4 Bd6 Re1 Qh4 g3 Qh3 Qe2 Bg4 Qf1 Qh5 Nd2
8	e4 e5 Nf3 Nc6 Bb5 a6 Ba4 Nf6 O-O Be7 Re1 b5 Bb3 O-O c3 d5 exd5 Nxd5 Nxe5 Nxe5 Rxe5 c6 d4 Bd6 Re1 Qh4 g3 Qh3 Re4 g5 Qf1 Qh5 Nd2 Bf5 f3
9	e4 e5 Nf3 Nc6 Bb5 a6 Ba4 Nf6 O-O Be7 Re1 b5 Bb3 O-O c3 d5 exd5 Nxd5 Nxe5 Nxe5 Rxe5 c6 d4 Bd6 Re1 Qh4 g3 Qh3 Re4 g5 Qf1 Qh5 Nd2 f5
8	e4 e5 Nf3 Nc6 Bb5 a6 Ba4 Nf6 O-O Be7 Re1 b5 Bb3 O-O c3 d5 exd5 Nxd5 Nxe5 Nxe5 Rxe5 c6 d4 Bd6 Re1 Qh4 g3 Qh3 Re4 g5 Qf1 Qxf1+ Kxf1 Bf5 Nd2
10	e4 e5 Nf3 Nc6 Bb5 a6 Ba4 Nf6 O-O Be7 Re1 b5 Bb3 O-O c3 d6 d4 Bg4
8	e4 e5 Nf3 Nc6 Bb5 a6 Ba4 Nf6 O-O Be7 Re1 b5 Bb3 O-O c3 d6 h3 Bb7 d4 Re8 Nbd2 Bf8
11	e4 e5 Nf3 Nc6 Bb5 a6 Ba4 Nf6 O-O Be7 Re1 b5 Bb3 O-O c3 d6 h3 Bb7 d4 Re8 Ng5 Rf8 Nf3 Re8
10	e4 e5 Nf3 Nc6 Bb5 a6 Ba4 Nf6 O-O Be7 Re1 b5 Bb3 O-O c3 d6 h3 Na5 Bc2 c5 d4 Qc7 Nbd2 cxd4 cxd4 Nc6
9	e4 e5 Nf3 Nc6 Bb5 a6 Ba4 Nf6 O-O Be7 Re1 b5 Bb3 O-O c3 d6 h3 Nb8 d4 Nbd7 Nbd2 Bb7 Bc2 Re8 Nf1 Bf8 Ng3 g6 a4
8	e4 e5 Nf3 Nc6 Bb5 a6 Ba4 Nf6 O-O Be7 Re1 b5 Bb3 O-O c3 d6 h3 Nd7 d4
8	e4 e5 Nf3 Nc6 Bb5 a6 Ba4 Nf6 O-O Be7 Re1 b5 Bb3 O-O c3 d6 h3 Re8 d4 Bb7 Nbd2
10	e4 e5 Nf3 Nc6 Bb5 a6 Ba4 Nf6 O-O Be7 Re1 b5 Bb3 O-O d3 d6 Bd2 Bg4 c3
8	e4 e5 Nf3 Nc6 Bb5 a6 Ba4 Nf6 O-O Be7 Re1 b5 Bb3 O-O d3 d6 a3 Na5 Ba2 c5 Nc3
10	e4 e5 Nf3 Nc6 Bb5 a6 Ba4 Nf6 O-O Be7 Re1 b5 Bb3 O-O d3 d6 a4
8	e4 e5 Nf3 Nc6 Bb5 a6 Ba4 Nf6 O-O Be7 Re1 b5 Bb3 O-O d3 d6 c3 Na5 Bc2 c5 Nbd2 Nc6 Nf1 Re8 h3 h6
9	e4 e5 Nf3 Nc6 Bb5 a6 Ba4 Nf6 O-O Be7 Re1 b5 Bb3 O-O d3 d6 c3 Na5 Bc2 c5 Nbd2 Re8 Nf1
9	e4 e5 Nf3 Nc6 Bb5 a6 Ba4 Nf6 O-O Be7 Re1 b5 Bb3 O-O d4 Nxd4 Bxf7+ Rxf7 Nxe5 Rf8 Qxd4
8	e4 e5 Nf3 Nc6 Bb5 a6 Ba4 Nf6 O-O Be7 Re1 b5 Bb3 O-O d4 Nxd4 Nxd4 exd4 e5 Ne8 c3 dxc3 Nxc3
9	e4 e5 Nf3 Nc6 Bb5 a6 Ba4 Nf6 O-O Be7 Re1 b5 Bb3 O-O d4 d6 c3 Bg4 Be3 Bh5
8	e4 e5 Nf3 Nc6 Bb5 a6 Ba4 Nf6 O-O Be7 Re1 b5 Bb3 O-O d4 d6 c3 Bg4 Be3 exd4 cxd4 Na5 Bc2 Nc4 Bc1 c5 b3 Nb6
8	e4 e5 Nf3 Nc6 Bb5 a6 Ba4 Nf6 O-O Be7 Re1 b5 Bb3 O-O d4 d6 c3 Bg4 Be3 exd4 cxd4 Na5 Bc2 c5 h3
8	e4 e5 Nf3 Nc6 Bb5 a6 Ba4 Nf6 O-O Be7 Re1 b5 Bb3 O-O d4 d6 c3 Bg4 d5 Na5 Bc2 Qc8 h3 Bd7
11	e4 e5 Nf3 Nc6 Bb5 a6 Ba4 Nf6 O-O Be7 Re1 b5 Bb3 O-O d4 d6 c3 Bg4 d5 Na5 Bc2 c6 h3 Bc8 dxc6 Qc7 Nbd2 Qxc6 Nf1
8	e4 e5 Nf3 Nc6 Bb5 a6 Ba4 Nf6 O-O Be7 Re1 b5 Bb3 O-O h3 Bb7 d3 Re8 Nc3 Bb4
14	e4 e5 Nf3 Nc6 Bb5 a6 Ba4 Nf6 O-O Be7 Re1 b5 Bb3 O-O h3 Bb7 d3 Re8 Nc3 h6
10	e4 e5 Nf3 Nc6 Bb5 a6 Ba4 Nf6 O-O Be7 Re1 b5 Bb3 O-O h3 Bb7 d3 Re8 a4 h6
11	e4 e5 Nf3 Nc6 Bb5 a6 Ba4 Nf6 O-O Be7 Re1 b5 Bb3 O-O h3 Bb7 d3 d5 exd5 Nxd5 Nbd2 Qd7 a4
9	e4 e5 Nf3 Nc6 Bb5 a6 Ba4 Nf6 O-O Be7 Re1 b5 Bb3 O-O h3 Bb7 d3 d5 exd5 Nxd5 Nbd2 f6
11	e4 e5 Nf3 Nc6 Bb5 a6 Ba4 Nf6 O-O Be7 Re1 b5 Bb3 O-O h3 Bb7 d3 d5 exd5 Nxd5 Nxe5 Nd4 Nc3
10	e4 e5 Nf3 Nc6 Bb5 a6 Ba4 Nf6 O-O Be7 Re1 b5 Bb3 O-O h3 Bb7 d3 d5 exd5 Nxd5 Nxe5 Nxe5 Rxe5 Qd6 Re1 Rae8 Nd2 c5
9	e4 e5 Nf3 Nc6 Bb5 a6 Ba4 Nf6 O-O Be7 Re1 b5 Bb3 O-O h3 Bb7 d3 d5 exd5 Nxd5 a4 Nd4 Nbd2 Nxb3 Nxb3 f6 Na5 Qc8
11	e4 e5 Nf3 Nc6 Bb5 a6 Ba4 Nf6 O-O Be7 Re1 b5 Bb3 O-O h3 Bb7 d3 d5 exd5 Nxd5 a4 Nd4 Nxd4 exd4 axb5 axb5 Rxa8 Bxa8 Na3 Bb4
9	e4 e5 Nf3 Nc6 Bb5 a6 Ba4 Nf6 O-O Be7 Re1 b5 Bb3 O-O h3 Bb7 d3 d6 a3 Na5 Ba2 c5 Nbd2 Bc8 c3
8	e4 e5 Nf3 Nc6 Bb5 a6 Ba4 Nf6 O-O Be7 Re1 b5 Bb3 O-O h3 Bb7 d3 d6 a3 Na5 Ba2 c5 Nbd2 Nc6 Nf1 Bc8 Bg5
11	e4 e5 Nf3 Nc6 Bb5 a6 Ba4 Nf6 O-O Be7 Re1 b5 Bb3 O-O h3 Bb7 d3 d6 a3 Na5 Ba2 c5 Nbd2 Nc6 Nf1 Bc8 Ne3 Be6
12	e4 e5 Nf3 Nc6 Bb5 a6 Ba4 Nf6 O-O Be7 Re1 b5 Bb3 O-O h3 Bb7 d3 d6 a3 Na5 Ba2 c5 Nbd2 Nc6 Nf1 Bc8 c3 Be6 Bxe6 fxe6 b4
23	e4 e5 Nf3 Nc6 Bb5 a6 Ba4 Nf6 O-O Be7 Re1 b5 Bb3 O-O h3 Bb7 d3 d6 a3 Na5 Ba2 c5 Nc3 Nc6
9	e4 e5 Nf3 Nc6 Bb5 a6 Ba4 Nf6 O-O Be7 Re1 b5 Bb3 O-O h3 Bb7 d3 d6 a3 Nb8 Nbd2 Nbd7 Nf1 Re8 Ne3
16	e4 e5 Nf3 Nc6 Bb5 a6 Ba4 Nf6 O-O Be7 Re1 b5 Bb3 O-O h3 Bb7 d3 d6 a3 Nb8 Nbd2 Nbd7 Nf1 Re8 Ng3
10	e4 e5 Nf3 Nc6 Bb5 a6 Ba4 Nf6 O-O Be7 Re1 b5 Bb3 O-O h3 Bb7 d3 d6 a3 Qd7 Nbd2 Rfe8
11	e4 e5 Nf3 Nc6 Bb5 a6 Ba4 Nf6 O-O Be7 Re1 b5 Bb3 O-O h3 Bb7 d3 d6 a3 Qd7 Nc3 Nd8 d4 exd4 Nxd4 Re8 Nf5 Ne6
11	e4 e5 Nf3 Nc6 Bb5 a6 Ba4 Nf6 O-O Be7 Re1 b5 Bb3 O-O h3 Bb7 d3 d6 a3 Qd7 Nc3 Rae8
8	e4 e5 Nf3 Nc6 Bb5 a6 Ba4 Nf6 O-O Be7 Re1 b5 Bb3 O-O h3 Bb7 d3 d6 a3 Qd7 Nc3 Rfe8 Ne2 Nd8 Ng3 Ne6
9	e4 e5 Nf3 Nc6 Bb5 a6 Ba4 Nf6 O-O Be7 Re1 b5 Bb3 O-O h3 Bb7 d3 d6 a4 Na5 Ba2 c5 Nbd2
8	e4 e5 Nf3 Nc6 Bb5 a6 Ba4 Nf6 O-O Be7 Re1 b5 Bb3 O-O h3 Bb7 d3 d6 c3 Na5 Bc2 c5 Nbd2 Re8 Nf1
8	e4 e5 Nf3 Nc6 Bb5 a6 Ba4 Nf6 O-O Be7 Re1 b5 Bb3 O-O h3 Bb7 d3 h6
8	e4 e5 Nf3 Nc6 Bb5 a6 Ba4 Nf6 O-O Be7 Re1 b5 Bb3 O-O h3 d6 c3 Na5 Bc2 c5 d4 Nd7
8	e4 e5 Nf3 Nc6 Bb5 a6 Ba4 Nf6 O-O Be7 Re1 b5 Bb3 O-O h3 d6 c3 Nb8 d4 Nbd7 Nbd2 Bb7 Bc2 Re8
8	e4 e5 Nf3 Nc6 Bb5 a6 Ba4 Nf6 O-O Be7 Re1 b5 Bb3 O-O h3 d6 c3 Re8 d4 Bb7
8	e4 e5 Nf3 Nc6 Bb5 a6 Ba4 Nf6 O-O Be7 Re1 b5 Bb3 d6 a4 Bd7 c3 O-O d4 h6
8	e4 e5 Nf3 Nc6 Bb5 a6 Ba4 Nf6 O-O Be7 Re1 b5 Bb3 d6 a4 Bg4 c3 O-O h3
13	e4 e5 Nf3 Nc6 Bb5 a6 Ba4 Nf6 O-O Be7 Re1 b5 Bb3 d6 a4 b4
8	e4 e5 Nf3 Nc6 Bb5 a6 Ba4 Nf6 O-O Be7 Re1 b5 Bb3 d6 c3 Na5 Bc2 c5 d4 Qc7
8	e4 e5 Nf3 Nc6 Bb5 a6 Ba4 Nf6 O-O Be7 Re1 b5 Bb3 d6 c3 O-O d3 Na5 Bc2 c5 Nbd2 Nc6 Nf1 Re8
8	e4 e5 Nf3 Nc6 Bb5 a6 Ba4 Nf6 O-O Be7 Re1 b5 Bb3 d6 c3 O-O d4 Bg4 Be3 Bh5 Nbd2 Na5
10	e4 e5 Nf3 Nc6 Bb5 a6 Ba4 Nf6 O-O Be7 Re1 b5 Bb3 d6 c3 O-O d4 Bg4 Be3 Bh5 h3 exd4 cxd4
10	e4 e5 Nf3 Nc6 Bb5 a6 Ba4 Nf6 O-O Be7 Re1 b5 Bb3 d6 c3 O-O d4 Bg4 Be3 exd4 cxd4 Na5 Bc2 Nc4 Bc1 c5 b3 Nb6 Nbd2
12	e4 e5 Nf3 Nc6 Bb5 a6 Ba4 Nf6 O-O Be7 Re1 b5 Bb3 d6 c3 O-O d4 Bg4 Be3 exd4 cxd4 Na5 Bc2 c5 h3
10	e4 e5 Nf3 Nc6 Bb5 a6 Ba4 Nf6 O-O Be7 Re1 b5 Bb3 d6 c3 O-O d4 Bg4 Be3 exd4 cxd4 d5 e5 Ne4
9	e4 e5 Nf3 Nc6 Bb5 a6 Ba4 Nf6 O-O Be7 Re1 b5 Bb3 d6 c3 O-O d4 Bg4 d5 Na5 Bc2 Qc8 h3 Bd7 Nbd2 c6
10	e4 e5 Nf3 Nc6 Bb5 a6 Ba4 Nf6 O-O Be7 Re1 b5 Bb3 d6 c3 O-O d4 Bg4 d5 Na5 Bc2 c6 h3 Bc8 dxc6 Qc7 Nbd2 Qxc6 Nf1 Nc4
13	e4 e5 Nf3 Nc6 Bb5 a6 Ba4 Nf6 O-O Be7 Re1 b5 Bb3 d6 c3 O-O h3 Bb7 d3
11	e4 e5 Nf3 Nc6 Bb5 a6 Ba4 Nf6 O-O Be7 Re1 b5 Bb3 d6 c3 O-O h3 Bb7 d4 Re8 Nbd2 Bf8 Bc2 Nb8
14	e4 e5 Nf3 Nc6 Bb5 a6 Ba4 Nf6 O-O Be7 Re1 b5 Bb3 d6 c3 O-O h3 Bb7 d4 Re8 Nbd2 Bf8 a3 h6 Bc2 Nb8 b3 Nbd7 Bb2
11	e4 e5 Nf3 Nc6 Bb5 a6 Ba4 Nf6 O-O Be7 Re1 b5 Bb3 d6 c3 O-O h3 Bb7 d4 Re8 Nbd2 Bf8 a3 h6 Bc2 Nb8 b4 Nbd7 Bb2 g6
8	e4 e5 Nf3 Nc6 Bb5 a6 Ba4 Nf6 O-O Be7 Re1 b5 Bb3 d6 c3 O-O h3 Bb7 d4 Re8 Nbd2 Bf8 a3 h6 d5
8	e4 e5 Nf3 Nc6 Bb5 a6 Ba4 Nf6 O-O Be7 Re1 b5 Bb3 d6 c3 O-O h3 Bb7 d4 Re8 Nbd2 Bf8 a4 Na5 Bc2 b4
8	e4 e5 Nf3 Nc6 Bb5 a6 Ba4 Nf6 O-O Be7 Re1 b5 Bb3 d6 c3 O-O h3 Bb7 d4 Re8 Nbd2 Bf8 a4 Qd7
8	e4 e5 Nf3 Nc6 Bb5 a6 Ba4 Nf6 O-O Be7 Re1 b5 Bb3 d6 c3 O-O h3 Bb7 d4 Re8 Nbd2 Bf8 a4 h6 Bc2 exd4 cxd4 Nb4 Bb1 c5 d5 Nd7 Ra3 c4 axb5 axb5 Nd4
13	e4 e5 Nf3 Nc6 Bb5 a6 Ba4 Nf6 O-O Be7 Re1 b5 Bb3 d6 c3 O-O h3 Bb7 d4 Re8 Nbd2 Bf8 a4 h6 Bc2 exd4 cxd4 Nb4 Bb1 c5 d5 Nd7 Ra3 f5
8	e4 e5 Nf3 Nc6 Bb5 a6 Ba4 Nf6 O-O Be7 Re1 b5 Bb3 d6 c3 O-O h3 Bb7 d4 Re8 Nbd2 Bf8 d5 Nb8 Nf1 Nbd7 N3h2 Nc5 Bc2 c6 b4 Ncd7 dxc6 Bxc6 Bg5 Qc7
13	e4 e5 Nf3 Nc6 Bb5 a6 Ba4 Nf6 O-O Be7 Re1 b5 Bb3 d6 c3 O-O h3 Bb7 d4 Re8 Nbd2 Bf8 d5 Nb8 Nf1 Nbd7 Ng3
9	e4 e5 Nf3 Nc6 Bb5 a6 Ba4 Nf6 O-O Be7 Re1 b5 Bb3 d6 c3 O-O h3 Bb7 d4 Re8 Nbd2 exd4 cxd4
8	e4 e5 Nf3 Nc6 Bb5 a6 Ba4 Nf6 O-O Be7 Re1 b5 Bb3 d6 c3 O-O h3 Bb7 d4 Re8 Ng5 Rf8 Nf3 Re8 Nbd2 Bf8 a3 h6 Bc2 Nb8
12	e4 e5 Nf3 Nc6 Bb5 a6 Ba4 Nf6 O-O Be7 Re1 b5 Bb3 d6 c3 O-O h3 Bb7 d4 Re8 Ng5 Rf8 Nf3 Re8 Nbd2 Bf8 a4
8	e4 e5 Nf3 Nc6 Bb5 a6 Ba4 Nf6 O-O Be7 Re1 b5 Bb3 d6 c3 O-O h3 Bb7 d4 Re8 a3 Bf8
9	e4 e5 Nf3 Nc6 Bb5 a6 Ba4 Nf6 O-O Be7 Re1 b5 Bb3 d6 c3 O-O h3 Bb7 d4 Re8 a4 h6 Nbd2
12	e4 e5 Nf3 Nc6 Bb5 a6 Ba4 Nf6 O-O Be7 Re1 b5 Bb3 d6 c3 O-O h3 Be6 d4 Bxb3 axb3
12	e4 e5 Nf3 Nc6 Bb5 a6 Ba4 Nf6 O-O Be7 Re1 b5 Bb3 d6 c3 O-O h3 Na5 Bc2 c5 d4 Bb7 d5 Nc4
11	e4 e5 Nf3 Nc6 Bb5 a6 Ba4 Nf6 O-O Be7 Re1 b5 Bb3 d6 c3 O-O h3 Na5 Bc2 c5 d4 Nd7 Nbd2 exd4 cxd4 Nc6 d5 Nce5 a4
11	e4 e5 Nf3 Nc6 Bb5 a6 Ba4 Nf6 O-O Be7 Re1 b5 Bb3 d6 c3 O-O h3 Na5 Bc2 c5 d4 Nd7 a4
17	e4 e5 Nf3 Nc6 Bb5 a6 Ba4 Nf6 O-O Be7 Re1 b5 Bb3 d6 c3 O-O h3 Na5 Bc2 c5 d4 Nd7 d5 Nb6 Nbd2
11	e4 e5 Nf3 Nc6 Bb5 a6 Ba4 Nf6 O-O Be7 Re1 b5 Bb3 d6 c3 O-O h3 Na5 Bc2 c5 d4 Nd7 dxc5 dxc5 Nbd2 Bb7
8	e4 e5 Nf3 Nc6 Bb5 a6 Ba4 Nf6 O-O Be7 Re1 b5 Bb3 d6 c3 O-O h3 Na5 Bc2 c5 d4 Qc7 Nbd2 Bd7 Nf1
8	e4 e5 Nf3 Nc6 Bb5 a6 Ba4 Nf6 O-O Be7 Re1 b5 Bb3 d6 c3 O-O h3 Na5 Bc2 c5 d4 Qc7 Nbd2 Rd8
10	e4 e5 Nf3 Nc6 Bb5 a6 Ba4 Nf6 O-O Be7 Re1 b5 Bb3 d6 c3 O-O h3 Na5 Bc2 c5 d4 Qc7 Nbd2 cxd4 cxd4 Bd7 Nf1 Rac8
9	e4 e5 Nf3 Nc6 Bb5 a6 Ba4 Nf6 O-O Be7 Re1 b5 Bb3 d6 c3 O-O h3 Na5 Bc2 c5 d4 Qc7 Nbd2 cxd4 cxd4 Nc6 Nb3 a5 Be3 a4 Nbd2 Bd7 Rc1 Qb7 Nf1
8	e4 e5 Nf3 Nc6 Bb5 a6 Ba4 Nf6 O-O Be7 Re1 b5 Bb3 d6 c3 O-O h3 Na5 Bc2 c5 d4 Qc7 Nbd2 cxd4 cxd4 Nc6 Nb3 a5 Be3 a4 Nbd2 Bd7 Rc1 Qb7 Qe2
13	e4 e5 Nf3 Nc6 Bb5 a6 Ba4 Nf6 O-O Be7 Re1 b5 Bb3 d6 c3 O-O h3 Na5 Bc2 c5 d4 Qc7 Nbd2 cxd4 cxd4 Nc6 Nb3 a5 Be3 a4 Nbd2 Bd7 Rc1 Rac8
10	e4 e5 Nf3 Nc6 Bb5 a6 Ba4 Nf6 O-O Be7 Re1 b5 Bb3 d6 c3 O-O h3 Na5 Bc2 c5 d4 Qc7 Nbd2 cxd4 cxd4 Nc6 Nb3 a5 Be3 a4 Nbd2 Bd7 a3
9	e4 e5 Nf3 Nc6 Bb5 a6 Ba4 Nf6 O-O Be7 Re1 b5 Bb3 d6 c3 O-O h3 Na5 Bc2 c5 d4 Qc7 Nbd2 cxd4 cxd4 Nc6 a3
12	e4 e5 Nf3 Nc6 Bb5 a6 Ba4 Nf6 O-O Be7 Re1 b5 Bb3 d6 c3 O-O h3 Na5 Bc2 c5 d4 Qc7 Nbd2 cxd4 cxd4 Rd8 b3
15	e4 e5 Nf3 Nc6 Bb5 a6 Ba4 Nf6 O-O Be7 Re1 b5 Bb3 d6 c3 O-O h3 Na5 Bc2 c5 d4 Qc7 d5 Bd7 b3
9	e4 e5 Nf3 Nc6 Bb5 a6 Ba4 Nf6 O-O Be7 Re1 b5 Bb3 d6 c3 O-O h3 Na5 Bc2 c5 d4 Qc7 d5 Nc4 a4
9	e4 e5 Nf3 Nc6 Bb5 a6 Ba4 Nf6 O-O Be7 Re1 b5 Bb3 d6 c3 O-O h3 Na5 Bc2 c5 d4 cxd4 cxd4
8	e4 e5 Nf3 Nc6 Bb5 a6 Ba4 Nf6 O-O Be7 Re1 b5 Bb3 d6 c3 O-O h3 Na5 Bc2 d5
8	e4 e5 Nf3 Nc6 Bb5 a6 Ba4 Nf6 O-O Be7 Re1 b5 Bb3 d6 c3 O-O h3 Nb8 d3 Nbd7 Nbd2 Bb7 Nf1 Nc5 Bc2 Re8 Ng3 Bf8
12	e4 e5 Nf3 Nc6 Bb5 a6 Ba4 Nf6 O-O Be7 Re1 b5 Bb3 d6 c3 O-O h3 Nb8 d4 Nbd7 Nbd2 Bb7 Bc2 Re8 Nf1 Bf8 Bg5 h6 Bh4
11	e4 e5 Nf3 Nc6 Bb5 a6 Ba4 Nf6 O-O Be7 Re1 b5 Bb3 d6 c3 O-O h3 Nb8 d4 Nbd7 Nbd2 Bb7 Bc2 Re8 Nf1 Bf8 Ng3 g6 Bg5 h6 Bd2 Bg7 a4
17	e4 e5 Nf3 Nc6 Bb5 a6 Ba4 Nf6 O-O Be7 Re1 b5 Bb3 d6 c3 O-O h3 Nb8 d4 Nbd7 Nbd2 Bb7 Bc2 Re8 Nf1 Bf8 Ng3 g6 a4 Bg7 Bd3 c6
13	e4 e5 Nf3 Nc6 Bb5 a6 Ba4 Nf6 O-O Be7 Re1 b5 Bb3 d6 c3 O-O h3 Nb8 d4 Nbd7 Nbd2 Bb7 Bc2 Re8 Nf1 Bf8 Ng3 g6 a4 c5 d5 c4 Bg5 h6 Be3 Nc5 Qd2 h5 Bg5 Be7
9	e4 e5 Nf3 Nc6 Bb5 a6 Ba4 Nf6 O-O Be7 Re1 b5 Bb3 d6 c3 O-O h3 Nb8 d4 Nbd7 Nbd2 Bb7 Bc2 Re8 Nf1 Bf8 Ng3 g6 b3 Bg7 d5 Rc8 c4 c6
8	e4 e5 Nf3 Nc6 Bb5 a6 Ba4 Nf6 O-O Be7 Re1 b5 Bb3 d6 c3 O-O h3 Nb8 d4 Nbd7 Nbd2 Bb7 Bc2 Re8 Nf1 Bf8 Ng3 g6 b3 a5 a4 b4 cxb4 axb4 Bb2
11	e4 e5 Nf3 Nc6 Bb5 a6 Ba4 Nf6 O-O Be7 Re1 b5 Bb3 d6 c3 O-O h3 Nb8 d4 Nbd7 Nbd2 Bb7 Bc2 Re8 Nf1 Bf8 Ng3 g6 b3 c6 Bg5 Bg7 Qd2 Qe7
8	e4 e5 Nf3 Nc6 Bb5 a6 Ba4 Nf6 O-O Be7 Re1 b5 Bb3 d6 c3 O-O h3 Nb8 d4 Nbd7 Nbd2 Bb7 Bc2 Re8 Nf1 Bf8 Ng3 g6 b3 d5 Bg5
12	e4 e5 Nf3 Nc6 Bb5 a6 Ba4 Nf6 O-O Be7 Re1 b5 Bb3 d6 c3 O-O h3 Nb8 d4 Nbd7 Nbd2 Bb7 Bc2 Re8 a4 Bf8 Bd3 c6 Qc2
9	e4 e5 Nf3 Nc6 Bb5 a6 Ba4 Nf6 O-O Be7 Re1 b5 Bb3 d6 c3 O-O h3 Nb8 d4 Nbd7 Nbd2 Bb7 Bc2 Re8 a4 Bf8 Bd3 c6 b3 g6 Bb2
11	e4 e5 Nf3 Nc6 Bb5 a6 Ba4 Nf6 O-O Be7 Re1 b5 Bb3 d6 c3 O-O h3 Nb8 d4 Nbd7 Nbd2 Bb7 Bc2 Re8 a4 Bf8 Bd3 c6 b3 g6 Qc2
9	e4 e5 Nf3 Nc6 Bb5 a6 Ba4 Nf6 O-O Be7 Re1 b5 Bb3 d6 c3 O-O h3 Nb8 d4 Nbd7 Nbd2 Bb7 Bc2 Re8 a4 Bf8 Bd3 c6 b4
11	e4 e5 Nf3 Nc6 Bb5 a6 Ba4 Nf6 O-O Be7 Re1 b5 Bb3 d6 c3 O-O h3 Nb8 d4 Nbd7 Nbd2 Bb7 Bc2 c5 d5 c4
11	e4 e5 Nf3 Nc6 Bb5 a6 Ba4 Nf6 O-O Be7 Re1 b5 Bb3 d6 c3 O-O h3 Nb8 d4 Nbd7 Nbd2 c5 Nf1 Re8 Ng3 Bf8
9	e4 e5 Nf3 Nc6 Bb5 a6 Ba4 Nf6 O-O Be7 Re1 b5 Bb3 d6 c3 O-O h3 Nb8 d4 Nbd7 c4 c6 Nc3 b4 Ne2 Nxe4 Qc2
8	e4 e5 Nf3 Nc6 Bb5 a6 Ba4 Nf6 O-O Be7 Re1 b5 Bb3 d6 c3 O-O h3 Nb8 d4 Nbd7 c4 c6 Qc2 Bb7
8	e4 e5 Nf3 Nc6 Bb5 a6 Ba4 Nf6 O-O Be7 Re1 b5 Bb3 d6 c3 O-O h3 Nb8 d4 Nbd7 c4 c6 a3
9	e4 e5 Nf3 Nc6 Bb5 a6 Ba4 Nf6 O-O Be7 Re1 b5 Bb3 d6 c3 O-O h3 Nd7 d4 Bf6 a4 Bb7 Na3 exd4 cxd4
9	e4 e5 Nf3 Nc6 Bb5 a6 Ba4 Nf6 O-O Be7 Re1 b5 Bb3 d6 c3 O-O h3 Nd7 d4 Nb6 Nbd2
8	e4 e5 Nf3 Nc6 Bb5 a6 Ba4 Nf6 O-O Be7 Re1 b5 Bb3 d6 c3 O-O h3 Re8 Ng5 Rf8 Nf3 Re8 d4 Bb7 Nbd2 Bf8
14	e4 e5 Nf3 Nc6 Bb5 a6 Ba4 Nf6 O-O Be7 Re1 b5 Bb3 d6 c3 O-O h3 Re8 d4 Bb7 Nbd2 Bf8 Bc2
15	e4 e5 Nf3 Nc6 Bb5 a6 Ba4 Nf6 O-O Be7 Re1 b5 Bb3 d6 c3 O-O h3 Re8 d4 Bb7 Nbd2 Bf8 a3 h6 Bc2 Nb8
9	e4 e5 Nf3 Nc6 Bb5 a6 Ba4 Nf6 O-O Be7 Re1 b5 Bb3 d6 c3 O-O h3 Re8 d4 Bb7 Nbd2 Bf8 a4 Na5
9	e4 e5 Nf3 Nc6 Bb5 a6 Ba4 Nf6 O-O Be7 Re1 b5 Bb3 d6 c3 O-O h3 Re8 d4 Bb7 Nbd2 Bf8 a4 h6 Bc2 exd4 cxd4 Nb4 Bb1 c5 d5 Nd7 Ra3
11	e4 e5 Nf3 Nc6 Bb5 a6 Ba4 Nf6 O-O Be7 Re1 b5 Bb3 d6 c3 O-O h3 Re8 d4 Bb7 Nbd2 Bf8 d5 Nb8 Nf1 Nbd7 N3h2 Nc5 Bc2 c6 b4 Ncd7 dxc6 Bxc6 Bg5
10	e4 e5 Nf3 Nc6 Bb5 a6 Ba4 Nf6 O-O Be7 Re1 b5 Bb3 d6 c3 O-O h3 Re8 d4 Bb7 Ng5 Rf8 Nf3 Re8
8	e4 e5 Nf3 Nc6 Bb5 a6 Ba4 Nf6 O-O Be7 Re1 b5 Bb3 d6 c3 O-O h3 h6 d4 Re8 Nbd2 Bf8 Nf1 Bd7 Ng3 Na5 Bc2 c5
10	e4 e5 Nf3 Nc6 Bb5 a6 Ba4 Nf6 O-O Be7 Re1 d6 Bxc6+ bxc6 d4 exd4 Nxd4 Bd7 Nc3 O-O
9	e4 e5 Nf3 Nc6 Bb5 a6 Ba4 Nf6 O-O Be7 Re1 d6 c3 Bg4 d3 Nd7 Be3 h6
10	e4 e5 Nf3 Nc6 Bb5 a6 Ba4 Nf6 O-O Be7 Re1 d6 c3 Bg4 h3 Bh5 d3
11	e4 e5 Nf3 Nc6 Bb5 a6 Ba4 Nf6 O-O Be7 d3 b5 Bb3 O-O Nc3 d6 a3 Na5 Ba2 Be6
8	e4 e5 Nf3 Nc6 Bb5 a6 Ba4 Nf6 O-O Be7 d3 b5 Bb3 O-O Nc3 d6 a3 Rb8
8	e4 e5 Nf3 Nc6 Bb5 a6 Ba4 Nf6 O-O Be7 d3 b5 Bb3 O-O Re1 d6
8	e4 e5 Nf3 Nc6 Bb5 a6 Ba4 Nf6 O-O Be7 d3 b5 Bb3 O-O a4 Rb8 axb5 axb5 Nc3 d6 Nd5
10	e4 e5 Nf3 Nc6 Bb5 a6 Ba4 Nf6 O-O Be7 d3 b5 Bb3 O-O a4 b4 Nbd2 Bc5
8	e4 e5 Nf3 Nc6 Bb5 a6 Ba4 Nf6 O-O Be7 d3 b5 Bb3 O-O a4 b4 Nbd2 d6
18	e4 e5 Nf3 Nc6 Bb5 a6 Ba4 Nf6 O-O Be7 d3 b5 Bb3 d6 Bd2 O-O h3
9	e4 e5 Nf3 Nc6 Bb5 a6 Ba4 Nf6 O-O Be7 d3 b5 Bb3 d6 a3 Na5 Ba2 c5 Nc3 Be6 Bg5 O-O Bxf6 Bxf6 Nd5
13	e4 e5 Nf3 Nc6 Bb5 a6 Ba4 Nf6 O-O Be7 d3 b5 Bb3 d6 a3 Na5 Ba2 c5 Nc3 Be6 Nh4 O-O Nf5
8	e4 e5 Nf3 Nc6 Bb5 a6 Ba4 Nf6 O-O Be7 d3 b5 Bb3 d6 a3 O-O Nc3 Bb7
8	e4 e5 Nf3 Nc6 Bb5 a6 Ba4 Nf6 O-O Be7 d3 b5 Bb3 d6 a3 O-O Nc3 Be6 Nd5 Nd4
10	e4 e5 Nf3 Nc6 Bb5 a6 Ba4 Nf6 O-O Be7 d3 b5 Bb3 d6 a3 O-O Nc3 Bg4 Be3 Nd4 Bxd4 exd4 Nd5 Nd7 h3 Bxf3 Qxf3 c6
9	e4 e5 Nf3 Nc6 Bb5 a6 Ba4 Nf6 O-O Be7 d3 b5 Bb3 d6 a3 O-O Nc3 Bg4 Be3 Nd4 Bxd4 exd4 Nd5 Nxd5 Bxd5 Rc8
8	e4 e5 Nf3 Nc6 Bb5 a6 Ba4 Nf6 O-O Be7 d3 b5 Bb3 d6 a3 O-O Nc3 Na5 Ba2 Be6 b4 Bxa2 Nxa2 Nb7 c4
9	e4 e5 Nf3 Nc6 Bb5 a6 Ba4 Nf6 O-O Be7 d3 b5 Bb3 d6 a3 O-O Nc3 Na5 Ba2 Be6 b4 Bxa2 Nxa2 Nc6 c4 Nd4
8	e4 e5 Nf3 Nc6 Bb5 a6 Ba4 Nf6 O-O Be7 d3 b5 Bb3 d6 a3 O-O Nc3 Na5 Ba2 Be6 b4 Bxa2 Rxa2 Nc6 Bg5 Nd7
10	e4 e5 Nf3 Nc6 Bb5 a6 Ba4 Nf6 O-O Be7 d3 b5 Bb3 d6 a3 O-O Nc3 Na5 Ba2 Be6 b4 Bxa2 Rxa2 Nc6 Bg5 Ng4 Bd2 Nf6 Re1 Qd7 Nd5 Nxd5 exd5
8	e4 e5 Nf3 Nc6 Bb5 a6 Ba4 Nf6 O-O Be7 d3 b5 Bb3 d6 a3 O-O Nc3 Nb8 Bd2
10	e4 e5 Nf3 Nc6 Bb5 a6 Ba4 Nf6 O-O Be7 d3 b5 Bb3 d6 a3 O-O Nc3 Nb8 Ne2
14	e4 e5 Nf3 Nc6 Bb5 a6 Ba4 Nf6 O-O Be7 d3 b5 Bb3 d6 a3 O-O Nc3 Rb8
9	e4 e5 Nf3 Nc6 Bb5 a6 Ba4 Nf6 O-O Be7 d3 b5 Bb3 d6 a3 a5
8	e4 e5 Nf3 Nc6 Bb5 a6 Ba4 Nf6 O-O Be7 d3 b5 Bb3 d6 a4 Bd7 Bd2 O-O axb5 axb5 Nc3
10	e4 e5 Nf3 Nc6 Bb5 a6 Ba4 Nf6 O-O Be7 d3 b5 Bb3 d6 a4 Bd7 Bd2 b4
13	e4 e5 Nf3 Nc6 Bb5 a6 Ba4 Nf6 O-O Be7 d3 b5 Bb3 d6 a4 Bd7 Be3 O-O
11	e4 e5 Nf3 Nc6 Bb5 a6 Ba4 Nf6 O-O Be7 d3 b5 Bb3 d6 a4 Bd7 Nc3 Na5 Ba2 b4
8	e4 e5 Nf3 Nc6 Bb5 a6 Ba4 Nf6 O-O Be7 d3 b5 Bb3 d6 a4 Bd7 c3 Na5 Bc2 c5 d4 Qb8 Bg5 h6 Bh4
10	e4 e5 Nf3 Nc6 Bb5 a6 Ba4 Nf6 O-O Be7 d3 b5 Bb3 d6 a4 Bd7 c3 O-O Bc2 Re8 Re1 h6 Nbd2 Bf8
9	e4 e5 Nf3 Nc6 Bb5 a6 Ba4 Nf6 O-O Be7 d3 b5 Bb3 d6 a4 Bd7 c3 O-O Bc2 b4 Re1
11	e4 e5 Nf3 Nc6 Bb5 a6 Ba4 Nf6 O-O Be7 d3 b5 Bb3 d6 a4 Bd7 c3 O-O Nbd2 Na5 Bc2 c5 Re1 Re8 Nf1
9	e4 e5 Nf3 Nc6 Bb5 a6 Ba4 Nf6 O-O Be7 d3 b5 Bb3 d6 a4 Rb8 axb5 axb5
9	e4 e5 Nf3 Nc6 Bb5 a6 Ba4 Nf6 O-O Be7 d3 b5 Bb3 d6 a4 b4 Nbd2 Na5 Ba2
16	e4 e5 Nf3 Nc6 Bb5 a6 Ba4 Nf6 O-O Be7 d3 b5 Bb3 d6 a4 b4 Nbd2 O-O
10	e4 e5 Nf3 Nc6 Bb5 a6 Ba4 Nf6 O-O Be7 d3 b5 Bb3 d6 a4 b4 a5 O-O Nbd2
8	e4 e5 Nf3 Nc6 Bb5 a6 Ba4 Nf6 O-O Be7 d3 b5 Bb3 d6 c3 O-O Bc2
8	e4 e5 Nf3 Nc6 Bb5 a6 Ba4 Nf6 O-O Be7 d3 b5 Bb3 d6 c3 O-O Nbd2 Na5 Bc2 c5 Re1 Nc6
13	e4 e5 Nf3 Nc6 Bb5 a6 Ba4 Nf6 O-O Be7 d3 b5 Bb3 d6 c3 O-O Re1 Na5 Bc2 c5 Nbd2
8	e4 e5 Nf3 Nc6 Bb5 a6 Ba4 Nf6 O-O Be7 d3 b5 Bb3 d6 c3 O-O a4 Bd7 Bc2 Re8 Re1 h6
11	e4 e5 Nf3 Nc6 Bb5 a6 Ba4 Nf6 O-O Be7 d3 b5 Bb3 d6 c3 O-O h3 Bb7 Re1
8	e4 e5 Nf3 Nc6 Bb5 a6 Ba4 Nf6 O-O Be7 d3 b5 Bb3 d6 c3 O-O h3 Bb7 a4 Na5 Ba2 c5
8	e4 e5 Nf3 Nc6 Bb5 a6 Ba4 Nf6 O-O Be7 d3 b5 Bb3 d6 c3 O-O h3 Na5 Bc2 c5 d4 Qc7 d5 Nc4
9	e4 e5 Nf3 Nc6 Bb5 a6 Ba4 Nf6 O-O Be7 d3 b5 Bb3 d6 c3 O-O h3 h6
10	e4 e5 Nf3 Nc6 Bb5 a6 Ba4 Nf6 O-O Be7 d3 d6 c3 O-O Nbd2 Nd7
9	e4 e5 Nf3 Nc6 Bb5 a6 Ba4 Nf6 O-O Be7 d3 d6 c3 O-O Nbd2 Re8 Re1 Bf8 Nf1 h6 Ng3 b5 Bc2
8	e4 e5 Nf3 Nc6 Bb5 a6 Ba4 Nf6 O-O Be7 d3 d6 c3 O-O Nbd2 b5 Bc2 Re8
12	e4 e5 Nf3 Nc6 Bb5 a6 Ba4 Nf6 O-O Be7 d3 d6 c3 O-O Nbd2 b5 Bc2 d5 Re1
9	e4 e5 Nf3 Nc6 Bb5 a6 Ba4 Nf6 O-O Be7 d3 d6 c3 O-O Re1 Bg4
8	e4 e5 Nf3 Nc6 Bb5 a6 Ba4 Nf6 O-O Be7 d3 d6 c3 O-O Re1 Nd7
11	e4 e5 Nf3 Nc6 Bb5 a6 Ba4 Nf6 O-O Be7 d3 d6 c3 O-O Re1 Re8 Nbd2 Bf8 Nf1 b5
8	e4 e5 Nf3 Nc6 Bb5 a6 Ba4 Nf6 O-O Be7 d3 d6 c3 O-O Re1 Re8 Nbd2 Bf8 Nf1 h6 Ng3 b5 Bb3
10	e4 e5 Nf3 Nc6 Bb5 a6 Ba4 Nf6 O-O Be7 d3 d6 c3 O-O Re1 Re8 Nbd2 Bf8 Nf1 h6 Ng3 b5 Bc2
10	e4 e5 Nf3 Nc6 Bb5 a6 Ba4 Nf6 O-O Be7 d3 d6 c3 O-O Re1 Re8 Nbd2 Bf8 h3
13	e4 e5 Nf3 Nc6 Bb5 a6 Ba4 Nf6 O-O Be7 d3 d6 c3 O-O Re1 Re8 h3
12	e4 e5 Nf3 Nc6 Bb5 a6 Ba4 Nf6 O-O Be7 d3 d6 c3 O-O Re1 b5 Bc2 d5 Nbd2 d4
8	e4 e5 Nf3 Nc6 Bb5 a6 Ba4 Nf6 O-O Be7 d3 d6 c3 O-O Re1 b5 Bc2 d5 Nbd2 dxe4 dxe4 Be6
8	e4 e5 Nf3 Nc6 Bb5 a6 Ba4 Nf6 O-O Be7 d3 d6 c3 O-O h3 Re8
14	e4 e5 Nf3 Nc6 Bb5 a6 Ba4 Nf6 O-O Be7 d3 d6 c4 O-O h3
10	e4 e5 Nf3 Nc6 Bb5 a6 Ba4 Nf6 O-O Be7 d4 exd4
26	e4 e5 Nf3 Nc6 Bb5 a6 Ba4 Nf6 O-O Nxe4 d4 Be7 Re1 b5 Rxe4 d5 Nxe5 Nxe5 Rxe5 bxa4
9	e4 e5 Nf3 Nc6 Bb5 a6 Ba4 Nf6 O-O Nxe4 d4 b5 Bb3 d5 Nxe5 Nxe5 dxe5 c6
9	e4 e5 Nf3 Nc6 Bb5 a6 Ba4 Nf6 O-O Nxe4 d4 b5 Bb3 d5 dxe5 Be6 Be3 Bc5
8	e4 e5 Nf3 Nc6 Bb5 a6 Ba4 Nf6 O-O Nxe4 d4 b5 Bb3 d5 dxe5 Be6 Be3 Be7 c3 Nc5 Bc2 Nd7 Re1 Ndxe5 Nxe5 Nxe5 Bd4
10	e4 e5 Nf3 Nc6 Bb5 a6 Ba4 Nf6 O-O Nxe4 d4 b5 Bb3 d5 dxe5 Be6 Be3 Be7 c3 O-O Nbd2 Bg4 Nxe4 dxe4 Qd5 Qxd5 Bxd5 exf3 Bxc6 fxg2
8	e4 e5 Nf3 Nc6 Bb5 a6 Ba4 Nf6 O-O Nxe4 d4 b5 Bb3 d5 dxe5 Be6 Be3 Be7 c3 O-O Nbd2 Bg4 h3
8	e4 e5 Nf3 Nc6 Bb5 a6 Ba4 Nf6 O-O Nxe4 d4 b5 Bb3 d5 dxe5 Be6 Be3 Be7 c3 O-O Nbd2 Qd7 Re1 Rad8 Bc2
8	e4 e5 Nf3 Nc6 Bb5 a6 Ba4 Nf6 O-O Nxe4 d4 b5 Bb3 d5 dxe5 Be6 Be3 Be7 c3 Qd7 Nbd2 Rd8 Re1 O-O
9	e4 e5 Nf3 Nc6 Bb5 a6 Ba4 Nf6 O-O Nxe4 d4 b5 Bb3 d5 dxe5 Be6 Nbd2 Be7 c3 Nc5 Bc2 d4 Nb3 d3
8	e4 e5 Nf3 Nc6 Bb5 a6 Ba4 Nf6 O-O Nxe4 d4 b5 Bb3 d5 dxe5 Be6 Nbd2 Be7 c3 O-O Bc2 f5 Nb3 Qd7 Nbd4 Nxd4 Nxd4 c5 Nxe6 Qxe6 f3 Ng5 a4 Rad8 axb5 axb5 Bxg5 Bxg5 f4 Be7
10	e4 e5 Nf3 Nc6 Bb5 a6 Ba4 Nf6 O-O Nxe4 d4 b5 Bb3 d5 dxe5 Be6 Nbd2 Be7 c3 O-O Bc2 f5 Nb3 Qd7 Nfd4 Nxd4 Nxd4 c5 Nxe6 Qxe6 f3 Ng5 a4 Rad8 axb5 axb5
10	e4 e5 Nf3 Nc6 Bb5 a6 Ba4 Nf6 O-O Nxe4 d4 b5 Bb3 d5 dxe5 Be6 Nbd2 Be7 c3 O-O Bc2 f5 exf6 Nxf6
9	e4 e5 Nf3 Nc6 Bb5 a6 Ba4 Nf6 O-O Nxe4 d4 b5 Bb3 d5 dxe5 Be6 Nbd2 Nc5 c3 Be7 Bc2 d4 Nb3 d3 Bb1 Nxb3 axb3 Bf5 Be3 O-O
10	e4 e5 Nf3 Nc6 Bb5 a6 Ba4 Nf6 O-O Nxe4 d4 b5 Bb3 d5 dxe5 Be6 Nbd2 Nc5 c3 Be7 Bc2 d4 Nb3 d3 Bb1 Nxb3 axb3 Bf5 Re1 O-O
8	e4 e5 Nf3 Nc6 Bb5 a6 Ba4 Nf6 O-O Nxe4 d4 b5 Bb3 d5 dxe5 Be6 Nbd2 Nc5 c3 Be7 Bc2 d4 Nb3 d3 Nxc5 dxc2 Qxd8+ Rxd8 Nxe6 fxe6 Be3 Rd5 Rfc1 Nxe5 Nxe5 Rxe5 Rxc2
9	e4 e5 Nf3 Nc6 Bb5 a6 Ba4 Nf6 O-O Nxe4 d4 b5 Bb3 d5 dxe5 Be6 Nbd2 Nc5 c3 Be7 Bc2 d4 Nb3 dxc3 Nxc5 Bxc5 Be4 Qd7
8	e4 e5 Nf3 Nc6 Bb5 a6 Ba4 Nf6 O-O Nxe4 d4 b5 Bb3 d5 dxe5 Be6 Nbd2 Nc5 c3 Be7 Bc2 d4 cxd4 Nxd4 Nxd4 Qxd4 Nf3 Qxd1 Rxd1 O-O
13	e4 e5 Nf3 Nc6 Bb5 a6 Ba4 Nf6 O-O Nxe4 d4 b5 Bb3 d5 dxe5 Be6 Nbd2 Nc5 c3 Bg4 Bc2
12	e4 e5 Nf3 Nc6 Bb5 a6 Ba4 Nf6 O-O Nxe4 d4 b5 Bb3 d5 dxe5 Be6 Nbd2 Nc5 c3 d4 Bxe6 Nxe6 cxd4 Ncxd4 a4 Bb4 axb5 Nxb5 Qa4
14	e4 e5 Nf3 Nc6 Bb5 a6 Ba4 Nf6 O-O Nxe4 d4 b5 Bb3 d5 dxe5 Be6 Nbd2 Nc5 c3 d4 Ng5
8	e4 e5 Nf3 Nc6 Bb5 a6 Ba4 Nf6 O-O Nxe4 d4 b5 Bb3 d5 dxe5 Be6 Qe2 Be7 Rd1 O-O c4 bxc4 Bxc4 Bc5 Be3 Bxe3 Qxe3 Qb8 Bb3 Na5 Nbd2 Qa7
8	e4 e5 Nf3 Nc6 Bb5 a6 Ba4 Nf6 O-O Nxe4 d4 b5 Bb3 d5 dxe5 Be6 Qe2 Be7 Rd1 O-O c4 bxc4 Bxc4 Bc5 Be3 Bxe3 Qxe3 Qb8 Bb3 Na5 Nd4
8	e4 e5 Nf3 Nc6 Bb5 a6 Ba4 Nf6 O-O Nxe4 d4 b5 Bb3 d5 dxe5 Be6 Qe2 Be7 Rd1 O-O c4 bxc4 Bxc4 Bc5 Be3 Bxe3 Qxe3 Qb8 Bb3 Qb6
8	e4 e5 Nf3 Nc6 Bb5 a6 Ba4 Nf6 O-O Nxe4 d4 b5 Bb3 d5 dxe5 Be6 Qe2 Nc5 Rd1 Nxb3 axb3 Be7
8	e4 e5 Nf3 Nc6 Bb5 a6 Ba4 Nf6 O-O Nxe4 d4 b5 Bb3 d5 dxe5 Be6 c3 Bc5 Nbd2 O-O Bc2 Bf5 Nb3 Bg6 Nfd4 Bxd4 cxd4 a5 Be3 a4 Nd2
10	e4 e5 Nf3 Nc6 Bb5 a6 Ba4 Nf6 O-O Nxe4 d4 b5 Bb3 d5 dxe5 Be6 c3 Bc5 Nbd2 O-O Bc2 Nxf2 Rxf2 Bxf2+ Kxf2 f6
12	e4 e5 Nf3 Nc6 Bb5 a6 Ba4 Nf6 O-O Nxe4 d4 b5 Bb3 d5 dxe5 Be6 c3 Bc5 Nbd2 O-O Bc2 Nxf2 Rxf2 f6 Nf1 Bxf2+ Kxf2 fxe5 Kg1
9	e4 e5 Nf3 Nc6 Bb5 a6 Ba4 Nf6 O-O Nxe4 d4 b5 Bb3 d5 dxe5 Be6 c3 Bc5 Qd3 O-O Nbd2 f5
9	e4 e5 Nf3 Nc6 Bb5 a6 Ba4 Nf6 O-O Nxe4 d4 b5 Bb3 d5 dxe5 Be6 c3 Be7 Bc2 Bg4 Qe1
9	e4 e5 Nf3 Nc6 Bb5 a6 Ba4 Nf6 O-O Nxe4 d4 b5 Bb3 d5 dxe5 Be6 c3 Be7 Bc2 O-O
8	e4 e5 Nf3 Nc6 Bb5 a6 Ba4 Nf6 O-O Nxe4 d4 b5 Bb3 d5 dxe5 Be6 c3 Be7 Be3 O-O Nbd2
11	e4 e5 Nf3 Nc6 Bb5 a6 Ba4 Nf6 O-O Nxe4 d4 b5 Bb3 d5 dxe5 Be6 c3 Be7 Nbd2 Nc5 Bc2 d4 Nb3 d3 Bb1 Nxb3 axb3 Bf5
9	e4 e5 Nf3 Nc6 Bb5 a6 Ba4 Nf6 O-O Nxe4 d4 b5 Bb3 d5 dxe5 Be6 c3 Be7 Nbd2 O-O Bc2 f5 Nb3 Qd7
10	e4 e5 Nf3 Nc6 Bb5 a6 Ba4 Nf6 O-O Nxe4 d4 b5 Bb3 d5 dxe5 Be6 c3 Be7 Nbd2 O-O Bc2 f5 exf6 Nxf6
10	e4 e5 Nf3 Nc6 Bb5 a6 Ba4 Nf6 O-O Nxe4 d4 b5 Bb3 d5 dxe5 Be6 c3 Be7 Re1 O-O
11	e4 e5 Nf3 Nc6 Bb5 a6 Ba4 Nf6 O-O b5 Bb3 Bb7 Re1 Bc5 c3 d6 d4 Bb6 Be3 O-O Nbd2
9	e4 e5 Nf3 Nc6 Bb5 a6 Ba4 Nf6 O-O b5 Bb3 Bb7 c3 Nxe4 d4
11	e4 e5 Nf3 Nc6 Bb5 a6 Ba4 Nf6 O-O b5 Bb3 Bb7 d3 Bc5 Nc3
12	e4 e5 Nf3 Nc6 Bb5 a6 Ba4 Nf6 O-O b5 Bb3 Bb7 d3 Bc5 a4 O-O
8	e4 e5 Nf3 Nc6 Bb5 a6 Ba4 Nf6 O-O b5 Bb3 Bb7 d3 Be7 Nc3 O-O a3 d6
10	e4 e5 Nf3 Nc6 Bb5 a6 Ba4 Nf6 O-O b5 Bb3 Bb7 d3 Be7 Re1 O-O
10	e4 e5 Nf3 Nc6 Bb5 a6 Ba4 Nf6 O-O b5 Bb3 Bb7 d3 Be7 a4 O-O
12	e4 e5 Nf3 Nc6 Bb5 a6 Ba4 Nf6 O-O b5 Bb3 Bc5 Nc3
12	e4 e5 Nf3 Nc6 Bb5 a6 Ba4 Nf6 O-O b5 Bb3 Bc5 a4 Bb7 d3 O-O
8	e4 e5 Nf3 Nc6 Bb5 a6 Ba4 Nf6 O-O b5 Bb3 Bc5 a4 Rb8 Nxe5 Nxe5 d4 Bxd4 Qxd4 d6 Bf4
9	e4 e5 Nf3 Nc6 Bb5 a6 Ba4 Nf6 O-O b5 Bb3 Bc5 a4 Rb8 Nxe5 Nxe5 d4 Bxd4 Qxd4 d6 f4 Nc6
19	e4 e5 Nf3 Nc6 Bb5 a6 Ba4 Nf6 O-O b5 Bb3 Bc5 a4 Rb8 axb5 axb5 Nxe5 Nxe5 d4 Bxd4 Qxd4 d6 f4 Nc6 Qc3 Ne7
17	e4 e5 Nf3 Nc6 Bb5 a6 Ba4 Nf6 O-O b5 Bb3 Bc5 a4 Rb8 axb5 axb5 c3 d6 d4 Bb6
8	e4 e5 Nf3 Nc6 Bb5 a6 Ba4 Nf6 O-O b5 Bb3 Bc5 a4 Rb8 c3 O-O d4 Bb6 axb5 axb5 dxe5 Ng4
9	e4 e5 Nf3 Nc6 Bb5 a6 Ba4 Nf6 O-O b5 Bb3 Bc5 a4 Rb8 c3 d6 d4 Bb6 Na3 O-O axb5 axb5 Nxb5 Bg4 Bc2
10	e4 e5 Nf3 Nc6 Bb5 a6 Ba4 Nf6 O-O b5 Bb3 Bc5 a4 Rb8 c3 d6 d4 Bb6 a5 Ba7 Be3
11	e4 e5 Nf3 Nc6 Bb5 a6 Ba4 Nf6 O-O b5 Bb3 Bc5 a4 Rb8 c3 d6 d4 Bb6 a5 Ba7 h3 Bb7 Be3 Nxe4
8	e4 e5 Nf3 Nc6 Bb5 a6 Ba4 Nf6 O-O b5 Bb3 Bc5 a4 Rb8 c3 d6 d4 Bb6 a5 Ba7 h3 O-O Be3 Ra8 Nbd2 h6
9	e4 e5 Nf3 Nc6 Bb5 a6 Ba4 Nf6 O-O b5 Bb3 Bc5 a4 Rb8 c3 d6 d4 Bb6 axb5 axb5 Na3 O-O Nxb5 Bg4 Bc2
8	e4 e5 Nf3 Nc6 Bb5 a6 Ba4 Nf6 O-O b5 Bb3 Bc5 a4 Rb8 d3
9	e4 e5 Nf3 Nc6 Bb5 a6 Ba4 Nf6 O-O b5 Bb3 Bc5 c3 d6 a4 Bb7 d4 Bb6
8	e4 e5 Nf3 Nc6 Bb5 a6 Ba4 Nf6 O-O b5 Bb3 Bc5 c3 d6 a4 Rb8 d4 Bb6 Na3 O-O axb5 axb5 Nxb5 Bg4 Bc2 exd4
9	e4 e5 Nf3 Nc6 Bb5 a6 Ba4 Nf6 O-O b5 Bb3 Bc5 c3 d6 a4 Rb8 d4 Bb6 a5 Ba7 h3 O-O Be3 Ra8
9	e4 e5 Nf3 Nc6 Bb5 a6 Ba4 Nf6 O-O b5 Bb3 Bc5 c3 d6 a4 Rb8 d4 Bb6 axb5 axb5 Na3 O-O Nxb5 Bg4
9	e4 e5 Nf3 Nc6 Bb5 a6 Ba4 Nf6 O-O b5 Bb3 Bc5 c3 d6 d4 Bb6 Be3 O-O Nbd2 Re8
14	e4 e5 Nf3 Nc6 Bb5 a6 Ba4 Nf6 O-O b5 Bb3 Bc5 c3 d6 d4 Bb6 Be3 O-O Nbd2 h6 h3 Re8 Re1
11	e4 e5 Nf3 Nc6 Bb5 a6 Ba4 Nf6 O-O b5 Bb3 Bc5 c3 d6 d4 Bb6 a4 Rb8
10	e4 e5 Nf3 Nc6 Bb5 a6 Ba4 Nf6 O-O b5 Bb3 Bc5 c3 d6 d4 Bb6 h3
9	e4 e5 Nf3 Nc6 Bb5 a6 Ba4 Nf6 O-O b5 Bb3 Bc5 d3 d6 a4 Rb8
8	e4 e5 Nf3 Nc6 Bb5 a6 Ba4 Nf6 O-O b5 Bb3 Bc5 d3 d6 c3
14	e4 e5 Nf3 Nc6 Bb5 a6 Ba4 Nf6 O-O b5 Bb3 Be7
8	e4 e5 Nf3 Nc6 Bb5 a6 Ba4 Nf6 O-O d6 Bxc6+ bxc6 d4 exd4 Nxd4
9	e4 e5 Nf3 Nc6 Bb5 a6 Ba4 Nf6 O-O d6 Re1 Bd7 c3 g6 d4 Bg7 h3 O-O Bc2
12	e4 e5 Nf3 Nc6 Bb5 a6 Ba4 Nf6 O-O d6 c3
9	e4 e5 Nf3 Nc6 Bb5 a6 Ba4 Nf6 Qe2 Bc5
9	e4 e5 Nf3 Nc6 Bb5 a6 Ba4 Nf6 Qe2 Be7
13	e4 e5 Nf3 Nc6 Bb5 a6 Ba4 Nf6 Qe2 b5 Bb3 Bc5 c3
12	e4 e5 Nf3 Nc6 Bb5 a6 Ba4 Nf6 Qe2 b5 Bb3 Be7 c3
10	e4 e5 Nf3 Nc6 Bb5 a6 Ba4 Nf6 d3 Bc5 Bxc6 dxc6 Nbd2
9	e4 e5 Nf3 Nc6 Bb5 a6 Ba4 Nf6 d3 Bc5 O-O b5 Bb3 d6 c3
8	e4 e5 Nf3 Nc6 Bb5 a6 Ba4 Nf6 d3 Bc5 O-O d6 c3 O-O
10	e4 e5 Nf3 Nc6 Bb5 a6 Ba4 Nf6 d3 Bc5 c3 b5 Bb3 d6 Bg5 h6 Bh4
8	e4 e5 Nf3 Nc6 Bb5 a6 Ba4 Nf6 d3 Bc5 c3 d6 Bg5
8	e4 e5 Nf3 Nc6 Bb5 a6 Ba4 Nf6 d3 Bc5 c3 d6 O-O
9	e4 e5 Nf3 Nc6 Bb5 a6 Ba4 Nf6 d3 b5 Bb3 Bc5 Bg5 h6 Bh4
11	e4 e5 Nf3 Nc6 Bb5 a6 Ba4 Nf6 d3 b5 Bb3 Bc5 Nc3 d6 Nd5 h6 c3 Be6
9	e4 e5 Nf3 Nc6 Bb5 a6 Ba4 Nf6 d3 b5 Bb3 Bc5 Nc3 d6 Nd5 h6 c3 Rb8 O-O O-O
12	e4 e5 Nf3 Nc6 Bb5 a6 Ba4 Nf6 d3 b5 Bb3 Bc5 Nc3 h6 Nd5 d6 c3
8	e4 e5 Nf3 Nc6 Bb5 a6 Ba4 Nf6 d3 b5 Bb3 Bc5 O-O d6
10	e4 e5 Nf3 Nc6 Bb5 a6 Ba4 Nf6 d3 b5 Bb3 Bc5 a4 Rb8 axb5 axb5
12	e4 e5 Nf3 Nc6 Bb5 a6 Ba4 Nf6 d3 b5 Bb3 Bc5 c3 O-O
24	e4 e5 Nf3 Nc6 Bb5 a6 Ba4 Nf6 d3 b5 Bb3 Bc5 c3 d6 Bg5 h6 Bh4
11	e4 e5 Nf3 Nc6 Bb5 a6 Ba4 Nf6 d3 b5 Bb3 Be7 O-O O-O
8	e4 e5 Nf3 Nc6 Bb5 a6 Ba4 Nf6 d3 b5 Bb3 Be7 O-O d6
8	e4 e5 Nf3 Nc6 Bb5 a6 Ba4 Nf6 d3 b5 Bb3 Be7 a4 Rb8 axb5 axb5
12	e4 e5 Nf3 Nc6 Bb5 a6 Ba4 Nf6 d3 b5 Bb3 Be7 a4 b4
9	e4 e5 Nf3 Nc6 Bb5 a6 Ba4 Nf6 d3 d6 O-O
8	e4 e5 Nf3 Nc6 Bb5 a6 Ba4 Nf6 d3 d6 c3 Bd7 O-O g6
10	e4 e5 Nf3 Nc6 Bb5 a6 Ba4 Nf6 d3 d6 c3 Be7 O-O O-O Re1 Re8 Nbd2
10	e4 e5 Nf3 Nc6 Bb5 a6 Ba4 Nf6 d3 d6 c3 g6 Bg5 Bg7 Nbd2
10	e4 e5 Nf3 Nc6 Bb5 a6 Ba4 Nf6 d3 d6 c3 g6 Nbd2 Bg7 Nf1 O-O
10	e4 e5 Nf3 Nc6 Bb5 a6 Ba4 Nf6 d3 d6 c3 g6 Nbd2 Bg7 O-O O-O Re1
10	e4 e5 Nf3 Nc6 Bb5 a6 Ba4 Nf6 d3 d6 c3 g6 O-O Bg7 Nbd2 O-O Re1
23	e4 e5 Nf3 Nc6 Bb5 a6 Ba4 Nf6 d3 d6 c3 g6 O-O Bg7 Re1 O-O Nbd2
10	e4 e5 Nf3 Nc6 Bb5 a6 Ba4 Nf6 d3 d6 c3 g6 O-O Bg7 h3 O-O
8	e4 e5 Nf3 Nc6 Bb5 a6 Ba4 Nf6 d3 d6 c3 g6 h3 Bg7 Be3
8	e4 e5 Nf3 Nc6 Bb5 a6 Ba4 Nf6 d3 d6 c4 Be7 h3 O-O
15	e4 e5 Nf3 Nc6 Bb5 a6 Ba4 Nf6 d3 d6 c4 g6
10	e4 e5 Nf3 Nc6 Bb5 a6 Ba4 Nge7 Nc3 d6
11	e4 e5 Nf3 Nc6 Bb5 a6 Ba4 Nge7 O-O Ng6 c3 d5
9	e4 e5 Nf3 Nc6 Bb5 a6 Ba4 Nge7 O-O Ng6 c3 d6 d4 Bd7
8	e4 e5 Nf3 Nc6 Bb5 a6 Ba4 Nge7 O-O Ng6 d4 exd4 Nxd4 Nxd4 Qxd4 b5 Bb3 Bb7
10	e4 e5 Nf3 Nc6 Bb5 a6 Ba4 Nge7 O-O g6 c3 Bg7 d4 exd4 cxd4 b5
10	e4 e5 Nf3 Nc6 Bb5 a6 Ba4 Nge7 c3 Ng6 d4 exd4 cxd4 Bb4+
11	e4 e5 Nf3 Nc6 Bb5 a6 Ba4 Nge7 c3 g6 d4 exd4 cxd4 b5
8	e4 e5 Nf3 Nc6 Bb5 a6 Ba4 b5 Bb3 Na5 O-O d6 d4 exd4 Nxd4 Bb7 c4 c5 Nf5 g6
8	e4 e5 Nf3 Nc6 Bb5 a6 Ba4 d6 Bxc6+ bxc6 d4 exd4 Qxd4
10	e4 e5 Nf3 Nc6 Bb5 a6 Ba4 d6 Bxc6+ bxc6 d4 f6
8	e4 e5 Nf3 Nc6 Bb5 a6 Ba4 d6 O-O Bd7 Re1
10	e4 e5 Nf3 Nc6 Bb5 a6 Ba4 d6 O-O Bd7 c3 Nf6 Re1 g6 d4 Bg7
16	e4 e5 Nf3 Nc6 Bb5 a6 Ba4 d6 O-O Bd7 c3 Nge7 d4 Ng6
11	e4 e5 Nf3 Nc6 Bb5 a6 Ba4 d6 O-O Bd7 c3 g6 d4 Bg7 Bg5
17	e4 e5 Nf3 Nc6 Bb5 a6 Ba4 d6 O-O Bd7 c3 g6 d4 Bg7 Re1 Nf6
8	e4 e5 Nf3 Nc6 Bb5 a6 Ba4 d6 O-O Bd7 c3 g6 d4 Bg7 h3 Nf6
19	e4 e5 Nf3 Nc6 Bb5 a6 Ba4 d6 O-O Bd7 c4
11	e4 e5 Nf3 Nc6 Bb5 a6 Ba4 d6 O-O Bd7 d4 Nxd4 Bxd7+ Qxd7 Nxd4 exd4 Qxd4
15	e4 e5 Nf3 Nc6 Bb5 a6 Ba4 d6 O-O Bd7 d4 exd4 Nxd4 b5 Nxc6 Bxc6 Bb3 Nf6
9	e4 e5 Nf3 Nc6 Bb5 a6 Ba4 d6 O-O Bg4 h3 h5
8	e4 e5 Nf3 Nc6 Bb5 a6 Ba4 d6 O-O Nf6
8	e4 e5 Nf3 Nc6 Bb5 a6 Ba4 d6 c3 Bd7 O-O Nge7 d4 Ng6
12	e4 e5 Nf3 Nc6 Bb5 a6 Ba4 d6 c3 Bd7 O-O g6 d4 Bg7 Re1
8	e4 e5 Nf3 Nc6 Bb5 a6 Ba4 d6 c3 Bd7 d4 Nf6
19	e4 e5 Nf3 Nc6 Bb5 a6 Ba4 d6 c3 Bd7 d4 Nge7
8	e4 e5 Nf3 Nc6 Bb5 a6 Ba4 d6 c3 Bd7 d4 g6 Bg5 Be7
10	e4 e5 Nf3 Nc6 Bb5 a6 Ba4 d6 c3 Bd7 d4 g6 O-O Bg7 Re1
8	e4 e5 Nf3 Nc6 Bb5 a6 Ba4 d6 c3 f5 exf5 Bxf5 O-O Bd3 Re1 Be7 Bc2 Bxc2 Qxc2 Nf6 d4 e4 Ng5
14	e4 e5 Nf3 Nc6 Bb5 a6 Ba4 d6 c3 g6 d4 Bd7 O-O Bg7
9	e4 e5 Nf3 Nc6 Bb5 a6 Ba4 d6 c4
12	e4 e5 Nf3 Nc6 Bb5 a6 Ba4 f5
9	e4 e5 Nf3 Nc6 Bb5 a6 Ba4 g6 O-O Bg7 c3
8	e4 e5 Nf3 Nc6 Bb5 a6 Ba4 g6 c3 Bg7 d4
13	e4 e5 Nf3 Nc6 Bb5 a6 Ba4 g6 d4
20	e4 e5 Nf3 Nc6 Bb5 a6 Bxc6 dxc6 Nc3
11	e4 e5 Nf3 Nc6 Bb5 a6 Bxc6 dxc6 O-O Bd6 d4 exd4 Qxd4 f6 Be3 Ne7 Nbd2 Be6 Qc3 Qd7
19	e4 e5 Nf3 Nc6 Bb5 a6 Bxc6 dxc6 O-O Be7
8	e4 e5 Nf3 Nc6 Bb5 a6 Bxc6 dxc6 O-O Bg4 h3 h5 c3 Qd3 hxg4 hxg4 Nxe5 Bd6 Nxd3 Bh2+ Kh1 Bg3+ Kg1
8	e4 e5 Nf3 Nc6 Bb5 a6 Bxc6 dxc6 O-O Bg4 h3 h5 d3 Qf6 Be3 Bxf3 Qxf3 Qxf3 gxf3 Bd6 Nd2 Ne7 Rfb1
9	e4 e5 Nf3 Nc6 Bb5 a6 Bxc6 dxc6 O-O Bg4 h3 h5 d3 Qf6 Nbd2 Ne7 Nc4 Bxf3 Qxf3 Qxf3 gxf3 Ng6
8	e4 e5 Nf3 Nc6 Bb5 a6 Bxc6 dxc6 O-O Bg4 h3 h5 d3 Qf6 Nbd2 Ne7 Re1 Ng6 d4 Nf4 hxg4 hxg4 g3 gxf3 Qxf3 Ne6 dxe5 Qxe5
8	e4 e5 Nf3 Nc6 Bb5 a6 Bxc6 dxc6 O-O Ne7 Nxe5 Qd4 Qh5 g6 Nf3 Qxe4
8	e4 e5 Nf3 Nc6 Bb5 a6 Bxc6 dxc6 O-O Ne7 Nxe5 Qd4 Qh5 g6 Qg5 Bg7 Nd3 f5 e5
11	e4 e5 Nf3 Nc6 Bb5 a6 Bxc6 dxc6 O-O Qd6 Na3 Be6 Qe2 f6
8	e4 e5 Nf3 Nc6 Bb5 a6 Bxc6 dxc6 O-O Qd6 Na3 b5 c3 c5 Nc2
16	e4 e5 Nf3 Nc6 Bb5 a6 Bxc6 dxc6 O-O Qf6 d4 exd4 Bg5 Qd6 Nxd4 Bd7 Nc3
11	e4 e5 Nf3 Nc6 Bb5 a6 Bxc6 dxc6 O-O Qf6 d4 exd4 Bg5 Qd6 Nxd4 Be7 Be3 Nf6 f3
11	e4 e5 Nf3 Nc6 Bb5 a6 Bxc6 dxc6 O-O Qf6 d4 exd4 Bg5 Qd6 Nxd4 Be7 Bxe7 Nxe7 Nc3 Bd7
12	e4 e5 Nf3 Nc6 Bb5 a6 Bxc6 dxc6 O-O f6 d4 Bg4 c3 Bd6 Be3
9	e4 e5 Nf3 Nc6 Bb5 a6 Bxc6 dxc6 O-O f6 d4 Bg4 dxe5 Qxd1 Rxd1 fxe5 Nbd2
9	e4 e5 Nf3 Nc6 Bb5 a6 Bxc6 dxc6 O-O f6 d4 Bg4 dxe5 Qxd1 Rxd1 fxe5 Rd3 Bd6 Nbd2 Nf6
8	e4 e5 Nf3 Nc6 Bb5 a6 Bxc6 dxc6 O-O f6 d4 exd4 Nxd4 c5 Nb3 Qxd1 Rxd1 Bg4 f3
13	e4 e5 Nf3 Nc6 Bb5 a6 Bxc6 dxc6 O-O f6 d4 exd4 Nxd4 c5 Ne2 Qxd1 Rxd1 Bd7 Nbc3 O-O-O Be3 Re8 Rd2 Bc6 Rad1 b6
8	e4 e5 Nf3 Nc6 Bb5 d6 O-O
8	e4 e5 Nf3 Nc6 Bb5 d6 d4
12	e4 e5 Nf3 Nc6 Bb5 f5 Nc3 fxe4 Nxe4 Nf6 Nxf6+ Qxf6 Qe2 Be7 Bxc6 bxc6 Nxe5
8	e4 e5 Nf3 Nc6 Bb5 f5 Nc3 fxe4 Nxe4 Nf6 Qe2 d5 Nxf6+ gxf6 d4 Bg7
8	e4 e5 Nf3 Nc6 Bb5 f5 Nc3 fxe4 Nxe4 d5 Nxe5 dxe4 Nxc6
9	e4 e5 Nf3 Nc6 Bb5 f5 d3 fxe4 dxe4 Nf6 O-O Bc5 Bxc6 bxc6 Nxe5 O-O Nc3
11	e4 e5 Nf3 Nc6 Bb5 f5 d3 fxe4 dxe4 Nf6 O-O Bc5 Qd3
8	e4 e5 Nf3 Nc6 Bb5 f5 d3 fxe4 dxe4 Nf6 O-O d6 Bc4 Bg4
10	e4 e5 Nf3 Nc6 Bb5 f5 d3 fxe4 dxe4 Nf6 O-O d6 Nc3 Be7
9	e4 e5 Nf3 Nc6 Bb5 g6 O-O Bg7 c3 a6 Ba4 d6 d4 Bd7
13	e4 e5 Nf3 Nc6 Bb5 g6 c3 a6 Ba4 Bg7 d4 exd4 cxd4 b5
14	e4 e5 Nf3 Nc6 Bb5 g6 c3 a6 Ba4 d6 d4 Bd7 O-O Bg7
8	e4 e5 Nf3 Nc6 Bb5 g6 c3 a6 Bxc6 dxc6 d4 exd4 cxd4
10	e4 e5 Nf3 Nc6 Bb5 g6 d4 exd4 Bg5 Be7 Bxe7 Qxe7 Bxc6 dxc6 Qxd4 Nf6 Nc3 Bg4 Nd2 c5 Qe3 O-O-O h3
11	e4 e5 Nf3 Nc6 Bc4 Bc5 Nc3 Nf6 d3 a6
8	e4 e5 Nf3 Nc6 Bc4 Bc5 Nc3 Nf6 d3 d6 Na4 Bb6 a3
9	e4 e5 Nf3 Nc6 Bc4 Bc5 Nc3 Nf6 d3 h6 O-O O-O
9	e4 e5 Nf3 Nc6 Bc4 Bc5 O-O Nf6 Re1
10	e4 e5 Nf3 Nc6 Bc4 Bc5 O-O Nf6 d3 O-O Nbd2 d6 c3 a6
10	e4 e5 Nf3 Nc6 Bc4 Bc5 O-O Nf6 d3 O-O Re1 Ng4 Re2
10	e4 e5 Nf3 Nc6 Bc4 Bc5 O-O Nf6 d3 O-O Re1 d6 c3
11	e4 e5 Nf3 Nc6 Bc4 Bc5 O-O Nf6 d3 O-O a4 a5
12	e4 e5 Nf3 Nc6 Bc4 Bc5 O-O Nf6 d3 O-O a4 a6
8	e4 e5 Nf3 Nc6 Bc4 Bc5 O-O Nf6 d3 O-O c3 d5 exd5 Nxd5 Re1
8	e4 e5 Nf3 Nc6 Bc4 Bc5 O-O Nf6 d3 O-O c3 d5 exd5 Nxd5 a4 a5
10	e4 e5 Nf3 Nc6 Bc4 Bc5 O-O Nf6 d3 O-O c3 d6 Re1
8	e4 e5 Nf3 Nc6 Bc4 Bc5 O-O Nf6 d3 O-O h3 d5 exd5 Nxd5 Re1
8	e4 e5 Nf3 Nc6 Bc4 Bc5 O-O Nf6 d3 O-O h3 d6 c3 Ne7
8	e4 e5 Nf3 Nc6 Bc4 Bc5 O-O Nf6 d3 O-O h3 d6 c3 a6 Re1 Ba7
8	e4 e5 Nf3 Nc6 Bc4 Bc5 O-O Nf6 d3 O-O h3 d6 c3 a6 a4
12	e4 e5 Nf3 Nc6 Bc4 Bc5 O-O Nf6 d3 O-O h3 h6
8	e4 e5 Nf3 Nc6 Bc4 Bc5 O-O Nf6 d3 a6 a4
9	e4 e5 Nf3 Nc6 Bc4 Bc5 O-O Nf6 d3 a6 c3 d6 Re1
8	e4 e5 Nf3 Nc6 Bc4 Bc5 O-O Nf6 d3 d6 a4 a6 c3
10	e4 e5 Nf3 Nc6 Bc4 Bc5 O-O Nf6 d3 d6 c3 Bb6
8	e4 e5 Nf3 Nc6 Bc4 Bc5 O-O Nf6 d3 d6 c3 O-O Re1 Bb6
9	e4 e5 Nf3 Nc6 Bc4 Bc5 O-O Nf6 d3 d6 c3 O-O Re1 a5
10	e4 e5 Nf3 Nc6 Bc4 Bc5 O-O Nf6 d3 d6 c3 O-O Re1 h6 Nbd2
16	e4 e5 Nf3 Nc6 Bc4 Bc5 O-O Nf6 d3 d6 c3 O-O h3
9	e4 e5 Nf3 Nc6 Bc4 Bc5 O-O Nf6 d3 d6 c3 a5 Re1 Ba7 Nbd2 O-O h3
9	e4 e5 Nf3 Nc6 Bc4 Bc5 O-O Nf6 d3 d6 c3 a5 Re1 O-O h3 h6 Nbd2
10	e4 e5 Nf3 Nc6 Bc4 Bc5 O-O Nf6 d3 d6 c3 a5 Re1 h6
10	e4 e5 Nf3 Nc6 Bc4 Bc5 O-O Nf6 d3 d6 c3 a6 Bb3 Ba7 Re1
12	e4 e5 Nf3 Nc6 Bc4 Bc5 O-O Nf6 d3 d6 c3 a6 Re1 Ba7
10	e4 e5 Nf3 Nc6 Bc4 Bc5 O-O Nf6 d3 d6 c3 a6 a4 Ba7 Nbd2 O-O h3
10	e4 e5 Nf3 Nc6 Bc4 Bc5 O-O Nf6 d3 d6 c3 a6 a4 Ba7 Re1 O-O h3 h6 Nbd2 Re8
8	e4 e5 Nf3 Nc6 Bc4 Bc5 O-O Nf6 d3 d6 c3 a6 a4 Ba7 Re1 h6 Nbd2
10	e4 e5 Nf3 Nc6 Bc4 Bc5 O-O Nf6 d3 d6 c3 a6 a4 O-O Re1
9	e4 e5 Nf3 Nc6 Bc4 Bc5 O-O Nf6 d3 d6 c3 a6 a4 O-O h3 Ba7
11	e4 e5 Nf3 Nc6 Bc4 Bc5 O-O Nf6 d3 d6 c3 a6 a4 h6 Nbd2 O-O
10	e4 e5 Nf3 Nc6 Bc4 Bc5 O-O Nf6 d3 d6 c3 a6 a4 h6 Re1 O-O h3
8	e4 e5 Nf3 Nc6 Bc4 Bc5 O-O Nf6 d3 d6 c3 h6 Nbd2 O-O
8	e4 e5 Nf3 Nc6 Bc4 Bc5 O-O Nf6 d3 d6 c3 h6 Re1 O-O Nbd2 a5 Nf1 Be6 Bb5
8	e4 e5 Nf3 Nc6 Bc4 Bc5 O-O Nf6 d3 d6 c3 h6 Re1 O-O h3 a5 Nbd2 Bb6
8	e4 e5 Nf3 Nc6 Bc4 Bc5 O-O Nf6 d3 h6 c3 d6 Re1 O-O h3
8	e4 e5 Nf3 Nc6 Bc4 Bc5 O-O Nf6 d4 Bxd4 Nxd4 Nxd4 Bg5
9	e4 e5 Nf3 Nc6 Bc4 Bc5 O-O d6 c3 Nf6 d3 a6
8	e4 e5 Nf3 Nc6 Bc4 Bc5 b4 Bb6 a4 a6 Nc3 Nf6
8	e4 e5 Nf3 Nc6 Bc4 Bc5 b4 Bxb4 c3 Ba5 d4 d6 Qb3 Qd7 O-O Bb6 Nbd2 Na5 Qc2
8	e4 e5 Nf3 Nc6 Bc4 Bc5 b4 Bxb4 c3 Be7 d4 Na5 Bd3 d6 dxe5 dxe5 Nxe5 Nf6 O-O O-O Qc2
8	e4 e5 Nf3 Nc6 Bc4 Bc5 b4 Bxb4 c3 Be7 d4 Na5 Be2
11	e4 e5 Nf3 Nc6 Bc4 Bc5 c3 Nf6 b4 Bb6 d3 d6 a4 a5 b5 Ne7
9	e4 e5 Nf3 Nc6 Bc4 Bc5 c3 Nf6 b4 Bb6 d3 d6 a4 a6
10	e4 e5 Nf3 Nc6 Bc4 Bc5 c3 Nf6 d3 O-O Bb3
13	e4 e5 Nf3 Nc6 Bc4 Bc5 c3 Nf6 d3 O-O Bg5 h6 Bh4 Be7 Nbd2 d6
11	e4 e5 Nf3 Nc6 Bc4 Bc5 c3 Nf6 d3 O-O Nbd2 d5 exd5 Nxd5
16	e4 e5 Nf3 Nc6 Bc4 Bc5 c3 Nf6 d3 O-O Nbd2 d6
9	e4 e5 Nf3 Nc6 Bc4 Bc5 c3 Nf6 d3 O-O O-O d5 exd5 Nxd5 Re1 Bg4 Nbd2 Nb6 h3 Bh5 Bb3 Qxd3 Nxe5 Qf5 Nef3
12	e4 e5 Nf3 Nc6 Bc4 Bc5 c3 Nf6 d3 O-O O-O d5 exd5 Nxd5 Re1 Bg4 h3 Bh5
8	e4 e5 Nf3 Nc6 Bc4 Bc5 c3 Nf6 d3 O-O O-O d5 exd5 Nxd5 a4 a5 Nbd2 Nb6 Bb5
8	e4 e5 Nf3 Nc6 Bc4 Bc5 c3 Nf6 d3 O-O O-O d5 exd5 Nxd5 a4 a5 Re1
8	e4 e5 Nf3 Nc6 Bc4 Bc5 c3 Nf6 d3 O-O O-O d5 exd5 Nxd5 a4 a6
11	e4 e5 Nf3 Nc6 Bc4 Bc5 c3 Nf6 d3 O-O O-O d6 Re1
10	e4 e5 Nf3 Nc6 Bc4 Bc5 c3 Nf6 d3 O-O O-O d6 h3
11	e4 e5 Nf3 Nc6 Bc4 Bc5 c3 Nf6 d3 O-O a4
11	e4 e5 Nf3 Nc6 Bc4 Bc5 c3 Nf6 d3 O-O b4 Be7 Nbd2 d5 Bb3
9	e4 e5 Nf3 Nc6 Bc4 Bc5 c3 Nf6 d3 a6 Bb3 Ba7 O-O
8	e4 e5 Nf3 Nc6 Bc4 Bc5 c3 Nf6 d3 a6 Bb3 Ba7 h3
9	e4 e5 Nf3 Nc6 Bc4 Bc5 c3 Nf6 d3 a6 Bb3 O-O O-O
8	e4 e5 Nf3 Nc6 Bc4 Bc5 c3 Nf6 d3 a6 Bb3 d6 O-O Ba7
10	e4 e5 Nf3 Nc6 Bc4 Bc5 c3 Nf6 d3 a6 Nbd2 O-O
10	e4 e5 Nf3 Nc6 Bc4 Bc5 c3 Nf6 d3 a6 O-O Ba7 Bb3 d6
8	e4 e5 Nf3 Nc6 Bc4 Bc5 c3 Nf6 d3 a6 O-O d6 Bb3
11	e4 e5 Nf3 Nc6 Bc4 Bc5 c3 Nf6 d3 a6 O-O d6 a4 Ba7 Re1 O-O h3
10	e4 e5 Nf3 Nc6 Bc4 Bc5 c3 Nf6 d3 a6 a4 d6 O-O
9	e4 e5 Nf3 Nc6 Bc4 Bc5 c3 Nf6 d3 a6 h3
12	e4 e5 Nf3 Nc6 Bc4 Bc5 c3 Nf6 d3 d6 Bb3 a6 Nbd2
9	e4 e5 Nf3 Nc6 Bc4 Bc5 c3 Nf6 d3 d6 Bb3 a6 O-O
8	e4 e5 Nf3 Nc6 Bc4 Bc5 c3 Nf6 d3 d6 Bg5 h6 Bh4 a5 Nbd2
9	e4 e5 Nf3 Nc6 Bc4 Bc5 c3 Nf6 d3 d6 Bg5 h6 Bh4 a6 Nbd2 Ba7 O-O
8	e4 e5 Nf3 Nc6 Bc4 Bc5 c3 Nf6 d3 d6 Nbd2 O-O O-O
10	e4 e5 Nf3 Nc6 Bc4 Bc5 c3 Nf6 d3 d6 Nbd2 O-O h3
11	e4 e5 Nf3 Nc6 Bc4 Bc5 c3 Nf6 d3 d6 Nbd2 a5
11	e4 e5 Nf3 Nc6 Bc4 Bc5 c3 Nf6 d3 d6 Nbd2 a6 Bb3 O-O
9	e4 e5 Nf3 Nc6 Bc4 Bc5 c3 Nf6 d3 d6 O-O Bb6 a4
14	e4 e5 Nf3 Nc6 Bc4 Bc5 c3 Nf6 d3 d6 O-O O-O Bg5 h6 Bh4
8	e4 e5 Nf3 Nc6 Bc4 Bc5 c3 Nf6 d3 d6 O-O O-O Re1 a5 Nbd2
9	e4 e5 Nf3 Nc6 Bc4 Bc5 c3 Nf6 d3 d6 O-O O-O Re1 a5 h3
10	e4 e5 Nf3 Nc6 Bc4 Bc5 c3 Nf6 d3 d6 O-O O-O Re1 a6 a4
10	e4 e5 Nf3 Nc6 Bc4 Bc5 c3 Nf6 d3 d6 O-O O-O h3
14	e4 e5 Nf3 Nc6 Bc4 Bc5 c3 Nf6 d3 d6 O-O a5 Re1 Ba7
8	e4 e5 Nf3 Nc6 Bc4 Bc5 c3 Nf6 d3 d6 O-O a5 Re1 O-O h3 h6 Nbd2 Be6 Bb5
14	e4 e5 Nf3 Nc6 Bc4 Bc5 c3 Nf6 d3 d6 O-O a6 Bb3
9	e4 e5 Nf3 Nc6 Bc4 Bc5 c3 Nf6 d3 d6 O-O a6 Re1 Ba7
10	e4 e5 Nf3 Nc6 Bc4 Bc5 c3 Nf6 d3 d6 O-O a6 a4 Ba7 Nbd2 O-O
18	e4 e5 Nf3 Nc6 Bc4 Bc5 c3 Nf6 d3 d6 O-O a6 a4 Ba7 Re1 O-O h3
8	e4 e5 Nf3 Nc6 Bc4 Bc5 c3 Nf6 d3 d6 O-O a6 a4 O-O
8	e4 e5 Nf3 Nc6 Bc4 Bc5 c3 Nf6 d3 d6 O-O a6 a4 h6 Re1 O-O h3 a5
12	e4 e5 Nf3 Nc6 Bc4 Bc5 c3 Nf6 d3 d6 O-O h6 Nbd2
8	e4 e5 Nf3 Nc6 Bc4 Bc5 c3 Nf6 d3 d6 O-O h6 Re1 O-O Nbd2 a5 Nf1 Be6 Bb5
9	e4 e5 Nf3 Nc6 Bc4 Bc5 c3 Nf6 d3 d6 O-O h6 Re1 O-O Nbd2 a6
9	e4 e5 Nf3 Nc6 Bc4 Bc5 c3 Nf6 d3 d6 O-O h6 Re1 O-O h3 a5 Nbd2 Be6
9	e4 e5 Nf3 Nc6 Bc4 Bc5 c3 Nf6 d3 d6 O-O h6 Re1 O-O h3 a6 a4
10	e4 e5 Nf3 Nc6 Bc4 Bc5 c3 Nf6 d3 d6 a4 a5 Bg5 h6 Bh4
9	e4 e5 Nf3 Nc6 Bc4 Bc5 c3 Nf6 d3 d6 a4 a6 O-O
9	e4 e5 Nf3 Nc6 Bc4 Bc5 c3 Nf6 d3 d6 b4 Bb6 a4 a5 b5 Ne7
9	e4 e5 Nf3 Nc6 Bc4 Bc5 c3 Nf6 d3 d6 h3
18	e4 e5 Nf3 Nc6 Bc4 Bc5 c3 Nf6 d3 h6 O-O d6
12	e4 e5 Nf3 Nc6 Bc4 Bc5 c3 Nf6 d3 h6 b4
8	e4 e5 Nf3 Nc6 Bc4 Bc5 c3 Nf6 d4 exd4 b4 Bb6 e5
8	e4 e5 Nf3 Nc6 Bc4 Bc5 c3 Nf6 d4 exd4 cxd4 Bb4+ Bd2 Bxd2+ Nbxd2 d5 exd5 Nxd5 Qb3 Na5 Qa4+ Nc6
11	e4 e5 Nf3 Nc6 Bc4 Bc5 c3 Nf6 d4 exd4 cxd4 Bb4+ Nbd2 Nxe4 d5
10	e4 e5 Nf3 Nc6 Bc4 Bc5 c3 Nf6 d4 exd4 cxd4 Bb4+ Nbd2 d5 exd5 Nxd5 O-O O-O
8	e4 e5 Nf3 Nc6 Bc4 Bc5 c3 Nf6 d4 exd4 e5 d5 Bb5 Ne4 cxd4 Bb4+ Bd2
9	e4 e5 Nf3 Nc6 Bc4 Bc5 c3 Nf6 d4 exd4 e5 d5 Bb5 Ne4 cxd4 Bb6 Nc3 O-O Be3 Bg4 h3 Bh5 Qc2 Ba5 O-O Bxf3 gxf3
8	e4 e5 Nf3 Nc6 Bc4 Bc5 c3 Nf6 d4 exd4 e5 d5 Bb5 Ne4 cxd4 Bb6 Nc3 O-O Be3 Bg4 h3 Bh5 Qc2 Bg6 Qb3 Ne7 O-O c6 Bd3 Nd2 Nxd2 Bxd3 Rfe1
10	e4 e5 Nf3 Nc6 Bc4 Bc5 c3 Nf6 d4 exd4 e5 d5 Bb5 Ne4 cxd4 Bb6 Nc3 O-O Be3 Bg4 h3 Bh5 Qc2 Bg6 Qb3 Ne7 O-O c6 Bd3 Nf5
9	e4 e5 Nf3 Nc6 Bc4 Bc5 c3 Nf6 d4 exd4 e5 d5 Bb5 Ne4 cxd4 Bb6 Nc3 O-O Be3 Bg4 h3 Bh5 Qc2 Nxc3 bxc3 f6 exf6 Qxf6 Be2 Na5 O-O
9	e4 e5 Nf3 Nc6 Bc4 Bc5 c3 Nf6 d4 exd4 e5 d5 Bb5 Ne4 cxd4 Bb6 Nc3 O-O Be3 f5 exf6
10	e4 e5 Nf3 Nc6 Bc4 Bc5 c3 Nf6 d4 exd4 e5 d5 Be2 Ne4 cxd4 Bb4+ Bd2 Nxd2 Nbxd2 O-O O-O
10	e4 e5 Nf3 Nc6 Bc4 Bc5 c3 Nf6 d4 exd4 e5 d5 Be2 Ne4 cxd4 Bb6 Nc3 O-O O-O
8	e4 e5 Nf3 Nc6 Bc4 Bc5 c3 Nf6 d4 exd4 e5 d5 Be2 Ne4 cxd4 Bb6 O-O
10	e4 e5 Nf3 Nc6 Bc4 Bc5 c3 d6
8	e4 e5 Nf3 Nc6 Bc4 Bc5 d3 Nf6 Be3
12	e4 e5 Nf3 Nc6 Bc4 Bc5 d3 Nf6 Bg5 d6 c3
10	e4 e5 Nf3 Nc6 Bc4 Bc5 d3 Nf6 Bg5 h6 Bh4 Be7 Bg3 d6 a4 O-O h3
8	e4 e5 Nf3 Nc6 Bc4 Bc5 d3 Nf6 Bg5 h6 Bh4 d6 c3 a5
10	e4 e5 Nf3 Nc6 Bc4 Bc5 d3 Nf6 Bg5 h6 Bh4 d6 c3 a6 Nbd2 Ba7
8	e4 e5 Nf3 Nc6 Bc4 Bc5 d3 Nf6 Nbd2 O-O
11	e4 e5 Nf3 Nc6 Bc4 Bc5 d3 Nf6 Nbd2 d6 c3 O-O
22	e4 e5 Nf3 Nc6 Bc4 Bc5 d3 Nf6 Nc3 a6
9	e4 e5 Nf3 Nc6 Bc4 Bc5 d3 Nf6 Nc3 d6 Na4 Bb6 a3
13	e4 e5 Nf3 Nc6 Bc4 Bc5 d3 Nf6 Nc3 h6 O-O
9	e4 e5 Nf3 Nc6 Bc4 Bc5 d3 Nf6 Nc3 h6 a3
13	e4 e5 Nf3 Nc6 Bc4 Bc5 d3 Nf6 Nc3 h6 h3 a6
9	e4 e5 Nf3 Nc6 Bc4 Bc5 d3 Nf6 O-O O-O Nbd2 d6 c3
8	e4 e5 Nf3 Nc6 Bc4 Bc5 d3 Nf6 O-O O-O c3 d6 Re1
9	e4 e5 Nf3 Nc6 Bc4 Bc5 d3 Nf6 O-O O-O h3 d6 c3
22	e4 e5 Nf3 Nc6 Bc4 Bc5 d3 Nf6 O-O d6 c3 O-O
8	e4 e5 Nf3 Nc6 Bc4 Bc5 d3 Nf6 O-O d6 c3 a5 Re1 Ba7 Nbd2 O-O
8	e4 e5 Nf3 Nc6 Bc4 Bc5 d3 Nf6 O-O d6 c3 a5 Re1 O-O
9	e4 e5 Nf3 Nc6 Bc4 Bc5 d3 Nf6 O-O d6 c3 a6 Bb3
10	e4 e5 Nf3 Nc6 Bc4 Bc5 d3 Nf6 O-O d6 c3 a6 Re1 Ba7
13	e4 e5 Nf3 Nc6 Bc4 Bc5 d3 Nf6 O-O d6 c3 a6 a4 Ba7
14	e4 e5 Nf3 Nc6 Bc4 Bc5 d3 Nf6 O-O d6 c3 h6
8	e4 e5 Nf3 Nc6 Bc4 Bc5 d3 Nf6 O-O h6 c3 d6 Re1 O-O
8	e4 e5 Nf3 Nc6 Bc4 Bc5 d3 Nf6 a4 d6 O-O
19	e4 e5 Nf3 Nc6 Bc4 Bc5 d3 Nf6 c3 O-O
10	e4 e5 Nf3 Nc6 Bc4 Bc5 d3 Nf6 c3 a6
9	e4 e5 Nf3 Nc6 Bc4 Bc5 d3 Nf6 c3 d6 Bg5 h6 Bh4 a6
9	e4 e5 Nf3 Nc6 Bc4 Bc5 d3 Nf6 c3 d6 O-O a5
10	e4 e5 Nf3 Nc6 Bc4 Bc5 d3 Nf6 c3 d6 O-O h6 Re1
8	e4 e5 Nf3 Nc6 Bc4 Bc5 d3 Nf6 h3 d6
10	e4 e5 Nf3 Nc6 Bc4 Bc5 d3 d6 O-O
8	e4 e5 Nf3 Nc6 Bc4 Bc5 d3 d6 c3 Nf6
11	e4 e5 Nf3 Nc6 Bc4 Bc5 d3 h6
12	e4 e5 Nf3 Nc6 Bc4 Be7
8	e4 e5 Nf3 Nc6 Bc4 Nf6 Ng5 d5 exd5 Na5 Bb5+ Bd7 Qe2 Be7 Nc3
11	e4 e5 Nf3 Nc6 Bc4 Nf6 Ng5 d5 exd5 Na5 Bb5+ c6 dxc6 bxc6 Bd3 Nd5 Nf3 Bd6 O-O Nf4 Nc3 Nxd3 cxd3 O-O
10	e4 e5 Nf3 Nc6 Bc4 Nf6 Ng5 d5 exd5 Na5 Bb5+ c6 dxc6 bxc6 Bd3 Nd5 Nf3 Bd6 O-O O-O Re1 f5 Nxe5 Qf6 Nf3 g5 c4 Nf4 Bf1 g4 d4 gxf3 Qxf3 Ne6
14	e4 e5 Nf3 Nc6 Bc4 Nf6 Ng5 d5 exd5 Na5 Bb5+ c6 dxc6 bxc6 Bd3 Nd5 h4
8	e4 e5 Nf3 Nc6 Bc4 Nf6 Ng5 d5 exd5 Na5 Bb5+ c6 dxc6 bxc6 Be2 h6 Nh3 Bd6 d3 O-O Nc3
9	e4 e5 Nf3 Nc6 Bc4 Nf6 Ng5 d5 exd5 Na5 Bb5+ c6 dxc6 bxc6 Qf3
13	e4 e5 Nf3 Nc6 Bc4 Nf6 d3 Bc5 Bg5 h6 Bh4 Be7 Bg3 d6 a4
8	e4 e5 Nf3 Nc6 Bc4 Nf6 d3 Bc5 Bg5 h6 Bh4 d6 c3 a5
11	e4 e5 Nf3 Nc6 Bc4 Nf6 d3 Bc5 Bg5 h6 Bh4 d6 c3 a6
12	e4 e5 Nf3 Nc6 Bc4 Nf6 d3 Bc5 Nbd2
8	e4 e5 Nf3 Nc6 Bc4 Nf6 d3 Bc5 Nc3 a6 O-O d6 a4
12	e4 e5 Nf3 Nc6 Bc4 Nf6 d3 Bc5 Nc3 a6 a4 d6
9	e4 e5 Nf3 Nc6 Bc4 Nf6 d3 Bc5 Nc3 d6 Na4 Bb6 a3
9	e4 e5 Nf3 Nc6 Bc4 Nf6 d3 Bc5 Nc3 h6 Be3
15	e4 e5 Nf3 Nc6 Bc4 Nf6 d3 Bc5 Nc3 h6 O-O O-O
8	e4 e5 Nf3 Nc6 Bc4 Nf6 d3 Bc5 Nc3 h6 a3
11	e4 e5 Nf3 Nc6 Bc4 Nf6 d3 Bc5 Nc3 h6 h3 a6
11	e4 e5 Nf3 Nc6 Bc4 Nf6 d3 Bc5 O-O O-O Nbd2 d6 c3 a5
8	e4 e5 Nf3 Nc6 Bc4 Nf6 d3 Bc5 O-O O-O Re1
8	e4 e5 Nf3 Nc6 Bc4 Nf6 d3 Bc5 O-O O-O c3 d5 exd5 Nxd5
11	e4 e5 Nf3 Nc6 Bc4 Nf6 d3 Bc5 O-O O-O c3 d6 Re1
9	e4 e5 Nf3 Nc6 Bc4 Nf6 d3 Bc5 O-O O-O h3 d6 c3 a5 Re1
8	e4 e5 Nf3 Nc6 Bc4 Nf6 d3 Bc5 O-O O-O h3 h6
11	e4 e5 Nf3 Nc6 Bc4 Nf6 d3 Bc5 O-O a6 c3 Ba7
11	e4 e5 Nf3 Nc6 Bc4 Nf6 d3 Bc5 O-O d6 c3 O-O Re1 a5
13	e4 e5 Nf3 Nc6 Bc4 Nf6 d3 Bc5 O-O d6 c3 O-O h3
8	e4 e5 Nf3 Nc6 Bc4 Nf6 d3 Bc5 O-O d6 c3 a5 Re1 Ba7 Na3 O-O
8	e4 e5 Nf3 Nc6 Bc4 Nf6 d3 Bc5 O-O d6 c3 a5 Re1 O-O h3 Be6 Bb5 Ba7
9	e4 e5 Nf3 Nc6 Bc4 Nf6 d3 Bc5 O-O d6 c3 a5 Re1 O-O h3 h6 Nbd2 Be6 Bb5
9	e4 e5 Nf3 Nc6 Bc4 Nf6 d3 Bc5 O-O d6 c3 a6 Re1 Ba7
8	e4 e5 Nf3 Nc6 Bc4 Nf6 d3 Bc5 O-O d6 c3 a6 a4 Ba7 Nbd2
11	e4 e5 Nf3 Nc6 Bc4 Nf6 d3 Bc5 O-O d6 c3 a6 a4 Ba7 Re1 O-O h3
11	e4 e5 Nf3 Nc6 Bc4 Nf6 d3 Bc5 O-O d6 c3 h6 Re1 O-O
10	e4 e5 Nf3 Nc6 Bc4 Nf6 d3 Bc5 O-O h6 c3 d6
8	e4 e5 Nf3 Nc6 Bc4 Nf6 d3 Bc5 a4 d6 a5 a6
9	e4 e5 Nf3 Nc6 Bc4 Nf6 d3 Bc5 c3 O-O Bg5 h6 Bh4
17	e4 e5 Nf3 Nc6 Bc4 Nf6 d3 Bc5 c3 O-O O-O d5 exd5 Nxd5
10	e4 e5 Nf3 Nc6 Bc4 Nf6 d3 Bc5 c3 O-O O-O d6 Re1
12	e4 e5 Nf3 Nc6 Bc4 Nf6 d3 Bc5 c3 a6 Bb3
11	e4 e5 Nf3 Nc6 Bc4 Nf6 d3 Bc5 c3 a6 O-O Ba7
8	e4 e5 Nf3 Nc6 Bc4 Nf6 d3 Bc5 c3 a6 a4
12	e4 e5 Nf3 Nc6 Bc4 Nf6 d3 Bc5 c3 d6 Bb3
13	e4 e5 Nf3 Nc6 Bc4 Nf6 d3 Bc5 c3 d6 Bg5 h6 Bh4 a5
8	e4 e5 Nf3 Nc6 Bc4 Nf6 d3 Bc5 c3 d6 Bg5 h6 Bh4 a6 Nbd2 Ba7
8	e4 e5 Nf3 Nc6 Bc4 Nf6 d3 Bc5 c3 d6 Nbd2 a6
8	e4 e5 Nf3 Nc6 Bc4 Nf6 d3 Bc5 c3 d6 O-O O-O Re1 a5 h3 h6
8	e4 e5 Nf3 Nc6 Bc4 Nf6 d3 Bc5 c3 d6 O-O a5 Re1 Ba7 Nbd2
8	e4 e5 Nf3 Nc6 Bc4 Nf6 d3 Bc5 c3 d6 O-O a5 Re1 O-O h3 h6
11	e4 e5 Nf3 Nc6 Bc4 Nf6 d3 Bc5 c3 d6 O-O a6 a4 Ba7 Re1
12	e4 e5 Nf3 Nc6 Bc4 Nf6 d3 Bc5 c3 d6 O-O h6 Re1 O-O
14	e4 e5 Nf3 Nc6 Bc4 Nf6 d3 Bc5 c3 d6 a4
8	e4 e5 Nf3 Nc6 Bc4 Nf6 d3 Bc5 h3
11	e4 e5 Nf3 Nc6 Bc4 Nf6 d3 Be7 Nc3 O-O O-O d6
9	e4 e5 Nf3 Nc6 Bc4 Nf6 d3 Be7 Nc3 O-O a3 d6
13	e4 e5 Nf3 Nc6 Bc4 Nf6 d3 Be7 Nc3 d6 a3 O-O
10	e4 e5 Nf3 Nc6 Bc4 Nf6 d3 Be7 Nc3 d6 a4 O-O O-O
9	e4 e5 Nf3 Nc6 Bc4 Nf6 d3 Be7 O-O O-O Bb3 d6 c3
8	e4 e5 Nf3 Nc6 Bc4 Nf6 d3 Be7 O-O O-O Nc3 d6 a3 Be6 Nd5
11	e4 e5 Nf3 Nc6 Bc4 Nf6 d3 Be7 O-O O-O Nc3 d6 a3 Bg4 h3
8	e4 e5 Nf3 Nc6 Bc4 Nf6 d3 Be7 O-O O-O Nc3 d6 a3 h6 h3
9	e4 e5 Nf3 Nc6 Bc4 Nf6 d3 Be7 O-O O-O Nc3 d6 a4 Be6
8	e4 e5 Nf3 Nc6 Bc4 Nf6 d3 Be7 O-O O-O Nc3 d6 a4 Bg4 h3
10	e4 e5 Nf3 Nc6 Bc4 Nf6 d3 Be7 O-O O-O Nc3 d6 a4 a5 Re1
11	e4 e5 Nf3 Nc6 Bc4 Nf6 d3 Be7 O-O O-O Re1 d6 a3
14	e4 e5 Nf3 Nc6 Bc4 Nf6 d3 Be7 O-O O-O Re1 d6 a4 Be6 Nbd2
9	e4 e5 Nf3 Nc6 Bc4 Nf6 d3 Be7 O-O O-O Re1 d6 a4 Be6 Nc3
8	e4 e5 Nf3 Nc6 Bc4 Nf6 d3 Be7 O-O O-O Re1 d6 a4 Kh8 h3
12	e4 e5 Nf3 Nc6 Bc4 Nf6 d3 Be7 O-O O-O Re1 d6 a4 Na5 Ba2 c5 c3 Nc6 Na3
8	e4 e5 Nf3 Nc6 Bc4 Nf6 d3 Be7 O-O O-O Re1 d6 a4 h6 a5 a6
11	e4 e5 Nf3 Nc6 Bc4 Nf6 d3 Be7 O-O O-O Re1 d6 c3
10	e4 e5 Nf3 Nc6 Bc4 Nf6 d3 Be7 O-O O-O a4 d5 exd5 Nxd5
9	e4 e5 Nf3 Nc6 Bc4 Nf6 d3 Be7 O-O O-O a4 d6 a5
8	e4 e5 Nf3 Nc6 Bc4 Nf6 d3 Be7 O-O O-O c3
11	e4 e5 Nf3 Nc6 Bc4 Nf6 d3 Be7 O-O O-O h3 d6
9	e4 e5 Nf3 Nc6 Bc4 Nf6 d3 Be7 O-O d6 a4 O-O
8	e4 e5 Nf3 Nc6 Bc4 Nf6 d3 d5 exd5 Nxd5 O-O Be7 Re1 f6 d4 Nb6
11	e4 e5 Nf3 Nc6 Bc4 Nf6 d3 d5 exd5 Nxd5 O-O Nb6 Bb5 Bd6
10	e4 e5 Nf3 Nc6 Bc4 Nf6 d3 h6 Nc3 Bc5
8	e4 e5 Nf3 Nc6 Bc4 Nf6 d3 h6 Nc3 d6 a4
8	e4 e5 Nf3 Nc6 Bc4 Nf6 d3 h6 O-O Bc5
10	e4 e5 Nf3 Nc6 Bc4 Nf6 d3 h6 O-O d6 a4 g5
8	e4 e5 Nf3 Nc6 Bc4 Nf6 d3 h6 O-O d6 a4 g6 a5
8	e4 e5 Nf3 Nc6 Bc4 Nf6 d3 h6 O-O d6 c3 g5 Nbd2 Bg7 Bb3
10	e4 e5 Nf3 Nc6 Bc4 Nf6 d3 h6 O-O d6 c3 g6 d4 Qe7 Re1 Bg7
15	e4 e5 Nf3 Nc6 Bc4 Nf6 d3 h6 a4 d6
9	e4 e5 Nf3 Nc6 Bc4 Nf6 d3 h6 c3 Bc5
8	e4 e5 Nf3 Nc6 Bc4 Nf6 d3 h6 c3 d6 Nbd2 g5
14	e4 e5 Nf3 Nc6 Bc4 Nf6 d3 h6 c3 d6 O-O
18	e4 e5 Nf3 Nc6 Bc4 Nf6 d3 h6 c3 d6 a4
10	e4 e5 Nf3 Nc6 Bc4 Nf6 d3 h6 c3 g5
8	e4 e5 Nf3 Nc6 Bc4 Nf6 d4 exd4 e5 Ne4 Qe2 Nc5
10	e4 e5 Nf3 Nc6 Bc4 Nf6 d4 exd4 e5 d5 Bb5 Nd7 O-O Be7 Bxc6 bxc6 Nxd4 Nb8
14	e4 e5 Nf3 Nc6 Bc4 Nf6 d4 exd4 e5 d5 Bb5 Ne4 Nxd4 Bd7 Bxc6 bxc6 O-O
8	e4 e5 Nf3 Nc6 Bc4 d6 c3 f5 d3
11	e4 e5 Nf3 Nc6 Bc4 d6 d4 Nf6
11	e4 e5 Nf3 Nc6 Be2 Nf6 d3 d5 Nbd2
12	e4 e5 Nf3 Nc6 Nc3 Nf6 Bb5 Bb4 O-O O-O Bxc6 dxc6
8	e4 e5 Nf3 Nc6 Nc3 Nf6 Bb5 Bb4 O-O O-O d3 Bxc3 bxc3 d6 Bg5 Bd7 Rb1
10	e4 e5 Nf3 Nc6 Nc3 Nf6 Bb5 Bb4 O-O O-O d3 Bxc3 bxc3 d6 Re1
9	e4 e5 Nf3 Nc6 Nc3 Nf6 Bb5 Bb4 O-O O-O d3 d6 Bg5 Bxc3 bxc3 Qe7 Re1 Nd8 d4 Ne6
8	e4 e5 Nf3 Nc6 Nc3 Nf6 Bb5 Bb4 O-O O-O d3 d6 Ne2 Ne7 c3 Ba5 Ng3 c6 Ba4 Ng6 d4 Re8 Bc2
8	e4 e5 Nf3 Nc6 Nc3 Nf6 Bb5 Bc5 O-O O-O Nxe5 Nxe5 d4 Bd6 f4
8	e4 e5 Nf3 Nc6 Nc3 Nf6 Bb5 Bd6 O-O O-O d3
16	e4 e5 Nf3 Nc6 Nc3 Nf6 Bb5 Bd6 d3 O-O
8	e4 e5 Nf3 Nc6 Nc3 Nf6 Bb5 Nd4 Ba4 Bc5 Nxe5 O-O Nd3 Bb6 e5 Ne8 Nd5 d6 Ne3
12	e4 e5 Nf3 Nc6 Nc3 Nf6 Bb5 Nd4 Ba4 c6 Nxe5
14	e4 e5 Nf3 Nc6 Nc3 Nf6 Bb5 Nd4 Bc4 Bc5 Nxe5 Qe7 Nf3 d5 Bxd5 Bg4 d3 O-O-O Be3 Nxd5 Nxd5 Rxd5 exd5 Re8
9	e4 e5 Nf3 Nc6 Nc3 Nf6 Bb5 Nd4 Bc4 Bc5 d3 d6
10	e4 e5 Nf3 Nc6 Nc3 Nf6 Bb5 Nd4 Bc4 d6 Nxd4 exd4 Nd5
9	e4 e5 Nf3 Nc6 Nc3 Nf6 Bb5 Nd4 Nxd4 exd4 e5 dxc3 exf6 Qxf6 dxc3 Bc5 Qe2+
10	e4 e5 Nf3 Nc6 Nc3 Nf6 Bb5 Nd4 Nxd4 exd4 e5 dxc3 exf6 Qxf6 dxc3 Qe5+
9	e4 e5 Nf3 Nc6 Nc3 Nf6 Bb5 Nd4 O-O c6 Bd3 Nxf3+ Qxf3 d6 Be2
13	e4 e5 Nf3 Nc6 Nc3 Nf6 Be2
8	e4 e5 Nf3 Nc6 Nc3 Nf6 Nd5 Be7 Bd3 d6
9	e4 e5 Nf3 Nc6 Nc3 Nf6 a3 d5 Bb5 Nxe4 Qe2
17	e4 e5 Nf3 Nc6 Nc3 Nf6 a4
8	e4 e5 Nf3 Nc6 Nc3 Nf6 d4 Bb4 Nxe5
9	e4 e5 Nf3 Nc6 Nc3 Nf6 d4 exd4 Nd5
11	e4 e5 Nf3 Nc6 Nc3 Nf6 d4 exd4 Nxd4 Bb4 Nxc6 bxc6 Bd3 O-O O-O Re8 Bg5 h6 Bh4
8	e4 e5 Nf3 Nc6 Nc3 Nf6 d4 exd4 Nxd4 Bb4 Nxc6 bxc6 Bd3 O-O O-O d5 Bd2 Bxc3 Bxc3
10	e4 e5 Nf3 Nc6 Nc3 Nf6 d4 exd4 Nxd4 Bb4 Nxc6 bxc6 Bd3 O-O O-O d5 Bd2 Rb8 Re1
10	e4 e5 Nf3 Nc6 Nc3 Nf6 d4 exd4 Nxd4 Bb4 Nxc6 bxc6 Bd3 O-O O-O d5 exd5 Bg4 f3 Bh5 dxc6 Qd4+ Kh1 Bxc3 bxc3 Qxc3
9	e4 e5 Nf3 Nc6 Nc3 Nf6 d4 exd4 Nxd4 Bb4 Nxc6 bxc6 Bd3 O-O O-O d5 exd5 cxd5 Bg5 c6 Qf3 Bd6 Rae1
9	e4 e5 Nf3 Nc6 Nc3 Nf6 d4 exd4 Nxd4 Bb4 Nxc6 bxc6 Bd3 O-O O-O d5 exd5 cxd5 Bg5 c6 Qf3 Rb8
10	e4 e5 Nf3 Nc6 Nc3 Nf6 d4 exd4 Nxd4 Bb4 Nxc6 bxc6 Bd3 O-O O-O d5 exd5 cxd5 Bg5 c6 Qf3 h6 Bxf6 Qxf6 Qxf6 gxf6 Ne2
9	e4 e5 Nf3 Nc6 Nc3 Nf6 d4 exd4 Nxd4 Bb4 Nxc6 bxc6 Bd3 O-O O-O d5 exd5 cxd5 Qf3 c6
13	e4 e5 Nf3 Nc6 Nc3 Nf6 d4 exd4 Nxd4 Bb4 Nxc6 bxc6 Bd3 O-O O-O d5 exd5 cxd5 h3 Rb8 Qf3
9	e4 e5 Nf3 Nc6 Nc3 Nf6 d4 exd4 Nxd4 Bb4 Nxc6 bxc6 Bd3 O-O O-O d5 exd5 cxd5 h3 c6 Qf3 Bd6
9	e4 e5 Nf3 Nc6 Nc3 Nf6 d4 exd4 Nxd4 Bb4 Nxc6 bxc6 Bd3 O-O O-O d5 exd5 cxd5 h3 c6 Qf3 Rb8
8	e4 e5 Nf3 Nc6 Nc3 Nf6 d4 exd4 Nxd4 Bb4 Nxc6 bxc6 Bd3 O-O O-O d5 exd5 cxd5 h3 c6 Qf3 Re8 Bf4
8	e4 e5 Nf3 Nc6 Nc3 Nf6 d4 exd4 Nxd4 Bb4 Nxc6 bxc6 Bd3 d5 Bd2 O-O O-O Bxc3 Bxc3 dxe4 Bxf6 Qxf6 Bxe4 Qxb2 Bxc6 Rb8 Rb1 Qxb1 Qxb1 Rxb1 Rxb1 Rd8
11	e4 e5 Nf3 Nc6 Nc3 Nf6 d4 exd4 Nxd4 Bb4 Nxc6 bxc6 Bd3 d5 exd5 O-O O-O Bg4 f3 Bh5 Bg5
13	e4 e5 Nf3 Nc6 Nc3 Nf6 d4 exd4 Nxd4 Bb4 Nxc6 bxc6 Bd3 d5 exd5 O-O O-O Bg4 f3 Bh5 dxc6 Qd4+ Kh1 Bxc3 bxc3 Qxc3
9	e4 e5 Nf3 Nc6 Nc3 Nf6 d4 exd4 Nxd4 Bb4 Nxc6 bxc6 Bd3 d5 exd5 O-O O-O cxd5 Bg5 Be6
10	e4 e5 Nf3 Nc6 Nc3 Nf6 d4 exd4 Nxd4 Bb4 Nxc6 bxc6 Bd3 d5 exd5 O-O O-O cxd5 Bg5 c6 Qf3 Bd6 Rae1 Rb8 Nd1 h6 Bxf6 Qxf6 Qxf6 gxf6 b3
11	e4 e5 Nf3 Nc6 Nc3 Nf6 d4 exd4 Nxd4 Bb4 Nxc6 bxc6 Bd3 d5 exd5 O-O O-O cxd5 Bg5 c6 Qf3 h6 Bxf6 Qxf6 Qxf6 gxf6 Ne2
9	e4 e5 Nf3 Nc6 Nc3 Nf6 d4 exd4 Nxd4 Bb4 Nxc6 bxc6 Bd3 d5 exd5 O-O O-O cxd5 Qf3
20	e4 e5 Nf3 Nc6 Nc3 Nf6 d4 exd4 Nxd4 Bb4 Nxc6 bxc6 Bd3 d5 exd5 O-O O-O cxd5 h3 c6 Qf3
8	e4 e5 Nf3 Nc6 Nc3 Nf6 d4 exd4 Nxd4 Bb4 Nxc6 bxc6 Bd3 d5 exd5 Qe7+ Qe2
9	e4 e5 Nf3 Nc6 Nc3 Nf6 d4 exd4 Nxd4 Bb4 Nxc6 bxc6 Bd3 d5 exd5 cxd5 O-O O-O Bg5 c6 Qf3 h6 Bxf6 Qxf6 Qxf6 gxf6 Ne2
20	e4 e5 Nf3 Nc6 Nc3 Nf6 d4 exd4 Nxd4 Bb4 Nxc6 bxc6 Bd3 d5 exd5 cxd5 O-O O-O h3 c6 Qf3
8	e4 e5 Nf3 Nc6 Nc3 Nf6 d4 exd4 Nxd4 Bb4 Nxc6 bxc6 Bd3 d6 O-O
10	e4 e5 Nf3 Nc6 Nc3 Nf6 d4 exd4 Nxd4 Bc5 Be3 Bb6
11	e4 e5 Nf3 Nc6 Nc3 Nf6 d4 exd4 Nxd4 Nxe4 Nxe4 Qe7
8	e4 e5 Nf3 Nc6 Nc3 Nf6 g3 Bc5 Bg2 d6 O-O
8	e4 e5 Nf3 Nc6 Nc3 Nf6 g3 Bc5 Bg2 d6 d3 a5
9	e4 e5 Nf3 Nc6 Nc3 Nf6 g3 d5 exd5 Nxd5 Bg2 Nxc3 bxc3 Bc5 O-O O-O
15	e4 e5 Nf3 Nc6 Nc3 Nf6 g3 d5 exd5 Nxd5 Bg2 Nxc3 bxc3 Bd6 O-O O-O
8	e4 e5 Nf3 Nc6 Nc3 Nf6 h3 Bb4 Bd3 O-O O-O
12	e4 e5 Nf3 Nc6 Nc3 Nf6 h3 Bb4 Bd3 d6
11	e4 e5 Nf3 Nc6 Nc3 Nf6 h3 Bb4 Nd5
12	e4 e5 Nf3 Nc6 Nc3 Nf6 h3 Bb4 a3 Bxc3 dxc3 d6 Bd3 h6
9	e4 e5 Nf3 Nc6 Nc3 Nf6 h3 d5 exd5 Nxd5 Bb5 Nxc3 bxc3 Bd6 O-O O-O d4 exd4 cxd4
9	e4 e5 Nf3 Nc6 Nc3 g6 d4 exd4 Nxd4 Bg7 Be3
8	e4 e5 Nf3 Nc6 c3 Nf6 d3 d5
9	e4 e5 Nf3 Nc6 c3 Nf6 d4 Nxe4 d5 Ne7 Nxe5 Ng6
9	e4 e5 Nf3 Nc6 c3 Nf6 d4 exd4 e5 Nd5
15	e4 e5 Nf3 Nc6 c3 d5 Qa4
10	e4 e5 Nf3 Nc6 c3 d5 d3
9	e4 e5 Nf3 Nc6 d3 Nf6 g3
11	e4 e5 Nf3 Nc6 d4 exd4 Bc4 Bc5 Ng5 Nh6 Nxf7 Nxf7 Bxf7+ Kxf7 Qh5+ g6 Qxc5 d5 O-O dxe4 c3
8	e4 e5 Nf3 Nc6 d4 exd4 Bc4 Bc5 c3 Nf6
8	e4 e5 Nf3 Nc6 d4 exd4 Bc4 Nf6 e5 Ne4 Qe2 Nc5
8	e4 e5 Nf3 Nc6 d4 exd4 Bc4 Nf6 e5 d5 Bb5 Ne4 Nxd4 Bd7 Bxc6 bxc6 O-O
8	e4 e5 Nf3 Nc6 d4 exd4 Nxd4 Bb4+ c3 Bc5 Be3 Bb6 Nf5 g6 Bxb6 axb6 Ne3 Nf6 f3
8	e4 e5 Nf3 Nc6 d4 exd4 Nxd4 Bb4+ c3 Be7
9	e4 e5 Nf3 Nc6 d4 exd4 Nxd4 Bc5 Be3 Qf6 c3 Nge7 Bb5 Bb6 O-O O-O a4
9	e4 e5 Nf3 Nc6 d4 exd4 Nxd4 Bc5 Be3 Qf6 c3 Nge7 Bc4 Ne5 Be2 Qg6 O-O d6 Kh1 Qxe4 Nd2 Qg6
9	e4 e5 Nf3 Nc6 d4 exd4 Nxd4 Bc5 Be3 Qf6 c3 Nge7 Bc4 Ne5 Be2 Qg6 O-O d6 f3 O-O Kh1
12	e4 e5 Nf3 Nc6 d4 exd4 Nxd4 Bc5 Be3 Qf6 c3 Nge7 Bc4 O-O O-O Bb6
10	e4 e5 Nf3 Nc6 d4 exd4 Nxd4 Bc5 Be3 Qf6 c3 Nge7 Bc4 O-O O-O b6
9	e4 e5 Nf3 Nc6 d4 exd4 Nxd4 Bc5 Be3 Qf6 c3 Nge7 Nc2
17	e4 e5 Nf3 Nc6 d4 exd4 Nxd4 Bc5 Be3 Qf6 c3 Nge7 g3 d5 Bg2
14	e4 e5 Nf3 Nc6 d4 exd4 Nxd4 Bc5 Nb3 Bb4+ c3 Be7
8	e4 e5 Nf3 Nc6 d4 exd4 Nxd4 Bc5 Nb3 Bb6 Nc3 Nf6 Bg5 h6 Bh4 d6
8	e4 e5 Nf3 Nc6 d4 exd4 Nxd4 Bc5 Nb3 Bb6 Nc3 Nf6 Qe2 O-O Bg5 Nd4
8	e4 e5 Nf3 Nc6 d4 exd4 Nxd4 Bc5 Nb3 Bb6 Nc3 Nf6 Qe2 a5
10	e4 e5 Nf3 Nc6 d4 exd4 Nxd4 Bc5 Nb3 Bb6 Nc3 Nf6 Qe2 d6 Be3
13	e4 e5 Nf3 Nc6 d4 exd4 Nxd4 Bc5 Nb3 Bb6 Nc3 Nge7
8	e4 e5 Nf3 Nc6 d4 exd4 Nxd4 Bc5 Nb3 Bb6 Nc3 d6 Qe2 a5
10	e4 e5 Nf3 Nc6 d4 exd4 Nxd4 Bc5 Nb3 Bb6 Qe2
8	e4 e5 Nf3 Nc6 d4 exd4 Nxd4 Bc5 Nxc6 Qf6 Qd2 bxc6
9	e4 e5 Nf3 Nc6 d4 exd4 Nxd4 Bc5 Nxc6 Qf6 Qd2 dxc6 Nc3 Bd4 Bd3 Ne7 O-O Ng6
8	e4 e5 Nf3 Nc6 d4 exd4 Nxd4 Bc5 Nxc6 Qf6 Qd2 dxc6 Nc3 Be6 Na4 Rd8 Bd3 Bd4
9	e4 e5 Nf3 Nc6 d4 exd4 Nxd4 Bc5 Nxc6 Qf6 Qd2 dxc6 Nc3 Ne7 Qf4
11	e4 e5 Nf3 Nc6 d4 exd4 Nxd4 Bc5 Nxc6 Qf6 Qf3 Qxf3 gxf3 bxc6
9	e4 e5 Nf3 Nc6 d4 exd4 Nxd4 Bc5 Nxc6 Qf6 Qf3 bxc6 Nc3 d6 Qg3
11	e4 e5 Nf3 Nc6 d4 exd4 Nxd4 Bc5 Nxc6 Qf6 Qf3 bxc6 Nd2 d6 Nb3 Bb6
11	e4 e5 Nf3 Nc6 d4 exd4 Nxd4 Bc5 Nxc6 Qf6 Qf3 bxc6 Qg3
14	e4 e5 Nf3 Nc6 d4 exd4 Nxd4 Bc5 Nxc6 Qf6 Qf3 dxc6 Nc3 Be6
15	e4 e5 Nf3 Nc6 d4 exd4 Nxd4 Bc5 Nxc6 bxc6 Bd3 d6
9	e4 e5 Nf3 Nc6 d4 exd4 Nxd4 Nf6 Nc3 Bb4 Nxc6 bxc6 Bd3 O-O O-O d5 exd5 cxd5 Bg5 c6
11	e4 e5 Nf3 Nc6 d4 exd4 Nxd4 Nf6 Nc3 Bb4 Nxc6 bxc6 Bd3 O-O O-O d5 exd5 cxd5 h3
12	e4 e5 Nf3 Nc6 d4 exd4 Nxd4 Nf6 Nc3 Bb4 Nxc6 bxc6 Bd3 d5 exd5 O-O O-O cxd5
12	e4 e5 Nf3 Nc6 d4 exd4 Nxd4 Nf6 Nc3 Bb4 Nxc6 bxc6 Bd3 d5 exd5 cxd5 O-O O-O
10	e4 e5 Nf3 Nc6 d4 exd4 Nxd4 Nf6 Nxc6 bxc6 Bd3 d5 exd5 cxd5 O-O Be7 c4 O-O Nc3
8	e4 e5 Nf3 Nc6 d4 exd4 Nxd4 Nf6 Nxc6 bxc6 Bd3 d5 exd5 cxd5 O-O Be7 c4 O-O cxd5
8	e4 e5 Nf3 Nc6 d4 exd4 Nxd4 Nf6 Nxc6 bxc6 Nd2 Bc5 Nb3
17	e4 e5 Nf3 Nc6 d4 exd4 Nxd4 Nf6 Nxc6 bxc6 Nd2 d5 exd5 cxd5 Bb5+ Bd7 Bxd7+ Qxd7 O-O Be7 b3 O-O Bb2
16	e4 e5 Nf3 Nc6 d4 exd4 Nxd4 Nf6 Nxc6 bxc6 Qe2
9	e4 e5 Nf3 Nc6 d4 exd4 Nxd4 Nf6 Nxc6 bxc6 e5 Qe7 Qe2 Nd5 Nd2 g6 c4
10	e4 e5 Nf3 Nc6 d4 exd4 Nxd4 Nf6 Nxc6 bxc6 e5 Qe7 Qe2 Nd5 c4 Ba6 Nd2 g6 Nf3 Qb4+ Kd1
8	e4 e5 Nf3 Nc6 d4 exd4 Nxd4 Nf6 Nxc6 bxc6 e5 Qe7 Qe2 Nd5 c4 Ba6 b3 g6 Ba3 Nb4 Bb2 Bg7 a3 Nd5 Nd2 O-O O-O-O
19	e4 e5 Nf3 Nc6 d4 exd4 Nxd4 Nf6 Nxc6 bxc6 e5 Qe7 Qe2 Nd5 c4 Ba6 b3 g6 f4
8	e4 e5 Nf3 Nc6 d4 exd4 Nxd4 Nf6 Nxc6 bxc6 e5 Qe7 Qe2 Nd5 c4 Ba6 b3 g6 g3 Bg7 Bb2
10	e4 e5 Nf3 Nc6 d4 exd4 Nxd4 Nf6 Nxc6 bxc6 e5 Qe7 Qe2 Nd5 c4 Nb6 Nc3 Ba6
8	e4 e5 Nf3 Nc6 d4 exd4 Nxd4 Nf6 Nxc6 bxc6 e5 Qe7 Qe2 Nd5 c4 Nb6 Nc3 Bb7
8	e4 e5 Nf3 Nc6 d4 exd4 Nxd4 Nf6 Nxc6 bxc6 e5 Qe7 Qe2 Nd5 c4 Nb6 Nc3 Qe6 Qe4 Ba6 b3
9	e4 e5 Nf3 Nc6 d4 exd4 Nxd4 Nf6 Nxc6 bxc6 e5 Qe7 Qe2 Nd5 c4 Nb6 Nc3 Qe6 Qe4 Bb4 Bd2 Ba6 b3 Bxc3 Bxc3 d5 Qh4 dxc4
12	e4 e5 Nf3 Nc6 d4 exd4 Nxd4 Nf6 Nxc6 bxc6 e5 Qe7 Qe2 Nd5 c4 Nb6 Nc3 Qe6 Qe4 g6
11	e4 e5 Nf3 Nc6 d4 exd4 Nxd4 Nf6 Nxc6 bxc6 e5 Qe7 Qe2 Nd5 c4 Nb6 Nc3 a5
8	e4 e5 Nf3 Nc6 d4 exd4 Nxd4 Nf6 Nxc6 bxc6 e5 Qe7 Qe2 Nd5 c4 Nb6 Nd2 Bb7 b3
9	e4 e5 Nf3 Nc6 d4 exd4 Nxd4 Nf6 Nxc6 bxc6 e5 Qe7 Qe2 Nd5 c4 Nb6 b3
10	e4 e5 Nf3 Nc6 d4 exd4 Nxd4 Nf6 Nxc6 bxc6 e5 Qe7 Qe2 Nd5 g3 g6 c4 Ba6 b3 Bg7 Bb2 O-O Bg2
10	e4 e5 Nf3 Nc6 d4 exd4 Nxd4 Nf6 Nxc6 bxc6 e5 Qe7 Qe2 Nd5 h4 Qe6 Nd2 a5
8	e4 e5 Nf3 Nc6 d4 exd4 Nxd4 Nf6 Nxc6 bxc6 e5 Qe7 Qe2 Nd5 h4 a5 c4 Ba6
10	e4 e5 Nf3 Nc6 d4 exd4 Nxd4 Nf6 Nxc6 bxc6 e5 Qe7 Qe2 Nd5 h4 d6 c4 Nb6 exd6 cxd6
8	e4 e5 Nf3 Nc6 d4 exd4 Nxd4 Nf6 Nxc6 bxc6 e5 Qe7 Qe2 Nd5 h4 f6 c4 Ba6
8	e4 e5 Nf3 Nc6 d4 exd4 Nxd4 Qf6 Be3 Bc5 c3 Nge7
8	e4 e5 Nf3 Nc6 d4 exd4 Nxd4 Qf6 Nb3 Qg6 f3
10	e4 e5 Nf3 Nc6 d4 exd4 Nxd4 Qf6 Ne2
8	e4 e5 Nf3 Nc6 d4 exd4 Nxd4 Qf6 Nf3 Bb4+ c3 Bc5 Be2
8	e4 e5 Nf3 Nc6 d4 exd4 Nxd4 Qf6 Nxc6 Bc5 Qf3
9	e4 e5 Nf3 Nc6 g3 Nf6 d3 Bc5 Bg2 d6 O-O
10	e4 e5 Nf3 Nc6 g3 Nf6 d3 d5 exd5 Nxd5 Bg2 Bd6 O-O O-O
12	e4 e5 Nf3 Nf6 Nc3 Bb4 Nxe5 O-O Be2 Re8 Nd3 Bxc3 dxc3 Nxe4
8	e4 e5 Nf3 Nf6 Nc3 Bb4 Nxe5 O-O Nd3 Bxc3 dxc3 Nxe4 Be2 d6 O-O
11	e4 e5 Nf3 Nf6 Nc3 Nc6 Bb5 Bb4 O-O O-O d3 Bxc3 bxc3 d6
14	e4 e5 Nf3 Nf6 Nc3 Nc6 Bb5 Bb4 O-O O-O d3 d6
8	e4 e5 Nf3 Nf6 Nc3 Nc6 Bb5 Nd4 Ba4
8	e4 e5 Nf3 Nf6 Nc3 Nc6 Bb5 Nd4 Bc4 Bc5
8	e4 e5 Nf3 Nf6 Nc3 Nc6 Bb5 Nd4 Nxd4 exd4 e5
11	e4 e5 Nf3 Nf6 Nc3 Nc6 Bb5 Nd4 O-O
9	e4 e5 Nf3 Nf6 Nc3 Nc6 a3 d5
8	e4 e5 Nf3 Nf6 Nc3 Nc6 d4 exd4 Nxd4 Bb4 Nxc6 bxc6 Bd3 O-O O-O d5 Bd2
8	e4 e5 Nf3 Nf6 Nc3 Nc6 d4 exd4 Nxd4 Bb4 Nxc6 bxc6 Bd3 O-O O-O d5 exd5 cxd5 h3
9	e4 e5 Nf3 Nf6 Nc3 Nc6 d4 exd4 Nxd4 Bb4 Nxc6 bxc6 Bd3 d5 exd5 O-O O-O
8	e4 e5 Nf3 Nf6 Nc3 Nc6 d4 exd4 Nxd4 Bb4 Nxc6 bxc6 Bd3 d5 exd5 cxd5 O-O O-O
10	e4 e5 Nf3 Nf6 Nc3 Nc6 g3 Bc5 Bg2 d6 d3
13	e4 e5 Nf3 Nf6 Nc3 Nc6 h3 Bb4
8	e4 e5 Nf3 Nf6 Nc3 d6
9	e4 e5 Nf3 Nf6 Nxe5 Nxe4 Qe2 Qe7 Qxe4 d6 d4 dxe5 dxe5 Nc6 Nc3 Qxe5 Qxe5+ Nxe5 Bf4 Bd6 Bg3
13	e4 e5 Nf3 Nf6 Nxe5 d6 Nc4 Nxe4 Qe2 Qe7 Ne3
8	e4 e5 Nf3 Nf6 Nxe5 d6 Nd3 Nxe4 Qe2 Qe7 Nc3 Nf6
8	e4 e5 Nf3 Nf6 Nxe5 d6 Nd3 Nxe4 Qe2 Qe7 Nf4 Nc6 Nd5 Nd4 Nxe7 Nxe2
9	e4 e5 Nf3 Nf6 Nxe5 d6 Nd3 Nxe4 Qe2 Qe7 Nf4 Nf6 d4 Qxe2+ Bxe2 Nc6 c3 d5
11	e4 e5 Nf3 Nf6 Nxe5 d6 Nf3 Nxe4 Bd3 Nf6 O-O Be7 Re1 O-O Bf1
8	e4 e5 Nf3 Nf6 Nxe5 d6 Nf3 Nxe4 Bd3 Nf6 O-O Be7 c3 O-O Bc2 Bg4 d4
8	e4 e5 Nf3 Nf6 Nxe5 d6 Nf3 Nxe4 Bd3 Nf6 O-O Be7 h3 O-O c3
10	e4 e5 Nf3 Nf6 Nxe5 d6 Nf3 Nxe4 Bd3 d5 O-O Be7 Re1
9	e4 e5 Nf3 Nf6 Nxe5 d6 Nf3 Nxe4 Bd3 d5 Qe2 Qe7 O-O Nd6
8	e4 e5 Nf3 Nf6 Nxe5 d6 Nf3 Nxe4 Nc3 Nf6 d4 Be7 Bd3 O-O O-O Nc6
8	e4 e5 Nf3 Nf6 Nxe5 d6 Nf3 Nxe4 Nc3 Nf6 d4 Be7 Bd3 O-O O-O Re8 Re1
8	e4 e5 Nf3 Nf6 Nxe5 d6 Nf3 Nxe4 Nc3 Nf6 d4 Be7 Bd3 O-O h3 Re8 O-O
8	e4 e5 Nf3 Nf6 Nxe5 d6 Nf3 Nxe4 Nc3 Nf6 d4 Be7 h3
22	e4 e5 Nf3 Nf6 Nxe5 d6 Nf3 Nxe4 Nc3 Nf6 d4 g6
10	e4 e5 Nf3 Nf6 Nxe5 d6 Nf3 Nxe4 Nc3 Nxc3 dxc3 Be7 Be3 Nc6 Bd3
8	e4 e5 Nf3 Nf6 Nxe5 d6 Nf3 Nxe4 Nc3 Nxc3 dxc3 Be7 Be3 Nc6 Qd2 Be6 O-O-O Qd7 Kb1 Bf6 Bg5 Bxg5 Nxg5 O-O-O Nxe6 Qxe6
17	e4 e5 Nf3 Nf6 Nxe5 d6 Nf3 Nxe4 Nc3 Nxc3 dxc3 Be7 Be3 Nc6 Qd2 Be6 O-O-O Qd7 Kb1 Bf6 h4 O-O-O
9	e4 e5 Nf3 Nf6 Nxe5 d6 Nf3 Nxe4 Nc3 Nxc3 dxc3 Be7 Be3 Nc6 Qd2 Be6 O-O-O Qd7 Kb1 Bf6 h4 h6
15	e4 e5 Nf3 Nf6 Nxe5 d6 Nf3 Nxe4 Nc3 Nxc3 dxc3 Be7 Be3 Nc6 Qd2 Be6 O-O-O Qd7 Kb1 a6
9	e4 e5 Nf3 Nf6 Nxe5 d6 Nf3 Nxe4 Nc3 Nxc3 dxc3 Be7 Be3 Nc6 Qd2 Be6 O-O-O Qd7 a3
10	e4 e5 Nf3 Nf6 Nxe5 d6 Nf3 Nxe4 Nc3 Nxc3 dxc3 Be7 Be3 Nc6 Qd2 Be6 O-O-O Qd7 b3
15	e4 e5 Nf3 Nf6 Nxe5 d6 Nf3 Nxe4 Nc3 Nxc3 dxc3 Be7 Be3 Nc6 Qd2 Be6 O-O-O Qd7 h4 h6
8	e4 e5 Nf3 Nf6 Nxe5 d6 Nf3 Nxe4 Nc3 Nxc3 dxc3 Be7 Be3 Nc6 Qd2 Bf5 O-O-O Qd7
8	e4 e5 Nf3 Nf6 Nxe5 d6 Nf3 Nxe4 Nc3 Nxc3 dxc3 Be7 Be3 Nc6 Qd2 Ne5
9	e4 e5 Nf3 Nf6 Nxe5 d6 Nf3 Nxe4 Nc3 Nxc3 dxc3 Be7 Be3 Nc6 Qd2 O-O O-O-O Ne5 h4
10	e4 e5 Nf3 Nf6 Nxe5 d6 Nf3 Nxe4 Nc3 Nxc3 dxc3 Be7 Be3 Nd7 Qd2 O-O O-O-O Nf6 Bd3
8	e4 e5 Nf3 Nf6 Nxe5 d6 Nf3 Nxe4 Nc3 Nxc3 dxc3 Be7 Be3 O-O Bd3 Nd7
8	e4 e5 Nf3 Nf6 Nxe5 d6 Nf3 Nxe4 Nc3 Nxc3 dxc3 Be7 Be3 O-O Qd2 Nc6 O-O-O Ne5
8	e4 e5 Nf3 Nf6 Nxe5 d6 Nf3 Nxe4 Nc3 Nxc3 dxc3 Be7 Be3 O-O Qd2 Nd7 O-O-O Ne5 h4 c6
17	e4 e5 Nf3 Nf6 Nxe5 d6 Nf3 Nxe4 Nc3 Nxc3 dxc3 Be7 Be3 O-O Qd2 Nd7 O-O-O Nf6 Bd3 Re8
11	e4 e5 Nf3 Nf6 Nxe5 d6 Nf3 Nxe4 Nc3 Nxc3 dxc3 Be7 Be3 O-O Qd2 Nd7 O-O-O Nf6 Bd3 c5 Rhe1 Be6
9	e4 e5 Nf3 Nf6 Nxe5 d6 Nf3 Nxe4 Nc3 Nxc3 dxc3 Be7 Be3 O-O Qd2 Nd7 O-O-O Re8
13	e4 e5 Nf3 Nf6 Nxe5 d6 Nf3 Nxe4 Nc3 Nxc3 dxc3 Be7 Be3 O-O Qd2 Nd7 O-O-O c6 Kb1 d5
8	e4 e5 Nf3 Nf6 Nxe5 d6 Nf3 Nxe4 Nc3 Nxc3 dxc3 Be7 Be3 O-O Qd2 Nd7 O-O-O c6 h4 d5
11	e4 e5 Nf3 Nf6 Nxe5 d6 Nf3 Nxe4 Nc3 Nxc3 dxc3 Be7 Be3 O-O Qd2 b6 O-O-O Bb7
10	e4 e5 Nf3 Nf6 Nxe5 d6 Nf3 Nxe4 Nc3 Nxc3 dxc3 Be7 Bf4 Nc6 Qd2 Be6 O-O-O Qd7 Kb1
9	e4 e5 Nf3 Nf6 Nxe5 d6 Nf3 Nxe4 Nc3 Nxc3 dxc3 Be7 Bf4 Nd7 Qd2 O-O O-O-O
8	e4 e5 Nf3 Nf6 Nxe5 d6 Nf3 Nxe4 Nc3 Nxc3 dxc3 Be7 Bf4 O-O Qd2 Nd7 O-O-O Nc5 Be3 Re8 Bc4 Be6 Bxe6 Nxe6 h4 Qd7 Qd5
14	e4 e5 Nf3 Nf6 Nxe5 d6 Nf3 Nxe4 Nc3 Nxc3 dxc3 Be7 Bf4 O-O Qd2 Nd7 O-O-O Nc5 h4
11	e4 e5 Nf3 Nf6 Nxe5 d6 Nf3 Nxe4 Nc3 Nxc3 dxc3 Nc6 Be3 Be7 Qd2 Be6 O-O-O Qd7
12	e4 e5 Nf3 Nf6 Nxe5 d6 Nf3 Nxe4 Qe2 Qe7 d3 Nf6 Bg5 Nbd7 Nc3
12	e4 e5 Nf3 Nf6 Nxe5 d6 Nf3 Nxe4 Qe2 Qe7 d3 Nf6 Bg5 Qxe2+ Bxe2 Be7 Nc3 c6 O-O-O
10	e4 e5 Nf3 Nf6 Nxe5 d6 Nf3 Nxe4 Qe2 Qe7 d3 Nf6 Bg5 Qxe2+ Bxe2 Be7 Nc3 h6
12	e4 e5 Nf3 Nf6 Nxe5 d6 Nf3 Nxe4 Qe2 Qe7 d3 Nf6 Nc3 Qxe2+ Bxe2 Be7
9	e4 e5 Nf3 Nf6 Nxe5 d6 Nf3 Nxe4 Qe2 Qe7 d3 Nf6 Nc3 Qxe2+ Bxe2 g6
11	e4 e5 Nf3 Nf6 Nxe5 d6 Nf3 Nxe4 c4 Be7
15	e4 e5 Nf3 Nf6 Nxe5 d6 Nf3 Nxe4 c4 Nc6
8	e4 e5 Nf3 Nf6 Nxe5 d6 Nf3 Nxe4 d3 Nf6 d4 Be7 Bd3 O-O O-O
9	e4 e5 Nf3 Nf6 Nxe5 d6 Nf3 Nxe4 d3 Nf6 d4 d5 Bd3 Bd6 O-O O-O h3
8	e4 e5 Nf3 Nf6 Nxe5 d6 Nf3 Nxe4 d3 Nf6 d4 d5 Bd3 Bd6 Qe2+ Be6
10	e4 e5 Nf3 Nf6 Nxe5 d6 Nf3 Nxe4 d3 Nf6 d4 g6 Bd3 Bg7 O-O O-O
8	e4 e5 Nf3 Nf6 Nxe5 d6 Nf3 Nxe4 d4 Be7 Bd3 Nf6
9	e4 e5 Nf3 Nf6 Nxe5 d6 Nf3 Nxe4 d4 d5 Bd3 Bd6 O-O O-O Re1 Bf5 c4 c6 Qb3
9	e4 e5 Nf3 Nf6 Nxe5 d6 Nf3 Nxe4 d4 d5 Bd3 Bd6 O-O O-O c4 c6 Nc3 Nxc3 bxc3 dxc4 Bxc4 Bf5 Bg5 Qa5 Nh4 Be6 Bxe6 Qxg5 Nf3 Qa5 Bb3 Nd7 Qd3
9	e4 e5 Nf3 Nf6 Nxe5 d6 Nf3 Nxe4 d4 d5 Bd3 Bd6 O-O O-O c4 c6 Nc3 Nxc3 bxc3 dxc4 Bxc4 Bg4 h3 Bh5 g4 Bg6 Ne5 b5
12	e4 e5 Nf3 Nf6 Nxe5 d6 Nf3 Nxe4 d4 d5 Bd3 Bd6 O-O O-O c4 c6 Qc2 Na6 a3 Bg4 Ne5 Bf5
8	e4 e5 Nf3 Nf6 Nxe5 d6 Nf3 Nxe4 d4 d5 Bd3 Bd6 O-O O-O c4 c6 Qc2 Na6 a3 Re8 Nc3 Bg4
15	e4 e5 Nf3 Nf6 Nxe5 d6 Nf3 Nxe4 d4 d5 Bd3 Bd6 O-O O-O c4 c6 Qc2 Na6 a3 f5 Nc3 Nc7
10	e4 e5 Nf3 Nf6 Nxe5 d6 Nf3 Nxe4 d4 d5 Bd3 Bd6 O-O O-O c4 c6 Qc2 h6
8	e4 e5 Nf3 Nf6 Nxe5 d6 Nf3 Nxe4 d4 d5 Bd3 Bd6 O-O O-O c4 c6 Re1 Bf5 Nc3 Nxc3 bxc3 Bxd3 Qxd3 dxc4 Qxc4 Nd7
12	e4 e5 Nf3 Nf6 Nxe5 d6 Nf3 Nxe4 d4 d5 Bd3 Bd6 O-O O-O c4 c6 Re1 Bf5 Qb3 Na6 cxd5 cxd5 Nc3
15	e4 e5 Nf3 Nf6 Nxe5 d6 Nf3 Nxe4 d4 d5 Bd3 Bd6 O-O O-O c4 c6 Re1 Bf5 Qb3 Qd7 Nc3 Nxc3 Bxf5 Qxf5 bxc3 b6
11	e4 e5 Nf3 Nf6 Nxe5 d6 Nf3 Nxe4 d4 d5 Bd3 Bd6 O-O O-O c4 c6 Re1 Bf5 Qb3 Qd7 c5 Bc7
8	e4 e5 Nf3 Nf6 Nxe5 d6 Nf3 Nxe4 d4 d5 Bd3 Bd6 O-O O-O c4 c6 Re1 Bf5 Qc2
8	e4 e5 Nf3 Nf6 Nxe5 d6 Nf3 Nxe4 d4 d5 Bd3 Bd6 O-O O-O c4 c6 Re1 Re8 Nc3 Nxc3 bxc3 Rxe1+ Qxe1
8	e4 e5 Nf3 Nf6 Nxe5 d6 Nf3 Nxe4 d4 d5 Bd3 Bd6 O-O O-O c4 c6 cxd5 cxd5 Nc3 Nxc3 bxc3 Bg4 Rb1 Nd7 h3 Bh5 Rb5 Nb6 c4 Bxf3 Qxf3 dxc4 Bc2 Qd7 a4 g6
8	e4 e5 Nf3 Nf6 Nxe5 d6 Nf3 Nxe4 d4 d5 Bd3 Be7 O-O Bf5 Re1 O-O Nbd2 Nd6 Nf1 Bg6
8	e4 e5 Nf3 Nf6 Nxe5 d6 Nf3 Nxe4 d4 d5 Bd3 Be7 O-O Nc6 Nbd2 Bf5 Re1
8	e4 e5 Nf3 Nf6 Nxe5 d6 Nf3 Nxe4 d4 d5 Bd3 Be7 O-O Nc6 Nc3 Nxc3 bxc3 Bg4
13	e4 e5 Nf3 Nf6 Nxe5 d6 Nf3 Nxe4 d4 d5 Bd3 Be7 O-O Nc6 Re1 Bg4
17	e4 e5 Nf3 Nf6 Nxe5 d6 Nf3 Nxe4 d4 d5 Bd3 Be7 O-O Nc6 c4 Nb4 Be2 O-O Nc3 Bf5 a3 Nxc3 bxc3 Nc6 Re1 Re8
14	e4 e5 Nf3 Nf6 Nxe5 d6 Nf3 Nxe4 d4 d5 Bd3 Be7 O-O Nc6 c4 Nf6
10	e4 e5 Nf3 Nf6 Nxe5 d6 Nf3 Nxe4 d4 d5 Bd3 Be7 O-O Nd6
11	e4 e5 Nf3 Nf6 Nxe5 d6 Nf3 Nxe4 d4 d5 Bd3 Be7 O-O O-O
8	e4 e5 Nf3 Nf6 Nxe5 d6 Nf3 Nxe4 d4 d5 Bd3 Bf5 O-O Be7 Ne5 Nd7 Nc3 Nxe5 dxe5
9	e4 e5 Nf3 Nf6 Nxe5 d6 Nf3 Nxe4 d4 d5 Bd3 Bf5 O-O Be7 Re1 O-O Nbd2 Nd6 Nf1 Bxd3 Qxd3 c6 Bf4 Na6
21	e4 e5 Nf3 Nf6 Nxe5 d6 Nf3 Nxe4 d4 d5 Bd3 Bf5 O-O Be7 Re1 O-O Nbd2 Nd6 Nf1 c6 Bf4 Bxd3 Qxd3 Na6
8	e4 e5 Nf3 Nf6 Nxe5 d6 Nf3 Nxe4 d4 d5 Bd3 Bf5 O-O Be7 Re1 O-O c4 Nc6 cxd5 Qxd5 Nc3 Nxc3 bxc3 Rae8
10	e4 e5 Nf3 Nf6 Nxe5 d6 Nf3 Nxe4 d4 d5 Bd3 Bf5 O-O Be7 c4 dxc4 Bxc4 O-O Re1
11	e4 e5 Nf3 Nf6 Nxe5 d6 Nf3 Nxe4 d4 d5 Bd3 Nc6 O-O Be7 Nbd2 Bf5 Re1 Nxd2 Qxd2 Bxd3 Qxd3 O-O
11	e4 e5 Nf3 Nf6 Nxe5 d6 Nf3 Nxe4 d4 d5 Bd3 Nc6 O-O Be7 Nbd2 Nd6 c3 Bf5
9	e4 e5 Nf3 Nf6 Nxe5 d6 Nf3 Nxe4 d4 d5 Bd3 Nc6 O-O Be7 Nbd2 Nxd2 Bxd2 Bg4 c3 O-O h3 Bh5 g3 Qd7 Kg2 Bg6
9	e4 e5 Nf3 Nf6 Nxe5 d6 Nf3 Nxe4 d4 d5 Bd3 Nc6 O-O Be7 Nc3 Bf5 Re1 Nxc3 bxc3 Bxd3 Qxd3 O-O Rb1
8	e4 e5 Nf3 Nf6 Nxe5 d6 Nf3 Nxe4 d4 d5 Bd3 Nc6 O-O Be7 Nc3 Nxc3 bxc3 Bg4 Rb1 Rb8
13	e4 e5 Nf3 Nf6 Nxe5 d6 Nf3 Nxe4 d4 d5 Bd3 Nc6 O-O Be7 Nc3 Nxc3 bxc3 Bg4 Re1 O-O Bf4
8	e4 e5 Nf3 Nf6 Nxe5 d6 Nf3 Nxe4 d4 d5 Bd3 Nc6 O-O Be7 Re1 Bf5 Nbd2 Nxd2 Qxd2
8	e4 e5 Nf3 Nf6 Nxe5 d6 Nf3 Nxe4 d4 d5 Bd3 Nc6 O-O Be7 Re1 Bg4 c3 f5 Nbd2 O-O Qb3 Na5
8	e4 e5 Nf3 Nf6 Nxe5 d6 Nf3 Nxe4 d4 d5 Bd3 Nc6 O-O Be7 Re1 Bg4 c3 f5 Qb3 O-O Nbd2 Na5 Qa4 Nc6
13	e4 e5 Nf3 Nf6 Nxe5 d6 Nf3 Nxe4 d4 d5 Bd3 Nc6 O-O Be7 Re1 Bg4 c3 f5 Qb3 O-O Nbd2 Na5 Qc2
9	e4 e5 Nf3 Nf6 Nxe5 d6 Nf3 Nxe4 d4 d5 Bd3 Nc6 O-O Be7 Re1 Bg4 c4 Nf6 Nc3 Bxf3 Qxf3 Nxd4 Qd1 Ne6 cxd5 Nxd5 Bb5+ c6 Nxd5 cxb5
8	e4 e5 Nf3 Nf6 Nxe5 d6 Nf3 Nxe4 d4 d5 Bd3 Nc6 O-O Be7 c4 Nb4 Be2 Be6 Nc3 O-O
8	e4 e5 Nf3 Nf6 Nxe5 d6 Nf3 Nxe4 d4 d5 Bd3 Nc6 O-O Be7 c4 Nb4 Be2 O-O Nc3 Be6 Be3 Bf5 Rc1 dxc4 Bxc4 c6 Ne5 Nxc3 bxc3 Nd5 Qf3 Be6
9	e4 e5 Nf3 Nf6 Nxe5 d6 Nf3 Nxe4 d4 d5 Bd3 Nc6 O-O Be7 c4 Nb4 Be2 O-O Nc3 Be6 Ne5 c5 Nxe4 dxe4 d5
12	e4 e5 Nf3 Nf6 Nxe5 d6 Nf3 Nxe4 d4 d5 Bd3 Nc6 O-O Be7 c4 Nb4 Be2 O-O Nc3 Be6 Ne5 f6 Nf3 Kh8
8	e4 e5 Nf3 Nf6 Nxe5 d6 Nf3 Nxe4 d4 d5 Bd3 Nc6 O-O Be7 c4 Nb4 Be2 O-O Nc3 Bf5 a3 Nxc3 bxc3 Nc6 Re1 Re8 Bf4 dxc4 Bxc4 Bd6 Rxe8+ Qxe8 Ng5 Bg6 Bxd6 cxd6 h4 Qe7 Qg4 h6
12	e4 e5 Nf3 Nf6 Nxe5 d6 Nf3 Nxe4 d4 d5 Bd3 Nc6 O-O Be7 c4 Nb4 Be2 O-O Nc3 Bf5 a3 Nxc3 bxc3 Nc6 Re1 Re8 cxd5 Qxd5 Bf4 Rac8 Bd3 Qd7 Rb1
13	e4 e5 Nf3 Nf6 Nxe5 d6 Nf3 Nxe4 d4 d5 Bd3 Nc6 O-O Be7 c4 Nb4 Be2 O-O Nc3 Bf5 a3 Nxc3 bxc3 Nc6 Re1 Re8 cxd5 Qxd5 Bf4 Rac8 h3 Be4
14	e4 e5 Nf3 Nf6 Nxe5 d6 Nf3 Nxe4 d4 d5 Bd3 Nc6 O-O Be7 c4 Nb4 Be2 O-O Nc3 Bf5 a3 Nxc3 bxc3 Nc6 Re1 Re8 cxd5 Qxd5 Bf4 Rac8 h3 h6
11	e4 e5 Nf3 Nf6 Nxe5 d6 Nf3 Nxe4 d4 d5 Bd3 Nc6 O-O Be7 c4 Nb4 Be2 O-O Nc3 Bf5 a3 Nxc3 bxc3 Nc6 cxd5 Qxd5
9	e4 e5 Nf3 Nf6 Nxe5 d6 Nf3 Nxe4 d4 d5 Bd3 Nc6 O-O Be7 c4 Nb4 Be2 O-O a3 Nc6 cxd5 Qxd5 Nc3 Nxc3 bxc3 Bf5 Re1 Rfe8 Bf4 Rac8 h3 h6
9	e4 e5 Nf3 Nf6 Nxe5 d6 Nf3 Nxe4 d4 d5 Bd3 Nc6 O-O Be7 c4 Nb4 Re1 Nxd3 Qxd3 c6 cxd5 cxd5 Qb5+ Qd7 Qb3 O-O
15	e4 e5 Nf3 Nf6 Nxe5 d6 Nf3 Nxe4 d4 d5 Bd3 Nc6 O-O Be7 c4 Nb4 cxd5 Nxd3 Qxd3 Qxd5 Re1 Bf5
8	e4 e5 Nf3 Nf6 Nxe5 d6 Nf3 Nxe4 d4 d5 Bd3 Nc6 O-O Be7 c4 Nf6 Nc3 Be6 cxd5 Nxd5
9	e4 e5 Nf3 Nf6 Nxe5 d6 Nf3 Nxe4 d4 d5 Bd3 Nc6 O-O Be7 c4 Nf6 Nc3 O-O
8	e4 e5 Nf3 Nf6 Nxe5 d6 Nf3 Nxe4 d4 d5 Bd3 Nc6 O-O Be7 c4 Nf6 h3 Nb4 Be2 dxc4 Bxc4
10	e4 e5 Nf3 Nf6 Nxe5 d6 Nf3 Nxe4 d4 d5 Bd3 Nc6 O-O Bg4 c4 Nf6
10	e4 e5 Nf3 Nf6 d3 Nc6 g3 Bc5 Bg2
9	e4 e5 Nf3 Nf6 d3 Nc6 g3 d5 exd5
9	e4 e5 Nf3 Nf6 d4 Nxe4 Bd3 Nc6 Nxe5 Nxe5 dxe5 Nc5
10	e4 e5 Nf3 Nf6 d4 Nxe4 Bd3 Nc6 dxe5
8	e4 e5 Nf3 Nf6 d4 Nxe4 Bd3 d5 Nxe5 Bd6 O-O O-O c4 Bxe5 dxe5 Nc6 cxd5 Qxd5 Qc2 Nb4 Bxe4 Nxc2 Bxd5 Bf5 g4 Bxg4 Be4 Nxa1 Bf4
8	e4 e5 Nf3 Nf6 d4 Nxe4 Bd3 d5 Nxe5 Nd7 Nc3 Nxc3 bxc3 Bd6 O-O O-O Re1 c5 Nxd7 Qxd7
10	e4 e5 Nf3 Nf6 d4 Nxe4 Bd3 d5 Nxe5 Nd7 Nc3 Nxc3 bxc3 Nxe5 dxe5 Bc5
8	e4 e5 Nf3 Nf6 d4 Nxe4 Bd3 d5 Nxe5 Nd7 Nc3 Nxe5 dxe5 Nxc3 bxc3 Bc5 O-O O-O
9	e4 e5 Nf3 Nf6 d4 Nxe4 Bd3 d5 Nxe5 Nd7 Nxd7 Bxd7 O-O Bd6 Nc3 Nxc3 bxc3 O-O Qh5 f5 Rb1 b6
10	e4 e5 Nf3 Nf6 d4 Nxe4 Bd3 d5 Nxe5 Nd7 Nxd7 Bxd7 O-O Bd6 Nc3 Nxc3 bxc3 O-O Qh5 f5 Re1 c6 Bg5 Qc7
8	e4 e5 Nf3 Nf6 d4 Nxe4 Bd3 d5 Nxe5 Nd7 Nxd7 Bxd7 O-O Bd6 Qh5 Nf6 Re1+ Kf8
8	e4 e5 Nf3 Nf6 d4 Nxe4 Bd3 d5 Nxe5 Nd7 Nxd7 Bxd7 O-O Bd6 Qh5 Qf6 Nc3 Qxd4 Be3 Qe5 Qxe5+ Bxe5 Nxd5 Nf6 Rae1 Nxd5
9	e4 e5 Nf3 Nf6 d4 Nxe4 Bd3 d5 Nxe5 Nd7 Nxd7 Bxd7 O-O Bd6 c4 O-O
8	e4 e5 Nf3 Nf6 d4 Nxe4 Bd3 d5 Nxe5 Nd7 Nxd7 Bxd7 O-O Bd6 c4 c6 Nc3
8	e4 e5 Nf3 Nf6 d4 Nxe4 Bd3 d5 Nxe5 Nd7 Nxd7 Bxd7 O-O Bd6 c4 c6 cxd5 cxd5 Nc3 Nxc3 bxc3 O-O Qh5 g6 Qxd5 Qc7 Bh6
10	e4 e5 Nf3 Nf6 d4 Nxe4 Bd3 d5 Nxe5 Nd7 Nxd7 Bxd7 O-O Bd6 c4 c6 cxd5 cxd5 Qh5 O-O Qxd5 Bc6 Qh5 g6 Qh3
18	e4 e5 Nf3 Nf6 d4 Nxe4 Bd3 d5 Nxe5 Nd7 Nxd7 Bxd7 O-O Be7
11	e4 e5 Nf3 Nf6 d4 Nxe4 Bd3 d5 Nxe5 Nd7 O-O Nxe5 dxe5 Nc5 Be3
16	e4 e5 Nf3 Nf6 d4 Nxe4 Bd3 d5 dxe5 Be7 O-O
10	e4 e5 Nf3 Nf6 d4 Nxe4 Bd3 d5 dxe5 Nc5 Be2 Be7 O-O O-O Be3
9	e4 e5 Nf3 Nf6 d4 Nxe4 Nxe5
13	e4 e5 Nf3 Nf6 d4 Nxe4 dxe5 Bc5 Bc4 Nxf2 Bxf7+ Kxf7 Qd5+ Kg6 Qxc5 Nxh1 Nc3 h6 Qc4
8	e4 e5 Nf3 Nf6 d4 Nxe4 dxe5 d5 Nbd2 Nc5 Nb3 Ne6
9	e4 e5 Nf3 Nf6 d4 Nxe4 dxe5 d5 Nbd2 Nxd2 Bxd2 Be7 Bd3 c5 c3 Nc6 O-O
10	e4 e5 Nf3 Nf6 d4 Nxe4 dxe5 d5 Nbd2 Nxd2 Qxd2
8	e4 e5 Nf3 Nf6 d4 Nxe4 dxe5 d5 Nbd2 Qd7 Bd3 Nc5 Be2 Ne6 O-O
9	e4 e5 Nf3 Nf6 d4 exd4 e5 Ne4 Qxd4 d5 exd6 Nxd6 Nc3 Nc6 Qf4 Nf5
9	e4 e5 Nf3 Nf6 d4 exd4 e5 Ne4 Qxd4 d5 exd6 Nxd6 Nc3 Nc6 Qf4 g6
8	e4 e5 Nf3 d6 Bc4 Be7
10	e4 e5 Nf3 d6 d4 exd4 Nxd4 Nf6 Nc3 Be7 Be2 O-O O-O Re8
14	e4 e5 Nf3 d6 d4 exd4 Nxd4 Nf6 Nc3 Be7 Bf4 O-O Qd2
8	e4 e5 Nf3 d6 d4 exd4 Nxd4 Nf6 Nc3 Be7 g3 O-O Bg2 Re8 O-O
11	e4 e5 Nf3 d6 d4 exd4 Nxd4 Nf6 Nc3 Be7 g3 d5 e5 Ng4 Bg2
8	e4 e5 Nf3 d6 d4 exd4 Nxd4 Nf6 Nc3 g6 g3 Bg7 Bg2 O-O O-O
11	e4 e5 Nf3 d6 d4 exd4 Qxd4
8	e4 e5 Qh5
13	e4 e5 d3 Nc6
8	e4 e5 d4 exd4 Nf3 Nc6 Bc4
9	e4 e5 d4 exd4 Qxd4 Nc6 Qc4 Nf6 Nc3 Bb4 Bd2 O-O O-O-O
11	e4 e5 d4 exd4 Qxd4 Nc6 Qe3 Nf6 Bd2
12	e4 e5 d4 exd4 Qxd4 Nc6 Qe3 Nf6 Nc3 Bb4 Bd2 O-O O-O-O Re8
8	e4 e5 f4 d5 exd5 exf4 Nf3 Nf6 Bb5+ c6 dxc6 Nxc6 Nc3
8	e4 e5 f4 exf4 Bc4 Nf6 Nc3 c6
9	e4 e5 f4 exf4 Bc4 d5
9	e4 e5 f4 exf4 Nf3 Ne7 d4 d5
8	e4 e5 f4 exf4 Nf3 Nf6 e5 Nh5
13	e4 e5 f4 exf4 Nf3 d5 exd5 Nf6
8	e4 e5 f4 exf4 Nf3 d6 Bc4 h6 h4
9	e4 e5 f4 exf4 Nf3 g5 h4 g4 Ne5
14	e4 e6 Nc3 d5 d4
10	e4 e6 Nf3 d5 e5 c5
9	e4 e6 Qe2 Be7
9	e4 e6 Qe2 c5 Nf3 Nc6 g3 g6 Bg2 Bg7
9	e4 e6 Qe2 c5 g3 Nc6 c3
8	e4 e6 d3 c5 Nf3 Nc6 g3 g6
8	e4 e6 d3 c5 g3 Nc6 Bg2
8	e4 e6 d3 d5 Nd2 Nc6 Ngf3
12	e4 e6 d3 d5 Nd2 Nf6 Ngf3 b6 c3
13	e4 e6 d3 d5 Nd2 c5 Ngf3 Nc6 g3
8	e4 e6 d3 d5 Nd2 c5 g3 Nc6 Bg2
8	e4 e6 d3 d5 Qe2 Nc6 Nf3
8	e4 e6 d3 d5 Qe2 Nf6 Nf3
9	e4 e6 d4 d5 Bd3 dxe4 Bxe4 Nf6 Bf3 c5 Ne2
8	e4 e6 d4 d5 Nc3 Bb4 Ne2 Nc6 a3 Ba5
9	e4 e6 d4 d5 Nc3 Bb4 Ne2 dxe4 a3 Be7 Nxe4 Nf6
8	e4 e6 d4 d5 Nc3 Bb4 Qd3
13	e4 e6 d4 d5 Nc3 Bb4 a3 Bxc3+ bxc3 dxe4 Qg4 Nf6 Qxg7 Rg8 Qh6
9	e4 e6 d4 d5 Nc3 Bb4 e5 Ne7 Bd2
8	e4 e6 d4 d5 Nc3 Bb4 e5 Ne7 a3 Bxc3+ bxc3 b6 Qg4 Ng6 h4 h5 Qd1
10	e4 e6 d4 d5 Nc3 Bb4 e5 Ne7 a3 Bxc3+ bxc3 b6 Qg4 Ng6 h4 h5 Qg3 Ba6
12	e4 e6 d4 d5 Nc3 Bb4 e5 Ne7 a3 Bxc3+ bxc3 c5 Nf3
9	e4 e6 d4 d5 Nc3 Bb4 e5 Ne7 a3 Bxc3+ bxc3 c5 Qg4 Kf8
9	e4 e6 d4 d5 Nc3 Bb4 e5 Ne7 a3 Bxc3+ bxc3 c5 Qg4 O-O Bd3 Nbc6 Qh5 Ng6 Nf3 Qc7 Be3 c4 Bxg6 fxg6 Qg4 Qf7 Ng5 Qe8 h4
10	e4 e6 d4 d5 Nc3 Bb4 e5 Ne7 a3 Bxc3+ bxc3 c5 Qg4 O-O Bd3 f5 exf6 Rxf6 Bg5 Rf7 Qh5 g6 Qd1
13	e4 e6 d4 d5 Nc3 Bb4 e5 Ne7 a3 Bxc3+ bxc3 c5 h4
8	e4 e6 d4 d5 Nc3 Bb4 e5 Qd7 a3
8	e4 e6 d4 d5 Nc3 Bb4 e5 b6 a3 Bf8
12	e4 e6 d4 d5 Nc3 Bb4 e5 c5 Bd2 Ne7 a3 Bxc3 Bxc3
8	e4 e6 d4 d5 Nc3 Bb4 e5 c5 a3 Ba5 Qg4 Ne7 dxc5 Bxc3+ bxc3
8	e4 e6 d4 d5 Nc3 Bb4 e5 c5 a3 Ba5 b4 cxd4 Nb5 Bc7 f4 Bd7 Nf3
9	e4 e6 d4 d5 Nc3 Bb4 e5 c5 a3 Ba5 b4 cxd4 Nb5 Bc7 f4 Bd7 Nxc7+ Qxc7 Nf3
8	e4 e6 d4 d5 Nc3 Bb4 e5 c5 a3 Ba5 b4 cxd4 Qg4 Kf8 Nb5 Bb6 Nf3 Nc6
8	e4 e6 d4 d5 Nc3 Bb4 e5 c5 a3 Ba5 b4 cxd4 Qg4 Ne7 bxa5 dxc3 Qxg7 Rg8 Qxh7 Nbc6 Nf3 Qc7 Bf4 Bd7
9	e4 e6 d4 d5 Nc3 Bb4 e5 c5 a3 Ba5 b4 cxd4 Qg4 Ne7 bxa5 dxc3 Qxg7 Rg8 Qxh7 Nbc6 f4
9	e4 e6 d4 d5 Nc3 Bb4 e5 c5 a3 Bxc3+ bxc3 Nc6 Qg4 g6 h4 h6
16	e4 e6 d4 d5 Nc3 Bb4 e5 c5 a3 Bxc3+ bxc3 Ne7 Nf3 Bd7
9	e4 e6 d4 d5 Nc3 Bb4 e5 c5 a3 Bxc3+ bxc3 Ne7 Nf3 Qa5 Bd2 Nbc6
8	e4 e6 d4 d5 Nc3 Bb4 e5 c5 a3 Bxc3+ bxc3 Ne7 Nf3 b6 Bb5+ Bd7 Bd3 Ba4
21	e4 e6 d4 d5 Nc3 Bb4 e5 c5 a3 Bxc3+ bxc3 Ne7 Qg4 Kf8
9	e4 e6 d4 d5 Nc3 Bb4 e5 c5 a3 Bxc3+ bxc3 Ne7 Qg4 O-O Bd3 Nbc6 Qh5 Ng6 Nf3 Qc7 Be3
9	e4 e6 d4 d5 Nc3 Bb4 e5 c5 a3 Bxc3+ bxc3 Ne7 Qg4 O-O Bd3 f5 exf6 Rxf6 Bg5
11	e4 e6 d4 d5 Nc3 Bb4 e5 c5 a3 Bxc3+ bxc3 Ne7 Qg4 Qc7 Bd3
10	e4 e6 d4 d5 Nc3 Bb4 e5 c5 a3 Bxc3+ bxc3 Ne7 Qg4 Qc7 Qxg7 Rg8 Qxh7 cxd4 Ne2 Nbc6 f4 dxc3
8	e4 e6 d4 d5 Nc3 Bb4 e5 c5 a3 Bxc3+ bxc3 Ne7 Qg4 cxd4 Qxg7 Rg8 Qxh7 Qc7 Ne2 Nbc6 f4 dxc3 Qd3
15	e4 e6 d4 d5 Nc3 Bb4 e5 c5 a3 Bxc3+ bxc3 Ne7 a4
8	e4 e6 d4 d5 Nc3 Bb4 e5 c5 a3 Bxc3+ bxc3 Ne7 h4 Nbc6
8	e4 e6 d4 d5 Nc3 Bb4 e5 c5 a3 Bxc3+ bxc3 Ne7 h4 Qc7 h5 h6 Rb1
8	e4 e6 d4 d5 Nc3 Bb4 e5 c5 a3 Bxc3+ bxc3 Qa5 Bd2 Qa4 Qb1 c4 h4 Nc6 h5
8	e4 e6 d4 d5 Nc3 Bb4 e5 c5 a3 Bxc3+ bxc3 Qa5 Bd2 Qa4 Qg4 Kf8 Qd1 b6
9	e4 e6 d4 d5 Nc3 Bb4 e5 c5 a3 Bxc3+ bxc3 Qa5 Bd2 Qa4 Qg4 g6
11	e4 e6 d4 d5 Nc3 Bb4 e5 c5 a3 Bxc3+ bxc3 Qa5 Bd2 Qa4 h4
10	e4 e6 d4 d5 Nc3 Bb4 e5 c5 a3 Bxc3+ bxc3 Qc7 Nf3 Ne7 a4
11	e4 e6 d4 d5 Nc3 Bb4 e5 c5 a3 Bxc3+ bxc3 Qc7 Qg4 f5
8	e4 e6 d4 d5 Nc3 Bb4 e5 c5 a3 Bxc3+ bxc3 Qc7 Qg4 f6 Nf3 c4
8	e4 e6 d4 d5 Nc3 Bb4 exd5 exd5 Bd3 Nc6 a3 Bxc3+ bxc3
12	e4 e6 d4 d5 Nc3 Bb4 exd5 exd5 Bd3 Ne7
8	e4 e6 d4 d5 Nc3 Bb4 exd5 exd5 Bd3 Nf6 Ne2 O-O O-O c6
11	e4 e6 d4 d5 Nc3 Bb4 exd5 exd5 Bd3 c6
10	e4 e6 d4 d5 Nc3 Nc6 Nf3 Nf6 Bd3
11	e4 e6 d4 d5 Nc3 Nc6 Nf3 Nf6 e5 Ne4
10	e4 e6 d4 d5 Nc3 Nc6 e5 f6 Bb5
9	e4 e6 d4 d5 Nc3 Nf6 Bg5 Bb4 e5 h6 Bd2 Bxc3 bxc3 Ne4 Qg4 Kf8 Bd3 Nxd2 Kxd2 c5 Nf3
10	e4 e6 d4 d5 Nc3 Nf6 Bg5 Bb4 e5 h6 Bd2 Bxc3 bxc3 Ne4 Qg4 Kf8 Bd3 Nxd2 Kxd2 c5 h4
9	e4 e6 d4 d5 Nc3 Nf6 Bg5 Bb4 e5 h6 Bd2 Bxc3 bxc3 Ne4 Qg4 g6 Bd3 Nxd2 Kxd2 c5
9	e4 e6 d4 d5 Nc3 Nf6 Bg5 Bb4 e5 h6 Be3 Ne4 Qg4
9	e4 e6 d4 d5 Nc3 Nf6 Bg5 Be7 e5 Nfd7 Bxe7 Qxe7 f4 a6 Nf3 c5 Qd2 Nc6
9	e4 e6 d4 d5 Nc3 Nf6 Bg5 Be7 e5 Nfd7 Bxe7 Qxe7 f4 a6 Nf3 c5 dxc5
15	e4 e6 d4 d5 Nc3 Nf6 Bg5 Be7 e5 Nfd7 h4
8	e4 e6 d4 d5 Nc3 Nf6 Bg5 dxe4 Nxe4 Be7 Bxf6 Bxf6 Nf3 Nd7 Bc4 a6 Qe2
10	e4 e6 d4 d5 Nc3 Nf6 Bg5 dxe4 Nxe4 Be7 Bxf6 Bxf6 Nf3 Nd7 Qd2 O-O O-O-O Be7
9	e4 e6 d4 d5 Nc3 Nf6 Bg5 dxe4 Nxe4 Be7 Bxf6 Bxf6 Nf3 O-O Bc4 Nc6 c3 e5 d5
8	e4 e6 d4 d5 Nc3 Nf6 Bg5 dxe4 Nxe4 Be7 Bxf6 Bxf6 Nf3 O-O Qd2 Be7
13	e4 e6 d4 d5 Nc3 Nf6 Bg5 dxe4 Nxe4 Be7 Bxf6 Bxf6 Nf3 O-O Qd2 Nd7 O-O-O
9	e4 e6 d4 d5 Nc3 Nf6 Bg5 dxe4 Nxe4 Be7 Bxf6 Bxf6 Nf3 O-O Qd2 b6
10	e4 e6 d4 d5 Nc3 Nf6 Bg5 dxe4 Nxe4 Be7 Bxf6 gxf6 Nf3 a6 g3
8	e4 e6 d4 d5 Nc3 Nf6 Bg5 dxe4 Nxe4 Be7 Bxf6 gxf6 Nf3 f5 Nc3 a6 Qe2 b5 O-O-O b4 Na4 Qd5
8	e4 e6 d4 d5 Nc3 Nf6 Bg5 dxe4 Nxe4 Be7 Bxf6 gxf6 Nf3 f5 Nc3 a6 g3 b5 Bg2 Bb7 O-O
11	e4 e6 d4 d5 Nc3 Nf6 Bg5 dxe4 Nxe4 Be7 Bxf6 gxf6 Qd2
9	e4 e6 d4 d5 Nc3 Nf6 Bg5 dxe4 Nxe4 Be7 Nxf6+ Bxf6 Bxf6 Qxf6 Nf3 O-O Qd3
9	e4 e6 d4 d5 Nc3 Nf6 Bg5 dxe4 Nxe4 Nbd7 Nf3 Be7 Nxf6+ Bxf6 h4 O-O
8	e4 e6 d4 d5 Nc3 Nf6 Bg5 dxe4 Nxe4 Nbd7 Nf3 h6 Bh4
10	e4 e6 d4 d5 Nc3 Nf6 Bg5 dxe4 Nxe4 Nbd7 Nf3 h6 Bxf6 Nxf6 Bd3
10	e4 e6 d4 d5 Nc3 Nf6 Bg5 dxe4 Nxe4 Nbd7 Nf3 h6 Nxf6+ Nxf6 Be3 Bd6
10	e4 e6 d4 d5 Nc3 Nf6 Bg5 dxe4 Nxe4 Nbd7 Nf3 h6 Nxf6+ Nxf6 Be3 Nd5 Bd2
9	e4 e6 d4 d5 Nc3 Nf6 Bg5 dxe4 Nxe4 Nbd7 Nf3 h6 Nxf6+ Nxf6 Bh4 c5 Bc4 cxd4 O-O Be7
9	e4 e6 d4 d5 Nc3 Nf6 Bg5 dxe4 Nxe4 Nbd7 Nf3 h6 Nxf6+ Nxf6 Bh4 c5 Bd3
12	e4 e6 d4 d5 Nc3 Nf6 Bg5 dxe4 Nxe4 Nbd7 Nf3 h6 Nxf6+ Nxf6 Bxf6 Qxf6 Bb5+ c6 Bd3
13	e4 e6 d4 d5 Nc3 Nf6 Bg5 dxe4 Nxe4 Nbd7 Nxf6+ Nxf6 Nf3 c5
9	e4 e6 d4 d5 Nc3 Nf6 Bg5 dxe4 Nxe4 Nbd7 Nxf6+ Nxf6 Nf3 h6 Be3
10	e4 e6 d4 d5 Nc3 Nf6 Bg5 dxe4 Nxe4 Nbd7 Nxf6+ Nxf6 Nf3 h6 Bh4 c5
11	e4 e6 d4 d5 Nc3 Nf6 Bg5 h6 Bxf6 Qxf6
11	e4 e6 d4 d5 Nc3 Nf6 e5 Nfd7 Nce2 c5 c3 Nc6 Nf3 Be7 a3
8	e4 e6 d4 d5 Nc3 Nf6 e5 Nfd7 Nce2 c5 c3 Nc6 Nf3 b5 a3
21	e4 e6 d4 d5 Nc3 Nf6 e5 Nfd7 Nce2 c5 c3 Nc6 f4
8	e4 e6 d4 d5 Nc3 Nf6 e5 Nfd7 f4 c5 Nf3 Be7 Be3 O-O Qd2 b6
13	e4 e6 d4 d5 Nc3 Nf6 e5 Nfd7 f4 c5 Nf3 Be7 Be3 b6
10	e4 e6 d4 d5 Nc3 Nf6 e5 Nfd7 f4 c5 Nf3 Nc6 Be3 Be7 Qd2 O-O Be2 a6 O-O b5 a3
9	e4 e6 d4 d5 Nc3 Nf6 e5 Nfd7 f4 c5 Nf3 Nc6 Be3 Be7 Qd2 O-O dxc5 Bxc5 O-O-O Qa5
10	e4 e6 d4 d5 Nc3 Nf6 e5 Nfd7 f4 c5 Nf3 Nc6 Be3 Be7 Qd2 O-O dxc5 Nxc5 O-O-O a6
9	e4 e6 d4 d5 Nc3 Nf6 e5 Nfd7 f4 c5 Nf3 Nc6 Be3 Be7 Qd2 a6 Bd3
12	e4 e6 d4 d5 Nc3 Nf6 e5 Nfd7 f4 c5 Nf3 Nc6 Be3 Be7 Qd2 a6 Be2 b5
9	e4 e6 d4 d5 Nc3 Nf6 e5 Nfd7 f4 c5 Nf3 Nc6 Be3 Be7 Qd2 a6 a3
9	e4 e6 d4 d5 Nc3 Nf6 e5 Nfd7 f4 c5 Nf3 Nc6 Be3 Be7 Qd2 a6 dxc5 Nxc5
13	e4 e6 d4 d5 Nc3 Nf6 e5 Nfd7 f4 c5 Nf3 Nc6 Be3 Be7 Qd2 b6
10	e4 e6 d4 d5 Nc3 Nf6 e5 Nfd7 f4 c5 Nf3 Nc6 Be3 Be7 a3
8	e4 e6 d4 d5 Nc3 Nf6 e5 Nfd7 f4 c5 Nf3 Nc6 Be3 Be7 dxc5
10	e4 e6 d4 d5 Nc3 Nf6 e5 Nfd7 f4 c5 Nf3 Nc6 Be3 Qb6 Na4 Qa5+ c3 b6 Bd2 c4 b4
8	e4 e6 d4 d5 Nc3 Nf6 e5 Nfd7 f4 c5 Nf3 Nc6 Be3 Qb6 Na4 Qa5+ c3 c4 b4 Qc7 Be2 Be7 O-O
8	e4 e6 d4 d5 Nc3 Nf6 e5 Nfd7 f4 c5 Nf3 Nc6 Be3 Qb6 Na4 Qa5+ c3 cxd4 b4 Nxb4 cxb4 Bxb4+ Bd2
11	e4 e6 d4 d5 Nc3 Nf6 e5 Nfd7 f4 c5 Nf3 Nc6 Be3 Rb8 Qd2 Qa5
9	e4 e6 d4 d5 Nc3 Nf6 e5 Nfd7 f4 c5 Nf3 Nc6 Be3 a6 Ne2 Qb6 Qc1 Be7 c3 O-O
8	e4 e6 d4 d5 Nc3 Nf6 e5 Nfd7 f4 c5 Nf3 Nc6 Be3 a6 Qd2 Be7
9	e4 e6 d4 d5 Nc3 Nf6 e5 Nfd7 f4 c5 Nf3 Nc6 Be3 a6 Qd2 b5 Bd3
15	e4 e6 d4 d5 Nc3 Nf6 e5 Nfd7 f4 c5 Nf3 Nc6 Be3 a6 Qd2 b5 Be2
8	e4 e6 d4 d5 Nc3 Nf6 e5 Nfd7 f4 c5 Nf3 Nc6 Be3 a6 Qd2 b5 Nd1
14	e4 e6 d4 d5 Nc3 Nf6 e5 Nfd7 f4 c5 Nf3 Nc6 Be3 a6 Qd2 b5 a3 Qa5
9	e4 e6 d4 d5 Nc3 Nf6 e5 Nfd7 f4 c5 Nf3 Nc6 Be3 a6 Qd2 b5 dxc5 Bxc5 Bd3 Qb6 Bf2 h6
8	e4 e6 d4 d5 Nc3 Nf6 e5 Nfd7 f4 c5 Nf3 Nc6 Be3 a6 Qd2 b5 dxc5 Bxc5 Bxc5 Nxc5
9	e4 e6 d4 d5 Nc3 Nf6 e5 Nfd7 f4 c5 Nf3 Nc6 Be3 a6 Qd2 b5 dxc5 Bxc5 Ne2
8	e4 e6 d4 d5 Nc3 Nf6 e5 Nfd7 f4 c5 Nf3 Nc6 Be3 a6 Qd2 b5 h4
8	e4 e6 d4 d5 Nc3 Nf6 e5 Nfd7 f4 c5 Nf3 Nc6 Be3 a6 a3 cxd4 Nxd4 Bc5 Qd2 O-O
11	e4 e6 d4 d5 Nc3 Nf6 e5 Nfd7 f4 c5 Nf3 Nc6 Be3 cxd4 Nxd4 Bc5 Qd2 Bxd4 Bxd4 Nxd4 Qxd4 Qb6 Qxb6 Nxb6
11	e4 e6 d4 d5 Nc3 Nf6 e5 Nfd7 f4 c5 Nf3 Nc6 Be3 cxd4 Nxd4 Bc5 Qd2 Nxd4 Bxd4 Bxd4 Qxd4 Qb6
8	e4 e6 d4 d5 Nc3 Nf6 e5 Nfd7 f4 c5 Nf3 Nc6 Be3 cxd4 Nxd4 Bc5 Qd2 O-O O-O-O Bxd4 Bxd4 Qa5 Kb1 Rb8
9	e4 e6 d4 d5 Nc3 Nf6 e5 Nfd7 f4 c5 Nf3 Nc6 Be3 cxd4 Nxd4 Bc5 Qd2 O-O O-O-O a6 Nb3 Bb4
8	e4 e6 d4 d5 Nc3 Nf6 e5 Nfd7 f4 c5 Nf3 Nc6 Be3 cxd4 Nxd4 Bc5 Qd2 O-O O-O-O a6 Qf2 Bxd4 Bxd4 b5 Be3
9	e4 e6 d4 d5 Nc3 Nf6 e5 Nfd7 f4 c5 Nf3 Nc6 Be3 cxd4 Nxd4 Qb6 Qd2 Qxb2 Rb1 Qa3 Bb5 Nxd4 Bxd4 a6 Bxd7+ Bxd7 Rb3 Qe7 Rxb7 Qd8
8	e4 e6 d4 d5 Nc3 Nf6 e5 Nfd7 f4 c5 Nf3 Nc6 Be3 cxd4 Nxd4 Qb6 Qd2 Qxb2 Rb1 Qa3 Bb5 Nxd4 Bxd4 a6 Bxd7+ Bxd7 Rb3 Qe7 Rxb7 Qh4+ Bf2 Qd8 Bb6 Qc8 Rc7 Qd8 Qd4 Ba3
11	e4 e6 d4 d5 Nc3 Nf6 e5 Nfd7 f4 c5 Nf3 Nc6 Be3 cxd4 Nxd4 Qb6 Qd2 Qxb2 Rb1 Qa3 Bb5 Nxd4 Bxd4 a6 Bxd7+ Bxd7 Rb3 Qe7 Rxb7 Qh4+ Qf2
9	e4 e6 d4 d5 Nc3 Nf6 e5 Nfd7 f4 c5 Nf3 Nc6 Be3 cxd4 Nxd4 Qb6 Qd2 Qxb2 Rb1 Qa3 Bb5 Nxd4 Bxd4 a6 Bxd7+ Bxd7 Rb3 Qe7 Rxb7 Rc8 O-O
8	e4 e6 d4 d5 Nc3 Nf6 e5 Nfd7 f4 c5 Nf3 Nc6 Ne2 Be7
11	e4 e6 d4 d5 Nc3 Nf6 e5 Nfd7 f4 c5 Nf3 Qb6
11	e4 e6 d4 d5 Nc3 Nf6 e5 Nfd7 f4 c5 Nf3 a6 Be3
11	e4 e6 d4 d5 Nc3 Nf6 exd5 exd5
8	e4 e6 d4 d5 Nc3 a6 Nf3 Nf6
11	e4 e6 d4 d5 Nc3 dxe4 Nxe4 Bd7 Nf3 Bc6 Bd3 Nd7 O-O Ngf6 Ned2
16	e4 e6 d4 d5 Nc3 dxe4 Nxe4 Bd7 Nf3 Bc6 Bd3 Nd7 O-O Ngf6 Ng3 Be7
8	e4 e6 d4 d5 Nc3 dxe4 Nxe4 Bd7 Nf3 Bc6 Bd3 Nd7 O-O Ngf6 Ng3 g6 b3 Bg7 Ba3
9	e4 e6 d4 d5 Nc3 dxe4 Nxe4 Bd7 Nf3 Bc6 Bd3 Nd7 Qe2
9	e4 e6 d4 d5 Nc3 dxe4 Nxe4 Nd7 Bd3 Ngf6 Qe2 c5
8	e4 e6 d4 d5 Nc3 dxe4 Nxe4 Nd7 Nf3 Ngf6 Bd3 Nxe4 Bxe4 Nf6 Bg5
8	e4 e6 d4 d5 Nc3 dxe4 Nxe4 Nd7 Nf3 Ngf6 Bd3 c5 Nxf6+ Nxf6 Be3
10	e4 e6 d4 d5 Nc3 dxe4 Nxe4 Nd7 Nf3 Ngf6 Bd3 c5 O-O Nxe4 Bxe4 Nf6 Bg5 cxd4 Nxd4 Be7 Bf3 O-O Qd3
10	e4 e6 d4 d5 Nc3 dxe4 Nxe4 Nd7 Nf3 Ngf6 Bg5 h6 Nxf6+ Nxf6 Bh4 c5
8	e4 e6 d4 d5 Nc3 dxe4 Nxe4 Nd7 Nf3 Ngf6 Nxf6+ Nxf6 Bd3 c5 Be3 Qc7
10	e4 e6 d4 d5 Nc3 dxe4 Nxe4 Nd7 Nf3 Ngf6 Nxf6+ Nxf6 Be3 Bd6 Bd3 O-O Qe2 b6 O-O-O Bb7
9	e4 e6 d4 d5 Nc3 dxe4 Nxe4 Nd7 Nf3 Ngf6 Nxf6+ Nxf6 Be3 Nd5 Bd2 c5 Bb5+ Bd7 Bxd7+ Qxd7 c4 Nb6 Rc1
10	e4 e6 d4 d5 Nc3 dxe4 Nxe4 Nd7 Nf3 Ngf6 Nxf6+ Nxf6 Bg5 h6
13	e4 e6 d4 d5 Nc3 dxe4 Nxe4 Nd7 Nf3 Ngf6 Nxf6+ Nxf6 c3 Be7
8	e4 e6 d4 d5 Nc3 dxe4 Nxe4 Nd7 Nf3 Ngf6 Nxf6+ Nxf6 c3 c5 Be3 Qc7
12	e4 e6 d4 d5 Nc3 dxe4 Nxe4 Nd7 Nf3 Ngf6 Nxf6+ Nxf6 c3 c5 Ne5 a6 Be3 Qc7 Qa4+ Nd7
10	e4 e6 d4 d5 Nc3 dxe4 Nxe4 Nd7 Nf3 Ngf6 Nxf6+ Nxf6 g3 b6
9	e4 e6 d4 d5 Nc3 dxe4 Nxe4 Nd7 g3 Ngf6 Nxf6+
8	e4 e6 d4 d5 Nd2 Be7 Bd3 c5 dxc5 Nf6 Qe2 Nc6 Ngf3 Nb4
10	e4 e6 d4 d5 Nd2 Be7 Bd3 c5 dxc5 Nf6 Qe2 O-O Ngf3 a5 O-O Na6 e5 Nd7
14	e4 e6 d4 d5 Nd2 Be7 Ngf3 Nf6 Bd3 c5
14	e4 e6 d4 d5 Nd2 Be7 Ngf3 Nf6 e5 Nfd7 Bd3 c5 c3 Nc6 O-O
9	e4 e6 d4 d5 Nd2 Be7 c3 c5 dxc5
8	e4 e6 d4 d5 Nd2 Be7 e5 c5 Qg4
10	e4 e6 d4 d5 Nd2 Be7 e5 c5 c3
9	e4 e6 d4 d5 Nd2 Nc6 Ngf3 Nf6 e5 Nd7 Nb3
8	e4 e6 d4 d5 Nd2 Nf6 Bd3 c5 e5 Nfd7 c3 Nc6 Ne2 cxd4 cxd4 f6 exf6 Nxf6 O-O Bd6 Nf3
13	e4 e6 d4 d5 Nd2 Nf6 e5 Nfd7 Bd3 c5 c3 Nc6 Ne2 cxd4 cxd4 f6 exf6 Nxf6
12	e4 e6 d4 d5 Nd2 Nf6 e5 Nfd7 Bd3 c5 c3 Nc6 Ngf3
8	e4 e6 d4 d5 Nd2 Nf6 e5 Nfd7 c3 c5 Bd3 Nc6 Ne2 cxd4 cxd4 f6 exf6 Nxf6 Nf3
12	e4 e6 d4 d5 Nd2 Nf6 e5 Nfd7 f4 c5
13	e4 e6 d4 d5 Nd2 a6 Ngf3 c5 dxc5 Bxc5 Bd3
8	e4 e6 d4 d5 Nd2 a6 Ngf3 c5 exd5 exd5 dxc5 Bxc5 Nb3
8	e4 e6 d4 d5 Nd2 b6 Ngf3 Nf6
8	e4 e6 d4 d5 Nd2 c5 Ngf3 Nc6 exd5 exd5 Bb5 Bd6 dxc5 Bxc5 Nb3 Bd6
12	e4 e6 d4 d5 Nd2 c5 Ngf3 Nc6 exd5 exd5 Bb5 Bd6 dxc5 Bxc5 O-O Ne7 Nb3 Bd6
8	e4 e6 d4 d5 Nd2 c5 Ngf3 Nc6 exd5 exd5 Bb5 Qe7+ Be2 Nf6
8	e4 e6 d4 d5 Nd2 c5 Ngf3 Nc6 exd5 exd5 Bb5 cxd4
17	e4 e6 d4 d5 Nd2 c5 Ngf3 Nf6 e5 Nfd7 c3 Nc6 Bd3
10	e4 e6 d4 d5 Nd2 c5 Ngf3 Nf6 exd5 Nxd5
9	e4 e6 d4 d5 Nd2 c5 Ngf3 Nf6 exd5 exd5 Bb5+ Bd7 Bxd7+ Nbxd7 O-O Be7 dxc5 Nxc5 Re1 O-O Nf1
19	e4 e6 d4 d5 Nd2 c5 Ngf3 cxd4 Nxd4 Nc6 Bb5 Bd7 Nxc6 Bxc6 Bxc6+ bxc6 c4
9	e4 e6 d4 d5 Nd2 c5 Ngf3 cxd4 Nxd4 Nc6 Bb5 Bd7 Nxc6 bxc6 Bd3 Bd6 Qe2 Ne7
8	e4 e6 d4 d5 Nd2 c5 Ngf3 cxd4 Nxd4 Nc6 Bb5 Bd7 Nxc6 bxc6 Bd3 Bd6 Qe2 Qc7 Nf3
10	e4 e6 d4 d5 Nd2 c5 Ngf3 cxd4 Nxd4 Nc6 Bb5 Bd7 Nxc6 bxc6 Bd3 Qc7 Qe2 Ne7 Nf3 Ng6
8	e4 e6 d4 d5 Nd2 c5 Ngf3 cxd4 Nxd4 Nf6 e5 Nfd7 N2f3
13	e4 e6 d4 d5 Nd2 c5 Ngf3 cxd4 Nxd4 Nf6 exd5 Nxd5 N2f3 Bb4+ Bd2 O-O
9	e4 e6 d4 d5 Nd2 c5 Ngf3 cxd4 Nxd4 Nf6 exd5 Qxd5 Nb5 Na6 Nc3 Qd6
8	e4 e6 d4 d5 Nd2 c5 Ngf3 cxd4 Nxd4 Nf6 exd5 Qxd5 Nb5 Na6 Nc3 Qd8 a3 Be7
14	e4 e6 d4 d5 Nd2 c5 Ngf3 cxd4 exd5 Qxd5 Bc4 Qd6 O-O Nf6 Nb3 Nc6 Nbxd4 Nxd4 Nxd4 a6 Re1 Qc7
8	e4 e6 d4 d5 Nd2 c5 Ngf3 cxd4 exd5 Qxd5 Bc4 Qd7 O-O Nc6 Nb3 Nf6 Nbxd4
9	e4 e6 d4 d5 Nd2 c5 Ngf3 cxd4 exd5 Qxd5 Bc4 Qd8 O-O Nc6 Nb3 a6
10	e4 e6 d4 d5 Nd2 c5 exd5 Qxd5 Ngf3 cxd4 Bc4 Qd6 O-O Nf6 Nb3 Nc6 Nbxd4 Nxd4 Nxd4 Be7
8	e4 e6 d4 d5 Nd2 c5 exd5 Qxd5 Ngf3 cxd4 Bc4 Qd6 O-O Nf6 Nb3 Nc6 Nbxd4 Nxd4 Nxd4 a6 Re1 Qc7 Bf1 Be7 Qf3 O-O Bf4 Bd6 Bxd6 Qxd6 Rad1
8	e4 e6 d4 d5 Nd2 c5 exd5 Qxd5 Ngf3 cxd4 Bc4 Qd6 O-O Nf6 Nb3 Nc6 Nbxd4 Nxd4 Nxd4 a6 Re1 Qc7 Qe2
9	e4 e6 d4 d5 Nd2 c5 exd5 Qxd5 Ngf3 cxd4 Bc4 Qd6 O-O Nf6 Nb3 Nc6 Nbxd4 Nxd4 Qxd4
9	e4 e6 d4 d5 Nd2 c5 exd5 Qxd5 Ngf3 cxd4 Bc4 Qd7 O-O Nc6 Nb3 Nf6
8	e4 e6 d4 d5 Nd2 c5 exd5 Qxd5 Ngf3 cxd4 Bc4 Qd7 O-O Nc6 Nb3 a6 Nbxd4 Nxd4 Nxd4
14	e4 e6 d4 d5 Nd2 c5 exd5 Qxd5 Ngf3 cxd4 Bc4 Qd8 O-O
13	e4 e6 d4 d5 Nd2 c5 exd5 Qxd5 dxc5 Bxc5 Ngf3 Nf6 Bc4 Qc6 Qe2
10	e4 e6 d4 d5 Nd2 c5 exd5 Qxd5 dxc5 Nf6 Ngf3 Qxc5 Bd3 Be7 O-O
9	e4 e6 d4 d5 Nd2 c5 exd5 Qxd5 dxc5 Nf6 Ngf3 Qxc5 Bd3 Nbd7 O-O Qc7
11	e4 e6 d4 d5 Nd2 c5 exd5 Qxd5 dxc5 Qxc5 Ngf3 Nf6 Bd3
8	e4 e6 d4 d5 Nd2 c5 exd5 exd5 Bb5+ Bd7 Qe2+ Be7 dxc5 Nf6 Nb3 O-O
12	e4 e6 d4 d5 Nd2 c5 exd5 exd5 Bb5+ Nc6 Ngf3
9	e4 e6 d4 d5 Nd2 c5 exd5 exd5 Ngf3 Nc6 Bb5 Bd6 O-O
8	e4 e6 d4 d5 Nd2 c5 exd5 exd5 Ngf3 Nc6 Bb5 Bd6 dxc5 Bxc5 O-O Ne7 Nb3 Bd6 Re1 O-O Bg5
10	e4 e6 d4 d5 Nd2 c5 exd5 exd5 Ngf3 Nf6 Bb5+ Bd7 Bxd7+ Nbxd7 O-O Be7 dxc5 Nxc5 Nb3 Nce4
8	e4 e6 d4 d5 Nd2 c5 exd5 exd5 Ngf3 Nf6 Bb5+ Bd7 Bxd7+ Nbxd7 O-O Be7 dxc5 Nxc5 Nd4 Qd7 N2f3 O-O
8	e4 e6 d4 d5 Nd2 c5 exd5 exd5 Ngf3 a6
12	e4 e6 d4 d5 Nd2 dxe4 Nxe4 Bd7 Nf3 Bc6 Bd3 Nd7 O-O Ngf6
8	e4 e6 d4 d5 Nd2 dxe4 Nxe4 Nd7 Nf3 Ngf6 Bd3 c5
9	e4 e6 d4 d5 Nd2 dxe4 Nxe4 Nd7 Nf3 Ngf6 Nxf6+ Nxf6 Be3
10	e4 e6 d4 d5 Nd2 dxe4 Nxe4 Nd7 Nf3 Ngf6 Nxf6+ Nxf6 c3 c5
9	e4 e6 d4 d5 Nd2 dxe4 Nxe4 Nd7 Nf3 Ngf6 Nxf6+ Nxf6 g3
10	e4 e6 d4 d5 Nd2 dxe4 Nxe4 Nd7 g3
10	e4 e6 d4 d5 Nd2 h6 Ngf3 Nf6
8	e4 e6 d4 d5 e5 c5 c3 Bd7 Nf3 Nc6
10	e4 e6 d4 d5 e5 c5 c3 Bd7 Nf3 Qb6 Bd3
8	e4 e6 d4 d5 e5 c5 c3 Nc6 Nf3 Bd7 Bd3
9	e4 e6 d4 d5 e5 c5 c3 Nc6 Nf3 Bd7 Be2 Nge7 Na3 cxd4 cxd4 Nf5 Nc2 Be7
8	e4 e6 d4 d5 e5 c5 c3 Nc6 Nf3 Bd7 Be2 Nge7 Na3 cxd4 cxd4 Nf5 Nc2 Qb6
8	e4 e6 d4 d5 e5 c5 c3 Nc6 Nf3 Bd7 Be2 Nge7 O-O Nf5 dxc5 Bxc5 Bd3
8	e4 e6 d4 d5 e5 c5 c3 Nc6 Nf3 Bd7 Be2 Nge7 O-O Ng6 Be3 Be7
8	e4 e6 d4 d5 e5 c5 c3 Nc6 Nf3 Bd7 Be2 Nge7 O-O Ng6 g3
11	e4 e6 d4 d5 e5 c5 c3 Nc6 Nf3 Bd7 Be2 Nge7 O-O cxd4 cxd4 Nf5 Nc3
13	e4 e6 d4 d5 e5 c5 c3 Nc6 Nf3 Bd7 Be2 Rc8 O-O
17	e4 e6 d4 d5 e5 c5 c3 Nc6 Nf3 Bd7 Be2 f6 O-O fxe5 Nxe5 Nxe5 dxe5 Qc7
9	e4 e6 d4 d5 e5 c5 c3 Nc6 Nf3 Bd7 a3
9	e4 e6 d4 d5 e5 c5 c3 Nc6 Nf3 Nge7 Bd3 cxd4 cxd4 Nf5
10	e4 e6 d4 d5 e5 c5 c3 Nc6 Nf3 Nge7 Na3
13	e4 e6 d4 d5 e5 c5 c3 Nc6 Nf3 Nh6
8	e4 e6 d4 d5 e5 c5 c3 Nc6 Nf3 Qb6 Be2 cxd4 cxd4 Nge7 Na3 Nf5 Nc2 Bd7
8	e4 e6 d4 d5 e5 c5 c3 Nc6 Nf3 Qb6 Be2 cxd4 cxd4 Nh6 Bxh6 Qxb2
8	e4 e6 d4 d5 e5 c5 c3 Nc6 Nf3 Qb6 Na3 cxd4 cxd4
9	e4 e6 d4 d5 e5 c5 c3 Nc6 Nf3 Qb6 a3 Bd7 b4 cxd4 cxd4 Rc8 Bb2
8	e4 e6 d4 d5 e5 c5 c3 Nc6 Nf3 Qb6 a3 Bd7 b4 cxd4 cxd4 Rc8 Be3
8	e4 e6 d4 d5 e5 c5 c3 Nc6 Nf3 Qb6 a3 Nh6 Bd3
11	e4 e6 d4 d5 e5 c5 c3 Nc6 Nf3 Qb6 a3 Nh6 b4 cxd4 cxd4 Nf5 Bb2
9	e4 e6 d4 d5 e5 c5 c3 Nc6 Nf3 Qb6 a3 c4 Nbd2 Na5 Be2 Bd7 O-O
12	e4 e6 d4 d5 e5 c5 c3 Nc6 Nf3 Qb6 a3 c4 Nbd2 Na5 Rb1 Bd7
9	e4 e6 d4 d5 e5 c5 c3 Nc6 Nf3 Qb6 a3 c4 Nbd2 Na5 g3 Bd7
8	e4 e6 d4 d5 e5 c5 c3 Nc6 Nf3 Qb6 a3 f6
8	e4 e6 d4 d5 e5 c5 c3 Qb6 Nf3 Bd7 Bd3
13	e4 e6 d4 d5 e5 c5 c3 Qb6 Nf3 Bd7 Be2
8	e4 e6 d4 d5 e5 c5 c3 Qb6 Nf3 Bd7 a3 a5
11	e4 e6 d4 d5 e5 c5 c3 Qb6 Nf3 Nc6 Be2 cxd4 cxd4
9	e4 e6 d4 d5 e5 c5 c3 Qb6 Nf3 Nc6 a3 Nh6
9	e4 e6 d4 d5 e5 c5 c3 Qb6 Nf3 Nc6 a3 c4 Nbd2 Na5
18	e4 e6 d4 d5 exd5 exd5 Bd3
8	e4 e6 d4 d5 exd5 exd5 Nf3 Bd6 Bd3 Ne7
9	e4 e6 d4 d5 exd5 exd5 Nf3 Bd6 c4 Nf6 Nc3 O-O cxd5
15	e4 e6 d4 d5 exd5 exd5 Nf3 Bd6 c4 Nf6 c5 Be7
8	e4 e6 d4 d5 exd5 exd5 Nf3 Bd6 c4 dxc4 Bxc4 Nf6
9	e4 e6 d4 d5 exd5 exd5 Nf3 Nc6 Bb5 Bd6
12	e4 e6 d4 d5 exd5 exd5 Nf3 Nc6 Bd3
10	e4 e6 d4 d5 exd5 exd5 Nf3 Nf6 Bd3 Bd6 O-O O-O Bg5 Bg4 Nbd2 Nbd7
8	e4 e6 d4 d5 exd5 exd5 Nf3 Nf6 Bd3 Bd6 Qe2+ Be6 Ng5 Qe7 Nxe6
11	e4 e6 d4 d5 exd5 exd5 Nf3 Nf6 Bd3 Bd6 Qe2+ Qe7 Qxe7+
11	e4 e6 d4 d5 exd5 exd5 Nf3 Nf6 Bd3 c5
8	e4 e6 f4 d5 e5 c5 Nf3
10	e4 g6 Nc3 Bg7 d4
17	e4 g6 Nf3 Bg7 d4 d6
9	e4 g6 d4 Bg7 Be3 d6
13	e4 g6 d4 Bg7 Nc3 a6 Be3
9	e4 g6 d4 Bg7 Nc3 a6 f4
9	e4 g6 d4 Bg7 Nc3 a6 h4
10	e4 g6 d4 Bg7 Nc3 c5
8	e4 g6 d4 Bg7 Nc3 c6 Bc4 d6
11	e4 g6 d4 Bg7 Nc3 c6 Be3 d5
9	e4 g6 d4 Bg7 Nc3 c6 Nf3 d5 h3 dxe4 Nxe4
8	e4 g6 d4 Bg7 Nc3 c6 Nf3 d6 Be3 Nf6
8	e4 g6 d4 Bg7 Nc3 c6 Nf3 d6 a4
8	e4 g6 d4 Bg7 Nc3 c6 f4 d5 e5 Nh6 Nf3 O-O
12	e4 g6 d4 Bg7 Nc3 c6 f4 d5 e5 h5
8	e4 g6 d4 Bg7 Nc3 c6 h3 d6
11	e4 g6 d4 Bg7 Nc3 d6 Be3 Nf6
8	e4 g6 d4 Bg7 Nc3 d6 Be3 a6 Nf3
10	e4 g6 d4 Bg7 Nc3 d6 Be3 a6 Qd2 Nd7
9	e4 g6 d4 Bg7 Nc3 d6 Be3 a6 Qd2 b5 h4
12	e4 g6 d4 Bg7 Nc3 d6 Be3 a6 a4
9	e4 g6 d4 Bg7 Nc3 d6 Be3 a6 g4
12	e4 g6 d4 Bg7 Nc3 d6 Be3 a6 h4
9	e4 g6 d4 Bg7 Nc3 d6 Be3 c6 Qd2
8	e4 g6 d4 Bg7 Nc3 d6 Bg5
12	e4 g6 d4 Bg7 Nc3 d6 Nf3 Nf6
8	e4 g6 d4 Bg7 Nc3 d6 Nf3 a6 Be2 b5
14	e4 g6 d4 Bg7 Nc3 d6 f4 Nf6 Nf3 O-O Bd3
8	e4 g6 d4 Bg7 Nc3 d6 f4 Nf6 Nf3 c5
11	e4 g6 d4 Bg7 Nc3 d6 f4 a6 Nf3 b5 Bd3
8	e4 g6 d4 Bg7 Nc3 d6 h4
19	e4 g6 d4 Bg7 Nf3 c6
8	e4 g6 d4 Bg7 Nf3 d6 Bc4 Nf6 Qe2 O-O O-O
8	e4 g6 d4 Bg7 Nf3 d6 Bc4 Nf6 Qe2 O-O e5 dxe5 dxe5 Nd5 h3
9	e4 g6 d4 Bg7 Nf3 d6 Bc4 e6 Bb3
8	e4 g6 d4 Bg7 Nf3 d6 Bd3 Nc6
8	e4 g6 d4 Bg7 Nf3 d6 Bd3 Nf6 O-O O-O
9	e4 g6 d4 Bg7 Nf3 d6 Be2 Nf6 Nc3 O-O O-O Nc6
12	e4 g6 d4 Bg7 Nf3 d6 Be3
9	e4 g6 d4 Bg7 Nf3 d6 Nc3 Nf6
12	e4 g6 d4 Bg7 Nf3 d6 c3 Nf6 Bd3 O-O O-O
9	e4 g6 d4 Bg7 Nf3 d6 h3
10	e4 g6 d4 Bg7 c3 d6 Bd3
8	e4 g6 d4 Bg7 c3 d6 Nf3 Nf6 Bd3 O-O O-O
16	e4 g6 d4 Bg7 c4 d6 Nc3
8	e4 g6 d4 Nf6 Nc3 d5 e5 Ne4
8	e4 g6 d4 Nf6 e5 Nh5 Be2 d6
8	e4 g6 d4 c6
15	e4 g6 d4 d6 Nc3 Bg7 Be3 a6
17	e4 g6 d4 d6 Nc3 c6
10	e4 g6 d4 d6 Nf3 Nf6
9	e4 g6 h4 Bg7 h5
9	f3
8	f4 Nf6 Nf3
8	f4 d5 Nf3 Nf6 g3 g6 Bg2 Bg7 O-O O-O d3
9	f4 d5 Nf3 g6 g3 Bg7 Bg2 Nf6 O-O
9	f4 g6
8	g3 Nf6 Bg2 d5 Nf3 e6 O-O
13	g3 Nf6 Bg2 d5 d3
8	g3 Nf6 Bg2 g6 e4 d6 d4 Bg7
8	g3 c5 Bg2 Nc6 c4 g6 Nc3 Bg7
11	g3 c5 Bg2 Nc6 e4 g6
15	g3 c5 Bg2 g6
13	g3 d5 Bg2 Nf6 Nf3
17	g3 d5 Bg2 Nf6 d3
9	g3 d5 Bg2 c6 Nf3 Bg4
8	g3 d5 Bg2 c6 d3 Nf6 Nd2
11	g3 d5 Bg2 e5 d3 Nc6
10	g3 d5 Bg2 e5 d3 Nf6 Nf3 Bd6 O-O O-O
8	g3 d5 Bg2 e5 d3 Nf6 Nf3 Nc6
12	g3 d5 Bg2 g6
8	g3 d5 Nf3 Bg4 Bg2
10	g3 d5 Nf3 Nf6 Bg2 c6 O-O
8	g3 d5 Nf3 Nf6 Bg2 e6
14	g3 d5 Nf3 c6 Bg2
8	g3 d5 Nf3 g6 Bg2 Bg7 d4
10	g3 e5 Bg2 Nf6 d3
12	g3 e5 Bg2 d5 d3
8	g3 e5 c4 Nc6
16	g3 e5 c4 Nf6 Bg2
16	g3 g6 Bg2 Bg7 c4
14	g3 g6 Bg2 Bg7 d4
9	g3 g6 Bg2 Bg7 e4
10	g4 d5 Bg2
8	h3 d5 Nf3
8	h3 d5 d4
12	h4 d5 d4
